Frame,Feature_ID,X,Y,Vx,Vy
38,0,412.0002,315.52023,-3.19458,-0.23950195
41,0,407.40002,315.08978,-2.2626648,-0.23449707
45,0,401.93912,314.39484,-2.377472,-0.30825806
67,0,389.0994,313.98962,-5.570282,-0.36068726
74,0,377.4439,313.97687,-5.903656,0.018554688
75,0,375.43036,313.90912,-2.0135498,-0.06774902
76,0,373.29272,313.81256,-2.1376343,-0.09655762
77,0,371.17868,313.73776,-2.1140442,-0.074798584
78,0,368.9957,313.71533,-2.1829834,-0.02243042
79,0,366.88174,313.8013,-2.1139526,0.08596802
80,0,364.68903,313.8931,-2.1927185,0.091796875
81,0,355.47897,314.3226,-9.2100525,0.4295044
81,3,239.52448,349.1409,-0.40097046,-2.2350159
82,0,352.90527,314.41074,-2.5737,0.088134766
83,0,350.3201,314.43124,-2.5851746,0.020507812
84,0,347.63037,314.48074,-2.6897278,0.04949951
85,0,344.82074,314.5452,-2.8096313,0.064453125
86,0,341.9128,314.62158,-2.9079285,0.0763855
87,0,338.93256,314.62405,-2.9802551,0.0024719238
88,0,328.42374,314.7848,-10.50882,0.16073608
88,3,226.26501,349.1361,-12.618408,5.47641
89,0,325.47128,314.78555,-2.9524536,0.00076293945
90,0,322.51343,314.83316,-2.9578552,0.047607422
91,0,320.14493,314.96378,-2.3684998,0.13061523
92,0,317.99042,315.05106,-2.1545105,0.08728027
93,0,315.8707,315.11353,-2.1197205,0.062469482
94,0,313.84955,315.17944,-2.0211487,0.06591797
95,0,307.87708,315.39722,-5.972473,0.21777344
95,3,220.85008,346.31467,-3.1633453,0.46517944
109,0,321.80627,313.73248,7.943756,-0.56036377
109,3,232.54701,341.19876,9.303299,-3.5258484
111,0,326.24222,313.27017,2.45932,-0.3010254
116,0,340.56393,313.25092,7.8999634,-0.1305542
116,3,233.69934,349.5624,-0.39311218,5.7738953
119,0,346.5674,313.11642,2.030487,-0.0121154785
120,0,348.60727,313.10504,2.039856,-0.011383057
121,0,350.6155,313.07663,2.0082397,-0.028411865
123,0,358.69498,312.99677,6.08609,-0.06613159
124,0,360.7423,312.97327,2.0473328,-0.023498535
125,0,365.04224,313.03122,4.2999268,0.05795288
126,0,367.2606,313.05136,2.2183533,0.020141602
127,0,377.2824,313.13446,10.02182,0.083099365
128,0,380.0232,313.26526,2.7407837,0.13079834
129,0,382.92538,313.3605,2.9021912,0.09524536
131,0,386.06763,313.50543,3.1422424,0.14492798
132,0,389.23996,313.65793,3.1723328,0.15249634
133,0,407.7112,315.38312,18.471252,1.7251892
134,0,411.79123,315.7789,4.080017,0.39578247
135,0,416.00693,316.32413,4.2156982,0.54522705
136,0,420.2302,316.7141,4.2232666,0.38998413
138,0,440.14914,318.568,19.918945,1.8538818
139,0,443.65564,319.31357,3.5065002,0.74557495
140,0,450.8754,320.59946,7.219757,1.2858887
141,0,454.1712,321.30548,3.295807,0.70602417
142,0,457.29437,321.83954,3.123169,0.5340576
143,0,460.0773,322.38168,2.7829285,0.5421448
145,0,467.01556,323.55103,6.938263,1.169342
153,0,461.41907,322.10886,-5.417633,-1.3600159
155,0,457.51425,321.26263,-2.0335388,-0.44711304
156,0,455.3681,320.81735,-2.1461487,-0.44528198
157,0,453.24405,320.4296,-2.124054,-0.38775635
158,0,451.19315,320.139,-2.0509033,-0.29058838
159,0,443.46716,318.66553,-7.7259827,-1.4734802
198,1,180.60454,171.79167,2.6326752,-0.92832947
207,1,182.9966,171.92479,2.4145966,-0.52879333
207,4,172.09218,151.53021,1.9741211,-0.67181396
209,1,187.14099,172.54424,2.5406647,0.85279846
210,1,189.08717,172.06335,1.9461823,-0.48088074
211,1,191.0482,171.58363,1.961029,-0.47972107
212,1,197.78046,170.54776,6.732254,-1.0358734
212,2,196.37283,150.49832,4.9960938,-0.5987091
212,4,193.51927,147.14317,14.266708,-2.646759
213,1,200.54605,170.55154,2.7655945,0.0037841797
213,2,199.0406,150.21759,2.6677704,-0.2807312
213,4,196.15651,146.83707,2.6372375,-0.30610657
214,1,203.44934,170.49799,2.9032898,-0.05355835
214,4,198.9546,146.50797,2.7980957,-0.32910156
215,1,210.19609,170.65765,6.74675,0.15966797
215,4,195.68869,153.84305,-3.265915,7.335083
216,1,213.62077,170.75372,3.4246826,0.096069336
216,4,199.05348,153.62639,3.3647919,-0.21665955
217,1,216.97762,170.6992,3.356842,-0.054519653
217,2,203.85912,149.749,2.7077026,-0.33195496
217,4,201.92973,153.37804,2.8762512,-0.24835205
218,1,220.05792,170.49146,3.080307,-0.20774841
218,2,206.81088,149.49934,2.951767,-0.24964905
218,4,204.98332,153.13556,3.0535889,-0.24247742
219,1,228.41055,169.67247,8.352631,-0.818985
219,2,215.02643,148.68866,8.215546,-0.8106842
219,4,213.16528,152.29997,8.181961,-0.83558655
220,4,215.29971,152.24239,2.13443,-0.05758667
225,1,230.93747,161.8784,0.6940613,-2.9080505
225,2,225.0492,148.10202,3.199112,-0.19932556
225,4,223.72311,152.20642,3.2504272,-0.14624023
226,1,235.79025,160.91765,4.852783,-0.9607544
226,2,230.0957,148.17355,5.046509,0.0715332
226,4,228.94386,152.14119,5.220749,-0.06523132
228,4,232.55646,152.02238,2.1256256,-0.036880493
230,4,236.44955,151.91333,2.0090027,-0.05810547
231,1,244.5636,159.77264,2.3184814,-0.10972595
231,2,239.37325,147.83804,2.1863098,-0.18321228
231,4,238.80338,151.8971,2.3538208,-0.016235352
232,1,247.12811,159.70232,2.5645142,-0.07032776
232,2,241.56006,147.57881,2.1868134,-0.25923157
232,4,241.34264,151.86794,2.5392609,-0.029159546
233,0,454.84796,318.90793,2.9111328,0.3302002
233,1,260.57428,159.27489,13.446167,-0.4274292
233,2,253.29181,146.91658,11.7317505,-0.66223145
233,4,254.22054,151.5928,12.877899,-0.27513123
234,1,264.11526,159.04655,3.540985,-0.22833252
234,2,256.48206,146.60876,3.1902466,-0.30781555
234,4,257.52362,151.46355,3.3030853,-0.1292572
235,1,267.7812,158.78394,3.665924,-0.26261902
235,2,259.31287,146.46565,2.8308105,-0.14311218
235,3,239.9005,358.10675,2.0691223,0.12054443
235,4,260.57764,151.28983,3.054016,-0.17372131
236,1,271.7728,158.62695,3.9916077,-0.15698242
236,2,262.7757,146.29175,3.4628296,-0.17390442
236,3,242.69286,358.00964,2.7923584,-0.09710693
236,4,264.07538,151.14627,3.4977417,-0.14355469
237,1,276.10193,158.59373,4.329132,-0.033218384
237,2,266.6759,146.25389,3.9002075,-0.037857056
237,3,245.74548,357.65427,3.0526276,-0.3553772
237,4,267.98352,151.1315,3.908142,-0.014770508
238,1,280.67526,158.66118,4.5733337,0.06744385
238,2,270.83423,146.3062,4.158325,0.05230713
238,3,249.00185,357.36557,3.256363,-0.2886963
238,4,272.17307,151.24657,4.1895447,0.11506653
239,0,462.67316,319.94745,3.4878845,0.4512024
239,1,295.39545,158.86847,14.720184,0.20729065
239,2,288.27164,146.26736,17.437408,-0.03883362
239,3,266.15878,355.4739,17.156937,-1.8916626
239,4,289.70673,151.88908,17.53366,0.6425171
240,1,300.05167,158.80319,4.6562195,-0.0652771
240,2,292.50787,146.09068,4.2362366,-0.17668152
240,3,270.59787,355.83994,4.439087,0.36602783
240,4,294.0446,151.82613,4.33786,-0.06295776
241,1,304.49615,158.61528,4.4444885,-0.18791199
241,2,296.4368,145.74895,3.9289246,-0.34173584
241,3,274.8596,356.3134,4.2617188,0.4734497
241,4,298.06726,151.70883,4.0226746,-0.11729431
242,1,308.8713,158.5169,4.3751526,-0.09837341
242,2,300.24902,145.51562,3.8122253,-0.23332214
242,3,278.92117,356.7105,4.0615845,0.39712524
242,4,301.90237,151.52968,3.8351135,-0.17915344
243,1,313.37335,158.49963,4.5020447,-0.01727295
243,2,304.3932,145.37595,4.144165,-0.13967896
243,3,283.25638,357.31824,4.335205,0.60772705
243,4,306.0668,151.4059,4.1644287,-0.1237793
244,1,317.8176,158.59502,4.4442444,0.09538269
244,2,308.39178,145.3793,3.9985962,0.0033569336
244,3,287.49176,357.75595,4.235382,0.43771362
244,4,310.07364,151.38051,4.006836,-0.025390625
245,0,469.2078,321.12595,2.7302246,0.5248413
245,1,333.10876,157.3705,15.291168,-1.2245178
245,2,323.66315,144.57448,15.271362,-0.8048248
245,3,304.3239,359.1609,16.832153,1.4049377
245,4,325.38925,150.5149,15.315613,-0.86561584
246,1,337.20145,157.0539,4.092682,-0.3166046
246,2,327.76657,144.44629,4.103424,-0.12818909
246,3,308.55997,359.42294,4.2360535,0.26205444
246,4,329.4789,150.30049,4.0896606,-0.21440125
247,1,341.46143,156.73357,4.2599792,-0.32032776
247,2,332.21002,144.26813,4.443451,-0.17816162
247,3,313.00748,359.61588,4.44751,0.19293213
247,4,333.86813,150.10477,4.389221,-0.19572449
248,1,345.88443,156.44084,4.423004,-0.2927246
248,2,336.56433,143.93385,4.354309,-0.3342743
248,3,317.61703,359.71762,4.609558,0.101745605
248,4,338.26154,149.7184,4.393402,-0.3863678
249,1,350.3534,156.00111,4.4689636,-0.43972778
249,2,341.09564,143.65027,4.531311,-0.2835846
249,3,322.76453,359.85696,5.1474915,0.13934326
249,4,342.74982,149.43416,4.4882812,-0.28424072
250,1,354.8295,155.70157,4.4761047,-0.2995453
250,2,345.56036,143.4898,4.4647217,-0.16046143
250,3,327.73315,359.93912,4.968628,0.08215332
250,4,347.21222,149.21533,4.4624023,-0.2188263
251,1,359.51437,155.42917,4.6848755,-0.2723999
251,2,350.25446,143.30219,4.694092,-0.18762207
251,3,332.78928,360.07675,5.056122,0.13763428
251,4,351.8955,148.9921,4.6832886,-0.22323608
252,1,378.37357,155.04872,18.859192,-0.3804474
252,2,366.79263,143.24808,16.538177,-0.054107666
252,3,352.55988,360.55313,19.7706,0.4763794
252,4,368.45035,148.72052,16.55484,-0.27157593
253,1,382.86395,154.53203,4.490387,-0.5166931
253,2,371.2886,143.42033,4.4959717,0.17225647
253,3,356.38348,360.90103,3.8236084,0.3479004
253,4,372.79688,148.9569,4.346527,0.2363739
254,1,386.30377,153.08273,3.4398193,-1.449295
254,2,375.75482,143.57169,4.466217,0.15135193
254,3,359.97598,361.0836,3.5924988,0.18255615
254,4,377.1509,149.02869,4.3540344,0.0717926
255,1,389.07684,152.08826,2.7730713,-0.9944763
255,2,379.6745,143.50043,3.9196777,-0.071258545
255,3,363.86157,361.0183,3.8855896,-0.0652771
255,4,381.00497,148.95474,3.854065,-0.07394409
256,1,391.75507,151.03299,2.6782227,-1.0552673
256,2,383.2483,143.40599,3.5737915,-0.094436646
256,3,367.35147,360.83932,3.4898987,-0.1789856
256,4,384.58838,148.79044,3.5834045,-0.16430664
257,1,394.33035,150.06668,2.5752869,-0.9663086
257,2,386.614,143.27583,3.3657227,-0.13015747
257,3,370.5351,360.7119,3.1836243,-0.12741089
257,4,388.01193,148.60616,3.4235535,-0.1842804
258,1,397.97168,149.11487,3.641327,-0.95181274
258,2,399.9756,145.20683,13.361572,1.9309998
258,3,382.19897,363.60297,11.663879,2.8910522
258,4,401.51242,150.49799,13.500488,1.8918304
259,1,400.63187,149.63644,2.6601868,0.5215759
259,2,402.54337,145.32634,2.5677795,0.119506836
259,3,384.90045,364.55115,2.701477,0.94818115
259,4,403.75378,150.87355,2.2413635,0.37556458
260,1,403.07767,150.05032,2.4458008,0.4138794
260,2,404.92722,145.46294,2.38385,0.13659668
260,3,387.2883,365.28235,2.387848,0.7312012
260,4,406.0286,151.17586,2.2748108,0.30230713
261,1,405.67728,150.36751,2.5996094,0.31718445
261,2,407.42664,145.4464,2.4994202,-0.016540527
261,3,389.58643,365.92105,2.2981262,0.6387024
261,4,408.44543,151.37703,2.4168396,0.20117188
262,1,408.2194,150.71922,2.5421143,0.3517151
262,2,409.9647,145.55447,2.5380554,0.108078
262,3,391.86142,366.4868,2.274994,0.56573486
262,4,410.8672,151.66968,2.421753,0.29264832
263,1,410.77847,151.15395,2.559082,0.4347229
263,2,412.54868,145.66632,2.5839844,0.111846924
263,3,394.62286,367.12537,2.761444,0.6385803
263,4,413.34534,152.0292,2.4781494,0.3595276
264,1,413.4726,151.69809,2.6941223,0.5441437
264,2,414.9999,145.85364,2.451233,0.1873169
264,3,397.22485,367.90244,2.6019897,0.7770691
264,4,415.85327,152.5144,2.5079346,0.48519897
265,1,415.8852,152.29817,2.4125977,0.6000824
265,3,399.85464,368.3897,2.6297913,0.48727417
265,4,418.24774,153.09294,2.3944702,0.578537
266,1,419.7225,153.563,3.8373108,1.2648315
266,2,420.6851,146.9973,4.4721985,0.52490234
266,3,404.0048,368.40854,4.1501465,0.018829346
266,4,422.03452,154.34511,3.7867737,1.2521667
269,3,398.96906,368.449,-2.3414612,0.1463623
270,3,396.16086,368.68408,-2.808197,0.2350769
271,1,413.0186,153.67809,-2.705017,0.026519775
271,2,414.75784,146.85959,-2.3573914,-0.35653687
271,3,392.5967,369.07724,-3.564148,0.39315796
271,4,415.3999,154.5232,-2.6851501,0.035095215
272,1,409.5047,153.81857,-3.5138855,0.14048767
272,2,411.76923,147.44925,-2.988617,0.58966064
272,3,388.29047,369.38318,-4.306244,0.30593872
272,4,411.95145,154.66513,-3.4484558,0.14193726
273,0,468.18695,320.70926,-3.8431396,-1.0015869
273,1,389.42334,157.72903,-20.08136,3.9104614
273,2,389.88913,154.49374,-21.880096,7.0444946
273,3,359.26215,368.15115,-29.02832,-1.2320251
273,4,391.5115,158.87242,-20.439941,4.2072906
274,1,383.8241,159.23546,-5.599243,1.506424
274,2,384.7178,156.14313,-5.1713257,1.6493835
274,3,350.25485,367.01624,-9.007294,-1.1349182
274,4,385.84366,160.8928,-5.6678467,2.0203857
275,1,376.38422,162.90697,-7.4398804,3.6715088
275,2,378.52188,159.15742,-6.195923,3.0142975
275,3,339.82983,366.06644,-10.425018,-0.9497986
275,4,379.01874,162.78275,-6.8249207,1.8899384
276,1,368.08524,166.70914,-8.298981,3.8021698
276,2,370.29852,164.07384,-8.223358,4.9164124
276,3,328.45935,365.21655,-11.370483,-0.84988403
276,4,371.54504,166.92433,-7.473694,4.1415863
277,1,357.8322,174.14682,-10.253021,7.437683
277,2,363.69904,168.30971,-6.5994873,4.2358704
277,3,316.60114,364.3517,-11.858215,-0.86483765
277,4,364.47604,171.65251,-7.0690002,4.72818
278,1,345.68237,190.32298,-12.149841,16.176163
278,2,355.91577,174.08667,-7.783264,5.7769623
278,3,303.77356,363.62988,-12.827576,-0.7218323
278,4,355.73007,178.66818,-8.745972,7.015671
279,1,339.94775,197.985,-5.734619,7.662018
279,2,345.2263,186.2318,-10.689484,12.145126
279,3,290.62253,363.16174,-13.1510315,-0.46813965
279,4,344.82626,191.60323,-10.903809,12.935043
280,1,333.60477,204.9459,-6.342987,6.960907
280,2,337.87387,199.55594,-7.352417,13.324142
280,3,278.5833,362.77377,-12.039215,-0.38796997
280,4,337.51013,206.22304,-7.3161316,14.619812
281,0,456.49936,318.56815,-3.4118958,-0.4355774
281,1,317.23938,269.87485,-16.365387,64.92894
281,2,333.20218,203.65746,-4.671692,4.1015167
281,3,253.38245,345.03952,-25.200867,-17.734253
281,4,333.59747,207.73589,-3.9126587,1.5128479
282,2,241.08124,343.7373,-12.3012085,-1.3022156
283,2,231.25922,343.13962,-9.8220215,-0.59768677
284,2,216.61848,342.99857,-14.640732,-0.14105225
285,2,204.02568,339.10175,-12.592804,-3.89682
286,2,192.44829,336.8274,-11.577393,-2.274353
287,2,175.7874,367.70767,-16.660889,30.88028
305,1,332.43185,205.83305,2.001892,0.48950195
305,2,178.31593,367.61185,3.7739716,-0.15634155
305,3,333.1138,208.94418,2.0509338,0.26060486
306,2,185.78468,378.36926,7.46875,10.757416
307,2,192.0721,380.54105,6.2874146,2.1717834
308,2,201.04587,383.23386,8.97377,2.69281
309,2,211.12581,386.74777,10.079941,3.513916
310,2,221.62999,390.3321,10.504181,3.58432
312,0,463.96085,319.86435,2.843048,0.3178711
312,1,338.73022,206.53885,2.332611,0.42521667
312,2,239.74146,394.65186,18.111465,4.319763
312,3,339.42783,209.59647,2.3702393,0.3880005
313,2,249.79298,394.70102,10.051529,0.04916382
314,2,270.68082,393.5498,20.887833,-1.1512146
315,2,280.70798,392.46115,10.027161,-1.0886536
316,2,291.04373,391.20245,10.335754,-1.2586975
317,2,299.8585,389.294,8.814758,-1.9084473
319,1,344.95175,204.73256,2.5712585,-1.0010986
319,2,335.05246,379.39587,35.19397,-9.898132
319,3,345.68185,207.32742,2.6278076,-1.3940735
320,2,337.24396,377.5165,2.1914978,-1.879364
321,1,346.86072,201.38684,1.0182495,-1.9480438
321,2,338.817,375.40985,1.5730286,-2.106659
322,1,348.4089,198.90988,1.5481873,-2.4769592
322,2,339.80933,372.89526,0.9923401,-2.5145874
322,3,348.75345,201.75137,1.5153809,-2.5880127
323,1,349.78314,196.48192,1.3742371,-2.4279633
323,2,340.57278,370.21948,0.76345825,-2.6757812
323,3,350.14557,199.21532,1.3921204,-2.5360565
324,0,456.42035,317.36844,-4.075226,-0.8041382
324,1,352.2619,192.00177,2.4787598,-4.4801483
324,2,342.23114,365.278,1.6583557,-4.9414673
324,3,352.63477,194.70221,2.4891968,-4.5131073
326,0,444.90173,316.14902,-11.518616,-1.2194214
326,1,360.06677,177.66003,7.8048706,-14.341736
326,2,346.54398,360.77374,4.3128357,-4.5042725
326,3,360.57825,179.9716,7.9434814,-14.730606
327,0,441.71088,315.99496,-3.190857,-0.15405273
327,1,361.23795,175.8565,1.1711731,-1.8035278
327,3,361.75244,178.288,1.1741943,-1.683609
328,0,438.575,315.91058,-3.1358643,-0.0843811
329,0,436.06726,315.9061,-2.5077515,-0.004486084
330,0,429.4281,316.11703,-6.63916,0.2109375
331,0,426.80347,316.23782,-2.6246338,0.120788574
332,0,423.65494,316.38773,-3.148529,0.14990234
333,0,413.84973,316.9794,-9.805206,0.5916748
333,1,354.1987,171.74974,-9.471985,2.6926575
333,2,341.99338,351.0935,-7.973419,-8.825104
333,3,355.03378,174.77557,-9.672913,2.9183655
334,1,348.76962,174.82939,-5.429077,3.0796509
334,2,335.2675,347.61874,-6.725891,-3.474762
334,3,349.27783,178.77573,-5.755951,4.0001526
335,1,341.6449,180.25217,-7.1247253,5.4227753
335,2,326.7099,343.45566,-8.557587,-4.163086
335,3,341.8497,185.1867,-7.428131,6.41098
336,1,330.80295,193.56436,-10.841949,13.312195
336,2,317.65692,339.57886,-9.0529785,-3.8768005
336,3,331.86722,194.35143,-9.982483,9.164719
337,1,320.31534,201.06992,-10.48761,7.505554
337,2,308.93805,335.53528,-8.718872,-4.043579
337,3,321.36176,201.74615,-10.505463,7.3947296
338,1,308.71216,212.87138,-11.60318,11.801468
338,2,340.97455,318.56198,32.0365,-16.973297
338,3,308.75937,215.18227,-12.602386,13.436111
339,1,306.6099,258.04102,-2.1022644,45.169632
339,3,306.85867,219.00539,-1.9006958,3.82312
340,1,292.52866,52.908627,-14.081238,-205.13239
340,3,308.86407,213.21765,2.0054016,-5.787735
359,0,418.22003,319.84027,5.4488525,1.0854187
359,1,351.20673,319.48938,4.733856,-1.1607361
359,2,319.47736,214.65105,5.0927124,0.7164154
361,2,322.33533,217.831,0.9767456,3.306366
362,0,423.96106,320.6085,2.0013428,0.23550415
362,2,329.9399,203.77829,7.6045837,-14.052704
363,2,343.54105,194.53024,13.601135,-9.248047
364,2,354.073,188.87306,10.531952,-5.657181
365,0,435.9852,321.05685,8.180603,0.020965576
365,1,367.06168,327.12228,7.966461,9.19812
365,2,383.32452,186.91014,29.251526,-1.9629211
366,2,385.79358,186.11162,2.4690552,-0.79852295
369,2,381.10217,187.3682,-3.624115,0.55381775
370,1,369.1505,324.62213,-0.1784668,-2.052826
370,2,375.17136,187.53384,-5.9308167,0.16564941
371,1,369.1553,316.0593,0.0047912598,-8.562836
371,2,367.46948,188.02249,-7.701874,0.48864746
372,2,356.18585,301.1475,-11.28363,113.125
406,1,367.42242,320.10068,-2.36911,4.5477905
407,1,379.9621,338.17508,12.539673,18.074402
408,1,381.04755,339.95337,1.0854492,1.7782898
409,1,380.0022,341.72134,-1.0453491,1.7679749
410,1,377.1133,343.2294,-2.8888855,1.5080566
411,1,372.7511,344.11533,-4.362213,0.8859253
412,1,332.64197,337.3614,-40.10913,-6.753937
413,1,316.295,332.78165,-16.346954,-4.5797424
415,1,317.9031,328.42538,1.6080933,-4.356262
417,0,430.82498,318.21884,-3.8203735,-0.78549194
417,1,314.3686,329.33923,-2.891449,0.81884766
430,0,433.04895,318.1592,2.647705,0.53326416
430,1,315.91943,330.60706,2.5254822,-0.36657715
437,0,443.7676,320.26813,4.0574036,0.7486572
437,1,340.70166,336.56195,20.468414,6.4533386
438,1,367.5301,323.5415,26.82843,-13.020447
439,1,385.73544,335.03445,18.205353,11.49295
440,1,402.05948,341.4186,16.324036,6.3841553
441,1,416.3985,348.2531,14.33902,6.834503
442,1,427.2235,355.3395,10.825012,7.0863953
443,1,425.55585,362.96643,-1.6676636,7.6269226
444,1,413.28998,358.0089,-12.265869,-4.9575195
445,1,399.0759,351.79303,-14.214081,-6.2158813
446,1,383.75674,344.40387,-15.319153,-7.38916
447,1,365.1253,335.4884,-18.63144,-8.915466
448,1,372.6074,307.0004,7.482086,-28.488007
450,0,442.2274,320.42535,-3.52771,-0.19488525
450,1,368.48566,308.15494,-3.3349915,0.9904785
525,0,438.36392,319.08456,5.310425,0.48712158
525,1,361.21494,310.0732,3.9163818,-0.38235474
533,1,360.75452,305.92722,-6.2235107,-2.0871582
534,1,367.14304,314.97174,6.3885193,9.044525
535,1,368.87057,320.05673,1.7275391,5.0849915
536,1,368.26044,324.64392,-0.61013794,4.5871887
537,0,437.3849,317.82883,-5.5508423,-1.5414429
537,1,357.95456,336.99216,-10.305878,12.348236
538,0,432.1024,317.44098,-5.282501,-0.3878479
538,1,354.7247,336.2121,-3.2298584,-0.7800598
539,0,428.22174,316.69403,-3.8806458,-0.74694824
539,1,350.32324,340.36053,-4.4014587,4.1484375
540,0,423.5695,315.92142,-4.652252,-0.7726135
540,1,346.63416,345.39404,-3.689087,5.0335083
541,0,418.03647,315.27698,-5.53302,-0.6444397
541,1,339.24112,340.89368,-7.393036,-4.500366
542,0,412.06653,314.66888,-5.96994,-0.60809326
542,1,332.99762,348.98074,-6.2434998,8.087067
543,0,387.01926,313.25827,-25.047272,-1.410614
543,1,307.6028,354.7948,-25.394806,5.8140564
544,0,381.5862,312.96436,-5.4330444,-0.2939148
544,1,300.12573,368.74417,-7.4770813,13.949371
545,0,376.83728,312.68396,-4.748932,-0.2803955
545,1,293.79413,387.82852,-6.331604,19.08435
546,0,372.6401,312.4815,-4.197174,-0.20245361
546,1,288.7793,387.45276,-5.0148315,-0.37576294
547,0,369.0527,312.29858,-3.5874023,-0.18292236
547,1,283.7042,385.91406,-5.0751038,-1.5386963
548,0,366.18423,312.09592,-2.8684692,-0.20266724
548,1,278.38672,386.45212,-5.3174744,0.5380554
549,0,364.05164,311.9494,-2.1325989,-0.1465149
549,1,279.53146,395.26294,1.1447449,8.810822
550,1,281.08807,397.981,1.5566101,2.718048
552,0,369.2204,311.464,5.20282,-0.026489258
552,1,287.00458,397.41293,4.6366577,-0.5012512
553,0,373.18045,311.50848,3.9600525,0.04449463
553,1,290.466,397.2639,3.4614258,-0.14904785
554,0,378.0919,311.70718,4.911438,0.19869995
554,1,294.78397,396.58966,4.3179626,-0.67422485
555,0,383.67853,312.05402,5.5866394,0.34683228
555,1,299.4823,396.1942,4.6983337,-0.39544678
556,0,412.50458,314.86057,28.82605,2.806549
556,1,325.1388,394.1275,25.656494,-2.0667114
558,0,420.34836,315.6067,7.8437805,0.74612427
558,1,331.97464,393.7215,6.835846,-0.40600586
559,0,428.25815,316.34027,7.90979,0.73358154
559,1,338.64673,393.0561,6.6720886,-0.6654053
560,0,443.53345,316.87277,15.275299,0.5325012
560,1,349.3734,391.71695,10.726685,-1.3391418
561,0,458.37366,318.19455,14.84021,1.3217773
561,1,361.27078,390.34317,11.897369,-1.3737793
566,0,446.00546,316.42435,-13.406464,-1.7281799
566,1,347.7896,391.92224,-13.1814575,1.2319031
567,0,431.39407,315.18408,-14.611389,-1.2402649
567,1,336.03806,393.27078,-11.751556,1.3485413
568,0,422.92227,314.36722,-8.471802,-0.816864
568,1,328.9314,394.04727,-7.106659,0.77648926
569,0,414.24033,313.6397,-8.681946,-0.72750854
569,1,321.057,395.27023,-7.8743896,1.2229614
570,0,405.24048,313.0186,-8.999847,-0.62112427
570,1,312.85635,396.74762,-8.200653,1.4773865
572,0,396.16537,312.36832,-9.075104,-0.65026855
572,1,304.9017,397.5494,-7.954651,0.80178833
573,0,362.65198,310.2747,-33.513397,-2.093628
573,1,275.14166,402.77805,-29.76004,5.2286377
574,0,355.60547,309.8818,-7.046509,-0.3928833
574,1,269.2206,403.7029,-5.921051,0.9248657
575,0,349.44128,309.6272,-6.1641846,-0.25460815
575,1,264.05295,404.63873,-5.1676636,0.93582153
576,0,339.74234,309.49973,-9.698944,-0.12747192
576,1,256.37378,406.41806,-7.6791687,1.7793274
577,0,336.3793,309.55142,-3.363037,0.051696777
577,1,253.64014,407.09415,-2.7336426,0.6760864
579,0,334.12415,309.5029,-2.2551575,-0.04852295
581,0,335.71835,309.14053,2.23172,-0.043823242
581,1,255.05869,407.78458,2.3215332,-0.19995117
582,0,338.84225,309.03345,3.1239014,-0.10708618
582,1,258.2898,407.3098,3.2311096,-0.47476196
583,0,343.2051,308.92786,4.362854,-0.10559082
583,1,262.2495,406.45847,3.9597168,-0.8513489
584,0,354.75473,308.9857,11.549622,0.05783081
584,1,272.25305,404.4574,10.00354,-2.001068
586,0,361.97647,309.2562,7.2217407,0.2705078
586,1,278.5781,403.36185,6.3250427,-1.0955505
587,0,398.28656,312.06958,36.31009,2.813385
587,1,309.94968,398.15942,31.371582,-5.202423
588,0,408.72153,313.33215,10.434967,1.2625732
588,1,319.35248,397.17255,9.4028015,-0.98687744
589,0,419.19568,314.66806,10.474152,1.335907
589,1,328.20612,395.86465,8.853638,-1.3078918
590,0,430.68326,316.10532,11.487579,1.4372559
590,1,337.48685,394.83728,9.280731,-1.0273743
591,0,443.61786,317.4807,12.934601,1.3753967
591,1,345.9912,394.2456,8.504364,-0.5916748
592,0,452.20978,318.7459,8.591919,1.2651978
592,1,354.02338,393.54672,8.032166,-0.69888306
593,0,479.6529,322.90985,27.443115,4.1639404
593,1,378.292,392.16708,24.268616,-1.3796387
594,0,484.28967,323.65237,4.63678,0.7425232
594,1,382.2588,391.93518,3.9667969,-0.23190308
595,0,488.1138,324.27402,3.8241272,0.62164307
595,1,385.03833,392.16193,2.779541,0.2267456
596,0,491.02588,324.88702,2.9120789,0.6130066
596,1,387.3378,392.3236,2.299469,0.16168213
597,0,493.04636,325.37076,2.0204773,0.48373413
600,0,486.34512,324.57135,-8.179077,-1.3068542
600,1,379.72272,393.678,-8.855133,0.78097534
601,0,482.07086,323.70218,-4.2742615,-0.86917114
601,1,375.58716,393.94455,-4.135559,0.26654053
602,0,476.78674,322.6656,-5.2841187,-1.0365906
602,1,370.52444,394.19244,-5.0627136,0.24789429
603,0,470.88156,321.54263,-5.905182,-1.1229553
603,1,365.0622,394.42493,-5.4622498,0.23248291
604,0,464.5146,320.27066,-6.366974,-1.2719727
604,1,359.04343,394.8691,-6.0187683,0.44418335
605,0,433.75864,315.80844,-30.75595,-4.462219
605,1,332.33347,398.4967,-26.70996,3.627594
606,0,425.44812,314.703,-8.310516,-1.1054382
606,1,326.03793,399.64084,-6.295532,1.1441345
607,0,418.50504,313.6651,-6.9430847,-1.0379028
607,1,319.8867,400.71017,-6.151245,1.0693359
608,0,412.01108,312.62982,-6.4939575,-1.0352783
608,1,313.56335,401.4409,-6.3233337,0.7307129
609,0,406.22537,311.52356,-5.7857056,-1.1062622
609,1,307.90247,401.8673,-5.6608887,0.42642212
610,0,401.1908,310.38174,-5.0345764,-1.1418152
610,1,302.65982,402.20837,-5.2426453,0.34106445
611,0,397.03076,309.2541,-4.160034,-1.127655
611,1,297.91266,402.46976,-4.747162,0.26138306
612,0,387.62137,305.60483,-9.409393,-3.6492615
612,1,284.85165,402.45673,-13.061005,-0.013031006
618,0,379.63547,301.49075,-2.9911804,-1.4100647
662,0,378.62842,302.8695,-2.0631409,-0.24285889
