time,motor0_pos,motor0_vel,motor0_torque,motor1_pos,motor1_vel,motor1_torque,output_pos,output_vel,theta_ref,tau_out_ref
1.1682510375976562e-05,-1.52587890625e-05,0.0014638444408774376,0.0002469469416059639,-2.288818359375e-05,-0.0006452241796068847,0.0013119107002888535,-1.9073486328125e-06,-0.0009664315730333328,0.0,0.00011926806915383976
0.005074262619018555,-7.62939453125e-06,-0.003036772832274437,0.0014469271667520776,-3.0517578125e-05,0.007181610446423292,-0.0012809737671033,-9.5367431640625e-07,0.001216589123941958,0.0,-3.205300368131507e-05
0.01013946533203125,7.62939453125e-06,0.002072463044896722,-0.0017848734500703453,-1.52587890625e-05,-0.006777053698897362,0.0001372068150090423,9.5367431640625e-07,0.0005329987034201622,0.0,-7.806131708028035e-05
0.015222787857055664,7.62939453125e-06,-0.003664484480395913,0.002024847935758936,-3.814697265625e-05,0.0041045225225389,0.0002772124676117939,-1.9073486328125e-06,0.0008654796984046698,0.0,0.00012383521289830801
0.020282268524169922,-2.288818359375e-05,-0.0004947282141074538,-0.0002721048621608117,-3.0517578125e-05,-0.0012896981788799167,-0.000298543568356693,-9.5367431640625e-07,-0.001254211412742734,0.0,-3.793654392911107e-05
0.025392770767211914,0.0,-0.00012452647206373513,-0.0036378566709097692,-4.57763671875e-05,-0.03248155489563942,0.0037538666502697363,-3.814697265625e-06,-0.004879850894212723,0.0,0.000124047298451495
0.030452966690063477,7.62939453125e-06,-0.00709501001983881,0.008019113564538959,-0.00026702880859375,0.016062704846262932,0.004782883756618444,-2.1457672119140625e-05,-0.0023429286666214466,0.0,0.0007907607043913512
0.035889625549316406,-7.62939453125e-06,0.00783409085124731,0.00035108790540432934,-0.00022125244140625,0.02347603254020214,-0.0026396660499916507,-1.33514404296875e-05,0.002979579847306013,0.0,-0.00019757838780410308
0.04147934913635254,0.0,-0.0008421111851930618,-0.0026106846173935367,-0.000152587890625,-0.0054135932587087154,-0.0030431303182982573,-3.337860107421875e-06,0.0057660979218780994,0.0,-0.0003785493518109848
0.0465397834777832,0.0,0.005376794841140509,-0.004272872156724428,-0.000152587890625,-0.01696571707725525,0.0007541861850334653,4.76837158203125e-07,-3.0453960789600387e-05,0.0,-0.000152177433755994
0.05155515670776367,7.62939453125e-06,-0.009844276122748852,0.00909513917708209,-0.00014495849609375,-0.00014230537635739893,0.010053917447526838,-2.6702880859375e-05,-0.00514620915055275,0.0,0.0012741512308275418
0.056617021560668945,-7.62939453125e-06,-0.0036053447984158993,0.017379577077074274,-0.00014495849609375,0.12978091835975647,-0.012368578478721248,-2.002716064453125e-05,-0.0008919272804632783,0.0,-0.00013906029216206775
0.061676979064941406,2.288818359375e-05,0.0013227477902546525,-0.0036806550815654078,0.0009307861328125,-0.014931709505617619,-0.0008731312618318046,-1.1444091796875e-05,0.0013898127945140004,0.0,-0.0002551929519175625
0.06697416305541992,-2.288818359375e-05,0.01016286201775074,-0.0441398169249886,-0.00081634521484375,-0.30173808336257935,0.023543162947722497,-3.337860107421875e-06,0.0018871393986046314,0.0,-0.0002882230660100472
0.0723872184753418,0.0,-0.0017250052187591791,0.05214275855561442,-0.00127410888671875,0.34384357929229736,-0.019003904894010944,-2.86102294921875e-05,-0.00627497211098671,0.0,0.0010583196789188298
0.07793688774108887,-1.52587890625e-05,0.004267590120434761,0.0780417106732714,0.00286102294921875,0.5350258350372314,-0.03121291054484445,-5.626678466796875e-05,-0.0031140632927417755,0.0,0.0013582333242587474
0.08348321914672852,0.0,0.0033073972444981337,-0.10479299722696264,0.00244140625,-0.7573036551475525,0.05799582831687622,-3.6716461181640625e-05,0.007134212180972099,0.0,-0.0005129898535227206
0.0885927677154541,1.52587890625e-05,0.0009674493921920657,-0.08553897835119059,-0.0039520263671875,-0.5782625079154968,0.034523300414990285,-2.384185791015625e-06,-0.005387420300394297,0.0,-0.001463299933737822
0.0936880111694336,1.52587890625e-05,-0.004841210786253214,0.27698008141063396,0.0015411376953125,2.0090789794921875,-0.1,-3.2901763916015625e-05,-0.006431433372199535,0.0,0.001329502742873443
0.09883689880371094,-2.288818359375e-05,-0.004011868499219418,0.1421374322944009,0.01532745361328125,0.9796808362007141,-0.06418203991645904,-7.2479248046875e-05,-0.005736666731536388,0.0,0.0018760353615286348
0.10409235954284668,-2.288818359375e-05,0.009639458730816841,-0.5065470988531131,0.006866455078125,-3.768749713897705,0.1,-6.0558319091796875e-05,0.0002927163150161505,0.0,-8.950761646995962e-05
0.10945892333984375,0.00017547607421875,0.023494746536016464,-0.41674998551203285,-0.01914215087890625,-3.094043493270874,0.1,-6.103515625e-05,-0.03973552957177162,0.0,0.000385060190598346
0.11451959609985352,0.0001983642578125,-0.02747560851275921,0.47397166054052214,-0.01837158203125,2.7806577682495117,-0.07505909635654173,-0.0004315376281738281,-0.09343000501394272,0.0,0.017581266673967963
0.11963105201721191,-0.0005950927734375,-0.10661569982767105,0.796554465545235,0.00852203369140625,4.627889156341553,-0.1,-0.0010075569152832031,-0.07606735825538635,0.0,0.028245102586985447
0.12469196319580078,-0.001129150390625,-0.08111930638551712,-0.030917467234940876,0.01818084716796875,-0.8906036615371704,0.1,-0.001155853271484375,-0.01966273784637451,0.0,0.012889266950975843
0.12975239753723145,-0.00083160400390625,0.31443578004837036,-0.4173293040342,-6.866455078125e-05,-2.9016048908233643,0.1,-0.0011610984802246094,-0.0044942875392735004,0.0,0.007169029344655685
0.1348123550415039,0.00142669677734375,0.39500969648361206,0.3402752404963255,-0.00054168701171875,2.7858333587646484,-0.08794162403989765,-0.001224517822265625,-0.020193593576550484,0.0,0.009846519665564622
0.13981842994689941,0.00298309326171875,0.24078503251075745,0.5605108314253376,0.02497100830078125,4.207404613494873,-0.1,-0.0012636184692382812,-0.007093608845025301,0.0,0.0092116864651837
0.14493656158447266,0.004119873046875,0.2570571303367615,-0.1936245300911588,0.0318756103515625,-1.3468732833862305,0.1,-0.0012679100036621094,0.011828073300421238,0.0,0.007772400918151526
0.14999651908874512,0.00623321533203125,0.5241166949272156,-0.6040048704156887,0.0117340087890625,-3.550564765930176,0.1,-0.001041412353515625,0.07758690416812897,0.0,-0.002740077302882029
0.1551060676574707,0.00885772705078125,0.40944936871528625,0.13800594630524607,0.00873565673828125,2.1477887630462646,-0.1,-0.0006613731384277344,0.04068976640701294,0.0,-0.01096174758820379
0.16016674041748047,0.0099639892578125,0.04942695051431656,0.4775371263143123,0.03084564208984375,3.5146682262420654,-0.1,-0.0006480216979980469,-0.02174609899520874,0.0,0.0033514747016442467
0.16527462005615234,0.00988006591796875,-0.015652941539883614,-0.2839512905876663,0.032928466796875,-2.5862436294555664,0.1,-0.00080108642578125,-0.015628241002559662,0.0,0.01069075850702699
0.1703345775604248,0.0096435546875,-0.016122333705425262,-0.5454123558701757,0.00701904296875,-4.398198127746582,0.1,-0.0008544921875,-0.00198343419469893,0.0,0.007167490587992485
0.1756582260131836,0.00962066650390625,-0.04413372278213501,0.37367478454066805,0.000274658203125,2.5135574340820312,-0.1,-0.0008540153503417969,-0.0033981148153543472,0.0,0.0051092033951349765
0.1822800636291504,0.008514404296875,-0.23917227983474731,0.49205632987691056,0.03240203857421875,3.0803310871124268,-0.1,-0.0008540153503417969,0.0057204654440283775,0.0,0.005124092102050781
0.18928289413452148,0.00684356689453125,-0.0982835665345192,-0.557110924303576,0.030181884765625,-4.452873706817627,0.1,-0.0007948875427246094,0.043747298419475555,0.0,0.0030908710585201716
0.1963057518005371,0.006927490234375,0.16130954027175903,-0.7090983428779504,-0.01886749267578125,-4.984256267547607,0.1,-0.000614166259765625,0.0017772465944290161,0.0,-0.0013612709987592892
0.20349740982055664,0.00807952880859375,-0.08528324216604233,0.5960535850178477,-0.0283355712890625,3.507732629776001,-0.1,-0.001110076904296875,-0.169007807970047,0.0,0.019822519262900785
0.21123433113098145,0.004791259765625,-0.7161915302276611,0.916842744591579,0.01799774169921875,3.871652364730835,-0.017259694016303173,-0.0022554397583007812,-0.049918629229068756,0.0,0.04443547216725025
0.21860742568969727,-0.00016021728515625,-0.17025341093540192,-0.14627104879289135,0.02144622802734375,-1.9366307258605957,0.1,-0.0022640228271484375,0.08551710098981857,0.0,0.013820497018041304
0.22588324546813965,0.00170135498046875,0.7661467790603638,-0.18600583283734837,0.00444793701171875,0.296970933675766,-0.01763501266708975,-0.0015435218811035156,0.07736523449420929,0.0,-0.010737545174235235
0.23280024528503418,0.0069122314453125,0.630578339099884,0.26228399591105617,0.02451324462890625,3.149958848953247,-0.1,-0.0011425018310546875,0.007448054850101471,0.0,-0.003928422787232589
0.24022817611694336,0.0108489990234375,0.3920450806617737,-0.18431494113577335,0.03989410400390625,-1.138007402420044,0.1,-0.0012249946594238281,0.00029549808823503554,0.0,0.009747584199353586
0.2470719814300537,0.01334381103515625,0.32263076305389404,-0.4703780588484937,0.01479339599609375,-3.383917808532715,0.1,-0.001285552978515625,-0.02190537005662918,0.0,0.009588479363840418
0.2535994052886963,0.01526641845703125,0.2236841470003128,0.4925840504184658,0.0135498046875,3.5556352138519287,-0.1,-0.0014071464538574219,-0.016889268532395363,0.0,0.012045845872561698
0.26010918617248535,0.01593017578125,0.006530426442623138,0.6884352525349986,0.049224853515625,4.8211588859558105,-0.1,-0.0014028549194335938,0.0012556901201605797,0.0,0.00825986933837336
0.26532673835754395,0.0159149169921875,-0.0029038707725703716,-0.02439870180239684,0.05872344970703125,-0.518635630607605,0.1,-0.00139617919921875,0.020312413573265076,0.0,0.008103731123462058
0.2703878879547119,0.01660919189453125,0.3552493155002594,-0.44888031130410055,0.04375457763671875,-2.438784599304199,0.1,-0.0010166168212890625,0.14853690564632416,0.0,-0.008289308472121013
0.27562499046325684,0.01862335205078125,0.31503018736839294,0.2744171679861167,0.04567718505859375,3.5929672718048096,-0.1,-0.00027370452880859375,0.07083755731582642,0.0,-0.025117187142919835
0.281296968460083,0.02001190185546875,0.14072658121585846,0.5628236582751509,0.0811309814453125,4.622077941894531,-0.1,-0.0001239776611328125,-0.005015873815864325,0.0,-0.004491867077515102
0.2867598533630371,0.0203094482421875,0.05750080198049545,-0.23093679579518803,0.08850860595703125,-1.596143364906311,0.1,-8.726119995117188e-05,0.1288151890039444,0.0,-0.0009083249434821831
0.2920067310333252,0.021209716796875,0.2628445029258728,-0.7384079497387891,0.06526947021484375,-3.3987996578216553,-0.05543409879697769,0.0008625984191894531,0.1295918971300125,0.0,-0.04143827653889315
0.29725074768066406,0.02251434326171875,0.18744176626205444,-0.10557129576752716,0.0632781982421875,0.6104476451873779,-0.1,0.0013375282287597656,0.05951081961393356,0.0,-0.026758418067720113
0.30236053466796875,0.02286529541015625,-0.0035604173317551613,-0.40323776902119207,0.0606842041015625,-2.364469051361084,0.050322107828553786,0.0015106201171875,0.021643243730068207,0.0,-0.01606063666303248
0.30748939514160156,0.02222442626953125,-0.2400074452161789,-0.5144760397935499,0.0380706787109375,-3.908259153366089,0.1,0.0014882087707519531,-0.005432166159152985,0.0,-0.008077571914173765
0.31259799003601074,0.02011871337890625,-0.5807282328605652,0.05875547534985713,0.02690887451171875,-0.16610375046730042,-0.1,0.0014753341674804688,-0.02628447860479355,0.0,-0.00833967103903841
0.3176584243774414,0.01592254638671875,-0.9745957851409912,0.45324518955559884,0.03852081298828125,1.5777456760406494,-0.1,0.0011353492736816406,-0.0767090767621994,0.0,0.005456681781983115
0.3230464458465576,0.01076507568359375,-0.8962499499320984,-0.3039082039486128,0.0332489013671875,-4.063539981842041,0.1,0.00078582763671875,-0.04115956276655197,0.0,0.008066759625434917
0.3284485340118408,0.0063018798828125,-0.7109893560409546,-0.6265248382497107,-0.0031280517578125,-5.800029277801514,0.1,0.0007014274597167969,0.007228234317153692,0.0,-0.0010816325084995271
0.3339691162109375,0.00264739990234375,-0.7088613510131836,0.2680459922184183,-0.01772308349609375,1.062973976135254,-0.1,0.0007257461547851562,-0.03909947723150253,0.0,-0.005229450121934184
0.33931779861450195,-0.00183868408203125,-1.0343838930130005,0.7058868588828913,0.00093841552734375,3.1190218925476074,-0.1,0.00038051605224609375,-0.07547600567340851,0.0,0.011583978959459658
0.3443779945373535,-0.00720977783203125,-0.9495624899864197,-0.04734045427743797,0.00388336181640625,-2.356138229370117,0.1,9.679794311523438e-05,-0.02011539787054062,0.0,0.011108225651067446
0.34949588775634766,-0.01100921630859375,-0.4724743366241455,-0.4176553482008467,-0.02056121826171875,-3.819521903991699,0.1,0.00012350082397460938,0.004001201130449772,0.0,-0.0018086375638371706
0.3545560836791992,-0.01245880126953125,-0.2269250899553299,0.3517815732215254,-0.02278900146484375,2.2173635959625244,-0.1,8.344650268554688e-05,-0.016534462571144104,0.0,0.0010632027618713593
0.3596651554107666,-0.01338958740234375,-0.17652608454227448,0.6265801008768072,0.00202178955078125,4.299100875854492,-0.1,1.811981201171875e-05,-0.004148802254348993,0.0,0.0024188398198719415
0.36472558975219727,-0.0140838623046875,-0.0688256099820137,-0.2904969740784731,0.00649261474609375,-2.2023837566375732,0.1,6.341934204101562e-05,0.02148585207760334,0.0,-0.002010577823007933
0.37026166915893555,-0.0138702392578125,0.2487819492816925,-0.6219802898115341,-0.0191192626953125,-4.0055742263793945,0.1,0.00018930435180664062,0.024368295446038246,0.0,-0.005874864839915821
0.3753325939178467,-0.0123138427734375,0.24887685477733612,0.1456310544318542,-0.0236968994140625,1.7091891765594482,-0.1,0.000270843505859375,0.0048859603703022,0.0,-0.005243151487417557
0.38044023513793945,-0.01168060302734375,0.028203696012496948,0.5084164943762711,-0.0012664794921875,3.8572707176208496,-0.1,0.00024175643920898438,-0.01889815926551819,0.0,-0.00022483913256640935
0.38555049896240234,-0.0118255615234375,-0.0033774524927139282,-0.7053724520140707,-0.003173828125,-5.444913387298584,0.1,2.09808349609375e-05,-0.01593562215566635,0.0,0.004019703028019217
0.39716124534606934,-0.00812530517578125,0.49375662207603455,-0.16251081361522052,-0.08557891845703125,-2.3596909046173096,0.1,-0.002007007598876953,-0.6017330884933472,0.0,0.04765808244032547
0.4085657596588135,-0.00811004638671875,-0.5178535580635071,1.9899879159500302,-0.06946563720703125,7.319841384887695,0.1,-0.00866556167602539,-0.13404230773448944,0.0,0.1642509418550952
0.42046427726745605,-0.014739990234375,0.35000374913215637,1.7652192968890597,0.02863311767578125,11.182422637939453,-0.1,-0.009163379669189453,1.1831740140914917,0.0,0.06330016325809888
0.432375431060791,0.00473785400390625,4.006059169769287,-1.0516000413223392,0.189727783203125,10.524234771728516,-0.1,0.005767822265625,1.394883632659912,0.0,-0.28994187060194504
0.44405174255371094,0.061553955078125,5.6133952140808105,-2.0,0.26334381103515625,-0.7708414793014526,-0.1,0.021646499633789062,0.562035083770752,0.0,-0.40139434698125775
0.4557945728302002,0.12133026123046875,2.955705404281616,-2.0,0.24054718017578125,-5.223073959350586,-0.1,0.023923873901367188,-0.5778948068618774,0.0,-0.1827913173681415
0.467395544052124,0.1399383544921875,-1.1606777906417847,-0.81044998550386,0.15116119384765625,-14.10159969329834,0.1,0.010968208312988281,-1.229478120803833,0.0,0.15034031257234876
0.4793741703033447,0.10760498046875,-5.0136637687683105,0.9049571653886856,-0.0445709228515625,-12.835237503051758,0.1,-0.0041751861572265625,-1.1701152324676514,0.0,0.2794764008465018
0.4912686347961426,0.04248046875,-5.513525009155273,2.0,-0.15423583984375,-1.8692591190338135,0.1,-0.016101837158203125,-0.3254174292087555,0.0,0.29697551136369416
0.5031731128692627,-0.01618194580078125,-2.155808210372925,2.0,-0.150054931640625,6.098414897918701,0.1,-0.01866769790649414,0.48443007469177246,0.0,0.15466598329665981
0.5152068138122559,-0.02577972412109375,2.0381298065185547,1.4030291603667644,-0.04449462890625,14.930411338806152,-0.1,-0.012566566467285156,1.131057620048523,0.0,-0.02728508416246217
0.5271153450012207,0.0130462646484375,5.322031497955322,-0.5755471852694526,0.16136932373046875,13.546075820922852,-0.1,0.0006132125854492188,1.3310633897781372,0.0,-0.22433589660839434
0.5389120578765869,0.08545684814453125,6.79849100112915,-2.0,0.26971435546875,0.2714335322380066,-0.1,0.015289306640625,1.061614751815796,0.0,-0.3535370094343933
0.5485186576843262,0.1453094482421875,5.971234321594238,-2.0,0.2653656005859375,-1.6729004383087158,-0.1,0.021864891052246094,0.22538171708583832,0.0,-0.36340286824662466
0.5541846752166748,0.175262451171875,4.258396625518799,-2.0,0.2496337890625,-4.77876615524292,-0.1,0.021732330322265625,-0.09420163184404373,0.0,-0.1257041755146321
0.5596208572387695,0.1960601806640625,3.75703501701355,-1.5943184462687294,0.21744537353515625,-6.931097984313965,0.1,0.018351078033447266,-1.0974606275558472,0.0,0.02768318445902007
0.5646820068359375,0.214111328125,3.486996650695801,-0.7163234930646813,0.17423248291015625,-8.336955070495605,0.1,0.011263370513916016,-1.4224616289138794,0.0,0.211831403402711
0.56974196434021,0.23162078857421875,3.332221746444702,0.3568905020439104,0.14463043212890625,-2.5988755226135254,0.1,0.0044460296630859375,-1.2469221353530884,0.0,0.2615988497460534
0.5748593807220459,0.2485809326171875,3.36285138130188,0.8104182921356505,0.1483001708984375,2.0898427963256836,0.1,-0.0015716552734375,-1.0443356037139893,0.0,0.23110567378009453
0.5799195766448975,0.2646942138671875,3.3385813236236572,0.7503799116505648,0.164093017578125,3.7351701259613037,0.1,-0.0052738189697265625,-0.3607547879219055,0.0,0.17893245614702907
0.5849463939666748,0.279998779296875,2.951385498046875,0.48023999396440725,0.18706512451171875,5.387098789215088,0.1,-0.006215095520019531,-0.10868751257658005,0.0,0.07371795824652427
0.5899758338928223,0.29430389404296875,2.7634823322296143,0.6927712307189619,0.2201995849609375,7.753188133239746,0.1,-0.006426334381103516,-0.03365923464298248,0.0,0.04723874895060973
0.5950846672058105,0.30866241455078125,2.7307140827178955,0.7568477007559282,0.2669677734375,10.409940719604492,-0.1,-0.005401134490966797,0.6894447207450867,0.0,-0.0073087190540144925
0.6001455783843994,0.3223724365234375,2.7543506622314453,0.04465842911769291,0.3282470703125,10.643425941467285,-0.1,-0.0013632774353027344,1.0261468887329102,0.0,-0.14229567967960963
0.6053323745727539,0.3353271484375,2.4143917560577393,-1.5005949172487714,0.3681793212890625,5.20503044128418,-0.1,0.004952907562255859,1.265199065208435,0.0,-0.3054173100837027
0.610450029373169,0.346893310546875,2.207637310028076,-2.0,0.378265380859375,-0.2933577001094818,-0.1,0.010867118835449219,0.9739171862602234,0.0,-0.2848220135881712
0.6155102252960205,0.3581390380859375,2.031843423843384,-2.0,0.36841583251953125,-2.904280424118042,-0.1,0.015315055847167969,0.6486815810203552,0.0,-0.27054487183187065
0.6206228733062744,0.368377685546875,2.0230672359466553,-1.966041469809535,0.349578857421875,-4.492082595825195,-0.1,0.016998767852783203,0.08956854045391083,0.0,-0.16902312299159838
0.625756025314331,0.3779754638671875,1.8079315423965454,-1.703398636625149,0.31996917724609375,-6.835328102111816,0.1,0.016315460205078125,-0.06493508815765381,0.0,-0.07228175189219074
0.6308159828186035,0.3860931396484375,1.487283706665039,-1.2980690918563078,0.28162384033203125,-6.22878360748291,0.1,0.01478719711303711,-0.9984351396560669,0.0,-0.025778222693934344
0.6359238624572754,0.39308929443359375,1.3063349723815918,0.6502738796190252,0.26667022705078125,-0.19911019504070282,0.1,0.008738040924072266,-1.0471787452697754,0.0,0.17582959260949563
0.640946626663208,0.39958953857421875,1.179909348487854,1.1078711852363545,0.27918243408203125,4.07440185546875,0.1,0.004360198974609375,-0.6631209254264832,0.0,0.149973098718291
0.6460566520690918,0.40566253662109375,1.1157336235046387,1.3490732489249688,0.30805206298828125,6.60569429397583,0.1,0.0009379386901855469,-0.3788979649543762,0.0,0.12962796267631901
0.6511669158935547,0.4109039306640625,1.020917534828186,0.9094105047350601,0.34481048583984375,7.560159683227539,-0.1,0.0003228187561035156,-0.019485577940940857,0.0,0.02212239645764384
0.6562745571136475,0.41595458984375,0.9040029644966125,0.6222079835252348,0.38773345947265625,6.546516418457031,-0.1,0.0005068778991699219,0.010733980685472488,0.0,-0.010267025538037128
0.6613829135894775,0.42015838623046875,0.7692067623138428,-0.5098174828740649,0.40362548828125,0.3972674012184143,-0.1,0.002048492431640625,0.7279969453811646,0.0,-0.0722751839140239
0.6664435863494873,0.42364501953125,0.6824147701263428,-1.7881218531147254,0.3927001953125,-4.200821399688721,-0.1,0.0060405731201171875,0.6203258633613586,0.0,-0.19704243996914259
0.6715652942657471,0.42681884765625,0.5504312515258789,-1.802920706938504,0.36376953125,-6.326249122619629,-0.1,0.008518218994140625,0.5322022438049316,0.0,-0.15304163372943425
0.6766932010650635,0.42925262451171875,0.3793434500694275,-1.99537288951058,0.325286865234375,-9.100428581237793,-0.1,0.010327339172363281,0.05249926447868347,0.0,-0.12722031298395609
0.681739330291748,0.4306793212890625,0.29515188932418823,-1.7518598117881183,0.2709197998046875,-11.305809020996094,0.1,0.009643077850341797,-0.33940044045448303,0.0,-0.03212894090186252
0.6869447231292725,0.43202972412109375,0.1836092472076416,-0.6998837926770879,0.20821380615234375,-10.58099365234375,0.1,0.005444049835205078,-1.1682757139205933,0.0,0.13805251386135228
0.6920051574707031,0.43250274658203125,0.0322246253490448,0.7253449403685033,0.168212890625,-4.980606555938721,0.1,-0.0010666847229003906,-1.248813509941101,0.0,0.2556857900207289
0.6970648765563965,0.4324798583984375,-0.02766314335167408,1.5462227883448512,0.15740966796875,0.3803921043872833,0.1,-0.006758689880371094,-0.9695395827293396,0.0,0.2723160456990793
0.7021253108978271,0.4322509765625,-0.01659531146287918,1.5938364978358004,0.1670989990234375,2.2348873615264893,0.1,-0.010955333709716797,-0.5487493872642517,0.0,0.23612065721207842
0.7072360515594482,0.43228912353515625,0.0020795706659555435,1.1621533523553689,0.18167877197265625,3.781644105911255,0.1,-0.012210845947265625,-0.16689760982990265,0.0,0.12011560949142294
0.7123086452484131,0.43242645263671875,0.0324891172349453,1.309802647336999,0.2056732177734375,5.906535625457764,0.1,-0.012726783752441406,-0.023691825568675995,0.0,0.09637087404361418
0.7177207469940186,0.4325408935546875,0.006147589534521103,1.5712514242124014,0.2468414306640625,9.058390617370605,-0.1,-0.01248788833618164,0.38724127411842346,0.0,0.06606281902491928
0.7228038311004639,0.4324188232421875,-0.03815356269478798,0.8371198185444598,0.300048828125,10.220608711242676,-0.1,-0.008849620819091797,1.0140608549118042,0.0,-0.0983512627789784
0.7279412746429443,0.4322357177734375,-0.02982381358742714,-0.7676635402620153,0.336090087890625,3.1124773025512695,-0.1,-0.002193927764892578,1.0675759315490723,0.0,-0.21765209342139324
0.7333767414093018,0.43216705322265625,-0.0018245317041873932,-1.4825806563257773,0.33657073974609375,-2.2039597034454346,-0.1,0.002643108367919922,0.8835771083831787,0.0,-0.21726835933091873
0.738436222076416,0.4322357177734375,0.002981094643473625,-1.900971070958505,0.31522369384765625,-5.636160373687744,-0.1,0.006883144378662109,0.5692343711853027,0.0,-0.20966012727736885
0.7434976100921631,0.43202972412109375,-0.016293559223413467,-1.4717182711069254,0.2816162109375,-7.058454513549805,-0.1,0.008131980895996094,0.03330463916063309,0.0,-0.09716646978676341
0.7486052513122559,0.43193817138671875,-0.010202709585428238,-1.2523813249573947,0.23980712890625,-8.937216758728027,0.1,0.007320880889892578,-0.07849134504795074,0.0,-0.010883327297397424
0.7537310123443604,0.43198394775390625,0.009507802315056324,-0.7175770095739777,0.19171142578125,-7.487707138061523,0.1,0.005115509033203125,-1.0163240432739258,0.0,0.05224799040961335
0.7588393688201904,0.4320526123046875,0.018198905512690544,0.9314531366715781,0.16736602783203125,-2.5228395462036133,0.1,-0.0005865097045898438,-0.9824865460395813,0.0,0.23272026576024307
0.7639656066894531,0.43210601806640625,0.019540010020136833,1.4627961323077376,0.16875457763671875,2.4398884773254395,0.1,-0.005402565002441406,-0.6368186473846436,0.0,0.2085884233305389
0.7690255641937256,0.43222808837890625,0.040274977684020996,1.741076500103007,0.1886138916015625,4.813704013824463,0.1,-0.009195327758789062,-0.4253973364830017,0.0,0.20225716834645638
0.7741982936859131,0.4323577880859375,0.0019938943441957235,1.364338841936554,0.21814727783203125,6.8516621589660645,0.1,-0.009795665740966797,-0.0365598201751709,0.0,0.08201885943541537
0.7795417308807373,0.43239593505859375,0.0006751419277861714,1.433970729160642,0.25974273681640625,8.396639823913574,-0.1,-0.009752750396728516,-0.010303042829036713,0.0,0.05692344104750978
0.7850227355957031,0.43241119384765625,-0.018159927800297737,1.0877712307014162,0.31536102294921875,9.28482437133789,-0.1,-0.007751941680908203,0.9475846886634827,0.0,-0.028844161884200137
0.7900633811950684,0.432281494140625,-0.027614714577794075,-0.6981275183635729,0.3443603515625,3.042397975921631,-0.1,-0.002483367919921875,1.0229657888412476,0.0,-0.20313629963389748
0.7950689792633057,0.43218231201171875,-0.012504937127232552,-1.5911876586260507,0.34470367431640625,-2.032633066177368,-0.1,0.002898693084716797,0.9680625200271606,0.0,-0.24174119448524375
0.800189733505249,0.432220458984375,-0.014430911280214787,-1.845989694442701,0.3240203857421875,-5.617614269256592,-0.1,0.006946086883544922,0.6421106457710266,0.0,-0.20075443911975804
0.8053030967712402,0.43206787109375,-0.03314677253365517,-1.5625501452205106,0.28844451904296875,-7.296133995056152,-0.1,0.0084686279296875,0.056737951934337616,0.0,-0.10863502002289138
0.8103649616241455,0.43192291259765625,-0.01065346971154213,-1.318080495012727,0.24652099609375,-9.42929744720459,0.1,0.00751495361328125,-0.14901262521743774,0.0,-0.010882683581598815
0.8155539035797119,0.43193817138671875,0.02056073769927025,-0.9832584948139108,0.196380615234375,-9.022741317749023,0.1,0.005822181701660156,-1.005285620689392,0.0,0.041641543094611974
0.8206882476806641,0.43207550048828125,0.013147410936653614,0.9798251039317328,0.161712646484375,0.15226247906684875,0.1,-0.0023603439331054688,-0.9542126059532166,0.0,0.17595727385697715
0.8321545124053955,0.43231201171875,0.02740037441253662,1.892779208420062,0.18996429443359375,6.216992378234863,0.1,-0.010286331176757812,-0.05363655835390091,0.0,0.19517175153737393
0.844001293182373,0.43241119384765625,-0.022410482168197632,1.8846404331435795,0.27835845947265625,11.993797302246094,-0.1,-0.00979471206665039,1.02006196975708,0.0,0.050455599807130574
0.8557875156402588,0.43228912353515625,0.004616499878466129,-0.37973014903914626,0.43848419189453125,8.672714233398438,-0.1,0.005204677581787109,1.5238561630249023,0.0,-0.28129563842974803
0.8677895069122314,0.432281494140625,-0.011670472100377083,-2.0,0.49463653564453125,-2.0171499252319336,-0.1,0.021387100219726562,0.6340084671974182,0.0,-0.40040630211207384
0.8797037601470947,0.431915283203125,-0.0018319860100746155,-1.885391092097536,0.455963134765625,-5.419369697570801,-0.1,0.025044918060302734,-0.09471987932920456,0.0,-0.21230375618342043
0.8915531635284424,0.4320068359375,0.008859599009156227,-1.5541147003648959,0.36946868896484375,-12.905558586120605,0.1,0.01701211929321289,-1.0909528732299805,0.0,0.031731891071540785
0.9034771919250488,0.43204498291015625,0.001051390659995377,-0.05238866968157585,0.1872100830078125,-11.755318641662598,0.1,0.0003495216369628906,-1.411942481994629,0.0,0.2778804360783909
0.9153921604156494,0.43204498291015625,0.01223471388220787,1.787032748862443,0.0983428955078125,-0.8573190569877625,0.1,-0.014735221862792969,-0.7007383108139038,0.0,0.34819905007880875
0.9270174503326416,0.43239593505859375,-0.008939833380281925,1.6797307787414926,0.10755157470703125,4.390661716461182,0.1,-0.01962900161743164,-0.0240398570895195,0.0,0.19942241162189128
0.9389917850494385,0.4323883056640625,-0.006935626268386841,1.8241540338324813,0.1819305419921875,10.852752685546875,-0.1,-0.017436981201171875,1.0861753225326538,0.0,0.06791123217299183
0.9507956504821777,0.432342529296875,0.00041064550168812275,-0.12418769217813685,0.33179473876953125,8.299541473388672,-0.1,-0.0030279159545898438,1.6237555742263794,0.0,-0.22561452194016293
0.9627602100372314,0.43228912353515625,-0.028244290500879288,-2.0,0.386077880859375,-1.3260080814361572,-0.1,0.014203548431396484,0.5714796185493469,0.0,-0.37494889676985454
0.9746437072753906,0.43193817138671875,0.013903644867241383,-1.4167006955948804,0.3586578369140625,-4.620516300201416,-0.1,0.016825199127197266,-0.179668590426445,0.0,-0.1455109062354047
0.9863593578338623,0.43206787109375,0.005972504615783691,-1.2761882920165157,0.27724456787109375,-12.531118392944336,0.1,0.009366989135742188,-1.1702615022659302,0.0,0.07327922166643433
0.9979369640350342,0.4320831298828125,-0.002498806221410632,0.19001530459239713,0.10546875,-10.307085990905762,0.1,-0.005858421325683594,-1.2617881298065186,0.0,0.2866520146720977
1.0100822448730469,0.43210601806640625,0.006989508867263794,2.0,0.0351715087890625,0.8539892435073853,0.1,-0.020073413848876953,-0.4515693783760071,0.3,6.0
1.021897554397583,0.43254852294921875,0.03487330675125122,2.0,0.06923675537109375,6.431680679321289,0.1,-0.02266407012939453,0.03430456295609474,0.3,1.979654543756835
1.0337529182434082,0.43268585205078125,-0.0028825122863054276,2.0,0.1722869873046875,13.209821701049805,0.1,-0.01757192611694336,1.2190074920654297,0.3,1.8194510007547184
1.0456063747406006,0.43265533447265625,-0.0010235925437882543,2.0,0.3545684814453125,20.40826416015625,0.1,-0.0019030570983886719,1.9463324546813965,0.3,1.553318354372133
1.0577812194824219,0.4326629638671875,0.007406739518046379,2.0,0.6296157836914062,28.243900299072266,0.1,0.0234375,2.3154656887054443,0.3,1.2328404975219214
1.0696094036102295,0.43265533447265625,-0.0015190542908385396,2.0,0.9868316650390625,36.30967712402344,0.1,0.05364084243774414,2.974916934967041,0.3,0.9672374216792418
1.0813426971435547,0.43265533447265625,0.0033424494322389364,2.0,1.443572998046875,45.25803756713867,0.1,0.09078645706176758,3.2077724933624268,0.3,0.6309449655778606
1.0932598114013672,0.43265533447265625,8.65454858285375e-05,2.0,2.0214691162109375,53.92340850830078,-0.1,0.1289048194885254,3.4008965492248535,0.3,0.37944083130814155
1.105147361755371,0.43271636962890625,-0.021769726648926735,2.0,2.691253662109375,53.68612289428711,-0.1,0.17286252975463867,3.854367971420288,0.3,0.00032688929681634615
1.1166388988494873,0.43259429931640625,-5.8736652135849e-05,2.0,3.2485733032226562,37.634918212890625,-0.1,0.21864557266235352,3.7751009464263916,0.3,-0.2766662352253707
1.1286132335662842,0.43256378173828125,-0.029749300330877304,1.3746620768569384,3.6608428955078125,28.64093017578125,-0.1,0.2597212791442871,2.272813558578491,0.3,-0.4501062690956812
1.140486478805542,0.43235015869140625,0.021030133590102196,0.628609879699648,3.9656906127929688,18.243057250976562,-0.1,0.2847447395324707,1.4603495597839355,0.3,-0.33026645190366166
1.1523549556732178,0.43241119384765625,-4.0108341636369005e-05,-0.14086360819457455,4.143562316894531,6.8561272621154785,-0.1,0.2972373962402344,0.478693425655365,0.3,-0.19339011645685383
1.1642546653747559,0.43241119384765625,9.400211274623871e-05,-0.6892732162749085,4.182975769042969,-3.3950459957122803,-0.1,0.2998619079589844,-0.2213817685842514,0.3,-0.04301754032142006
1.1762151718139648,0.43241119384765625,1.2045719813613687e-05,-1.0341816308595626,4.1195220947265625,-10.487751960754395,0.1,0.2969627380371094,-0.770754337310791,0.3,0.0673310752100228
1.1880347728729248,0.43241119384765625,-0.00011833944154204801,0.5828464881618143,3.9803314208984375,-7.518880844116211,0.1,0.285158634185791,-1.1037768125534058,0.3,0.2904024865256548
1.1997590065002441,0.43241119384765625,0.007164604961872101,2.0,3.9359817504882812,2.0904247760772705,0.1,0.2729816436767578,-0.47845280170440674,0.3,0.37213131523246046
1.211268663406372,0.43259429931640625,0.0027091584634035826,2.0,3.9904937744140625,9.90936279296875,0.1,0.2694129943847656,0.33335503935813904,0.3,0.24405872657931543
1.223099946975708,0.43256378173828125,-0.012314938940107822,1.8500960605050123,4.122932434082031,14.404735565185547,-0.1,0.27797985076904297,1.2462646961212158,0.3,-0.01440576380479719
1.2347784042358398,0.43254852294921875,0.01177651435136795,0.07657466811180647,4.311309814453125,11.072696685791016,-0.1,0.29491567611694336,1.7193962335586548,0.3,-0.2562568034619848
1.246652603149414,0.43256378173828125,0.0006490708910860121,-2.0,4.399024963378906,0.4218740463256836,-0.1,0.3144388198852539,0.9007481336593628,0.3,-0.4173651782880573
1.2584857940673828,0.4323883056640625,-0.0031097494065761566,-1.6906877240988643,4.386802673339844,-3.437983989715576,-0.1,0.320526123046875,-0.36805248260498047,0.3,-0.225199022762286
1.2704837322235107,0.43235015869140625,0.0057452660985291,-1.3615202794340657,4.3268585205078125,-10.202276229858398,0.1,0.3150191307067871,-0.8796060085296631,0.3,0.0007274472893738365
1.282555103302002,0.4323577880859375,-0.0010943661909550428,0.03462081725294186,4.183540344238281,-8.173299789428711,0.1,0.3023695945739746,-1.1529608964920044,0.3,0.2061238088591549
1.2938992977142334,0.43236541748046875,0.031986214220523834,1.7331892489119667,4.1396026611328125,2.5475363731384277,0.1,0.2906332015991211,-0.4323396384716034,0.3,0.2558924864825116
1.3058631420135498,0.43254852294921875,-0.0026068324223160744,2.0,4.194648742675781,9.186050415039062,0.1,0.2868318557739258,-0.00510099483653903,0.3,0.1421659261605649
1.3178858757019043,0.4325408935546875,-0.0025807549245655537,1.4813092114314754,4.322257995605469,14.328835487365723,-0.1,0.2938084602355957,1.3494455814361572,0.3,-0.07959289701828993
1.3297333717346191,0.43253326416015625,8.321600944327656e-06,-0.4955165880667909,4.5128326416015625,11.774181365966797,-0.1,0.31203269958496094,1.7247059345245361,0.3,-0.3784811332980373
1.341628074645996,0.43253326416015625,-0.0009304510895162821,-2.0,4.6000518798828125,-0.19089831411838531,-0.1,0.3311915397644043,0.8074604868888855,0.3,-0.5122746634124495
1.3532664775848389,0.43225860595703125,-0.0019809820223599672,-2.0,4.582344055175781,-3.9721739292144775,-0.1,0.3361663818359375,-0.4396848678588867,0.3,-0.30195584481135396
1.365149974822998,0.4322662353515625,0.009787213057279587,-1.9536791550469987,4.513603210449219,-11.1952486038208,0.1,0.33023738861083984,-0.9567147493362427,0.3,-0.08310658204557167
1.377347707748413,0.43235015869140625,-0.0009639748022891581,-0.4307779091874673,4.3547210693359375,-8.40719985961914,0.1,0.31612682342529297,-1.2637276649475098,0.3,0.12675203199252252
1.389742374420166,0.43239593505859375,0.027206674218177795,1.5437581442075425,4.3027496337890625,2.092660903930664,0.1,0.3020920753479004,-0.3923551142215729,0.3,0.23218717996747756
1.4008920192718506,0.43255615234375,-0.000852211844176054,1.5293562837859285,4.3480682373046875,8.319928169250488,-0.003544439795885257,0.298459529876709,-0.07108607888221741,0.3,0.07617894234593178
1.411864995956421,0.43253326416015625,8.283602801384404e-05,0.43222722980973216,4.449851989746094,7.587249755859375,-0.1,0.3032345771789551,0.9792267084121704,0.3,-0.10647436739055878
1.4227464199066162,0.43253326416015625,-1.0296236723661423e-05,-1.5120859472644488,4.520942687988281,0.6651972532272339,-0.1,0.3141169548034668,1.1404685974121094,0.3,-0.2927418382100443
1.433276891708374,0.43253326416015625,-0.013216451741755009,-2.0,4.495307922363281,-6.459677219390869,-0.1,0.3241701126098633,0.19400903582572937,0.3,-0.3187077045342467
1.4448752403259277,0.432220458984375,-0.001250825822353363,-2.0,4.4127197265625,-9.862319946289062,-0.1,0.32343482971191406,-1.034476637840271,0.3,-0.1269780390449651
1.4557416439056396,0.432342529296875,0.003253050148487091,-1.361101465478423,4.280662536621094,-16.90043830871582,0.1,0.3109097480773926,-1.3835675716400146,0.3,0.1644747646267923
1.4667742252349854,0.43235015869140625,-6.578979082405567e-06,-0.04806798375516519,4.075927734375,-14.828774452209473,0.1,0.2934446334838867,-1.6623197793960571,0.3,0.35377428267146555
1.4777939319610596,0.4323577880859375,0.022106746211647987,1.877811229481891,3.9556503295898438,-4.111682891845703,0.1,0.2765035629272461,-0.9197008013725281,0.3,0.4447600721703897
1.489177942276001,0.4324798583984375,-0.0017611886141821742,2.0,3.9426651000976562,4.002425193786621,0.1,0.2698240280151367,-0.038460731506347656,0.3,0.29772839828086106
1.5005543231964111,0.432586669921875,0.02151070162653923,2.0,4.0080413818359375,9.106534957885742,0.1,0.27045297622680664,0.3479040563106537,0.3,0.16639750821103663
1.5119128227233887,0.432525634765625,-0.029145795851945877,1.883755393696893,4.133140563964844,15.02894115447998,-0.1,0.2789902687072754,1.2830158472061157,0.3,-0.024183918241512586
1.5232782363891602,0.432464599609375,0.0010402319021522999,0.1652493273060487,4.323455810546875,12.616007804870605,-0.1,0.29558849334716797,1.6842267513275146,0.3,-0.27820492069569935
1.5341410636901855,0.432464599609375,-0.001601001131348312,-2.0,4.4163665771484375,1.4259908199310303,-0.1,0.31360626220703125,1.3261624574661255,0.3,-0.41110678305145193
1.5450267791748047,0.4323883056640625,-0.013283513486385345,-1.9425499706331455,4.4124755859375,-2.683795928955078,-0.1,0.3222789764404297,0.05087172985076904,0.3,-0.29009613342219553
1.5561399459838867,0.4322967529296875,0.009116658009588718,-1.3013052873209687,4.3649139404296875,-8.399003028869629,0.1,0.3180570602416992,-0.7726230025291443,0.3,-0.03221821047435494
1.5672025680541992,0.43236541748046875,0.004854927305132151,-0.253659232758522,4.2486419677734375,-7.244472503662109,0.1,0.30825042724609375,-0.9768924117088318,0.3,0.1309405161461617
1.5783872604370117,0.4323577880859375,0.015878062695264816,1.4613509180542774,4.218223571777344,3.278216600418091,0.1,0.29820680618286133,-0.3954329788684845,0.3,0.18768110910303776
1.5895519256591797,0.43259429931640625,0.00042183324694633484,1.8669332767958133,4.277153015136719,10.120646476745605,0.007113574611251061,0.2947707176208496,-0.017211701720952988,0.3,0.09392642017060766
1.6005558967590332,0.43259429931640625,-0.005661566276103258,0.7675321820309543,4.404808044433594,10.021429061889648,-0.1,0.30078792572021484,1.1628081798553467,0.3,-0.10491015197133677
1.6127550601959229,0.43259429931640625,3.8128113374114037e-05,-1.4582201887037014,4.513580322265625,2.2064895629882812,-0.1,0.31465578079223633,1.041198968887329,0.3,-0.3205754206798254
1.6246249675750732,0.43259429931640625,-0.021888932213187218,-2.0,4.505012512207031,-4.744047164916992,-0.1,0.3259854316711426,0.23026946187019348,0.3,-0.34653395470253445
1.6365489959716797,0.432220458984375,-0.0014557165559381247,-1.922496647122986,4.4371795654296875,-9.511780738830566,-0.1,0.32436037063598633,-0.9295072555541992,0.3,-0.1190138757785572
1.6485674381256104,0.4323577880859375,-0.0021858729887753725,-1.4690861835165259,4.2925262451171875,-17.31049156188965,0.1,0.31119394302368164,-1.4408233165740967,0.3,0.15453934077396456
1.6603026390075684,0.43235015869140625,-0.0007926147663965821,-0.022023543330286444,4.072288513183594,-15.083489418029785,0.1,0.2924022674560547,-1.705657958984375,0.3,0.36473283301800946
1.672173023223877,0.43238067626953125,0.003737339749932289,2.0,3.9393463134765625,-3.841745138168335,0.1,0.2736482620239258,-0.8928359150886536,0.3,0.4631064535248115
1.6844816207885742,0.43241119384765625,0.011638682335615158,2.0,3.9295578002929688,4.283370494842529,0.1,0.2677593231201172,0.00672876974567771,0.3,0.2905868060534498
1.696556568145752,0.4326629638671875,-0.002368409652262926,2.0,3.9987030029296875,9.234915733337402,0.1,0.268521785736084,0.6986196041107178,0.3,0.17606166028062653
1.708655834197998,0.432525634765625,-0.0004238113760948181,1.787248095054432,4.142265319824219,16.33191680908203,-0.1,0.28020715713500977,1.3974101543426514,0.3,-0.07254287840850521
1.7206830978393555,0.43253326416015625,2.69487572950311e-05,0.16893418008080863,4.355613708496094,13.732013702392578,-0.1,0.2985692024230957,1.8040192127227783,0.3,-0.3048578908643242
1.7330024242401123,0.43253326416015625,9.400398266734555e-05,-2.0,4.467781066894531,1.467227578163147,-0.1,0.3209652900695801,1.0048799514770508,0.3,-0.48525906017869286
1.7448639869689941,0.43236541748046875,-0.0033556148409843445,-1.8534981927754304,4.469123840332031,-2.830484628677368,-0.1,0.3273019790649414,-0.385242223739624,0.3,-0.2698312608829271
1.7568540573120117,0.43235015869140625,0.011020282283425331,-1.6344167471969988,4.406494140625,-10.76558780670166,0.1,0.32160472869873047,-0.9158287048339844,0.3,-0.03518711144739721
1.768895149230957,0.43241119384765625,-1.4027813449501991e-05,-0.17661404050027207,4.258148193359375,-8.410788536071777,0.1,0.3083629608154297,-1.1721630096435547,0.3,0.1733502264142194
1.780721664428711,0.43241119384765625,0.024122130125761032,1.6670581003236977,4.2100982666015625,2.7583792209625244,0.1,0.29570960998535156,-0.4084068238735199,0.3,0.23833221771411983
1.7927186489105225,0.43259429931640625,4.930421710014343e-05,1.9053521496884107,4.2741851806640625,10.112546920776367,0.0719840375213614,0.29239559173583984,0.18565033376216888,0.3,0.10113430654241151
1.8045742511749268,0.43259429931640625,5.6754794059088454e-05,1.0480398907266617,4.404350280761719,12.61151123046875,-0.1,0.2995333671569824,1.2431832551956177,0.3,-0.11672033388785943
1.8165578842163086,0.43259429931640625,0.0004628115566447377,-0.9002439144483794,4.565338134765625,8.623872756958008,-0.1,0.31609487533569336,1.6056993007659912,0.3,-0.3754403427845645
1.8283946514129639,0.43259429931640625,0.0003585029044188559,-2.0,4.620231628417969,-1.6587882041931152,-0.1,0.33374977111816406,0.48076483607292175,0.3,-0.4930047075249907
1.8405747413635254,0.43235015869140625,-0.0005281176418066025,-2.0,4.5852813720703125,-5.306170463562012,-0.1,0.33695316314697266,-0.45407813787460327,0.3,-0.27578195041387504
