time,motor0_pos,motor0_vel,motor0_torque,motor1_pos,motor1_vel,motor1_torque,output_pos,output_vel,theta_ref,theta_ctrl,tau_out
9.059906005859375e-06,0.0,-0.00018859074043575674,-6.5324779397967355e-06,1.0132789611816406e-05,-0.0028008108492940664,-1.0647939041868678e-05,2.384185791015625e-07,0.00011869741865666583,0.0,-2.384185791015625e-07,-0.0002612991175918694
0.0057027339935302734,-7.808208465576172e-06,0.0009811505442485213,-4.112797664070447e-05,-1.531839370727539e-05,-0.008999694138765335,-6.703860192434827e-05,8.046627044677734e-06,-0.0009914390975609422,0.0,-8.046627044677734e-06,-0.0016451190656281787
0.010761022567749023,0.0,4.2377389036118984e-05,5.375325528277967e-05,-2.0265579223632812e-06,-0.0037842874880880117,8.761780611093085e-05,2.384185791015625e-07,-5.266594234853983e-05,0.0,-2.384185791015625e-07,0.0021501302113111865
0.01583409309387207,2.384185791015625e-07,0.00021374004427343607,-1.223265296202673e-06,2.8014183044433594e-06,-0.0035905728582292795,-1.993922432810357e-06,2.384185791015625e-07,0.00020065382705070078,0.0,-2.384185791015625e-07,-4.893061184810692e-05
0.020938634872436523,2.384185791015625e-07,0.0004149052547290921,-1.9031953096418008e-06,6.318092346191406e-06,0.00193775852676481,-3.102208354716135e-06,3.5762786865234375e-07,-0.00010481998469913378,0.0,-3.5762786865234375e-07,-7.612781238567202e-05
0.025996685028076172,0.0,-5.448132651508786e-05,5.205372648447275e-06,-4.410743713378906e-06,-0.00020055827917531133,8.48475741696906e-06,5.960464477539063e-08,0.001176680438220501,0.0,-5.960464477539063e-08,0.00020821490593789103
0.031053781509399414,-1.1920928955078125e-07,-0.0001364377239951864,-5.364504459366896e-07,-7.152557373046875e-07,-0.00019310721836518496,-8.74414226876804e-07,5.960464477539063e-08,0.00490197166800499,0.0,-5.960464477539063e-08,-2.1458017837467584e-05
0.03615713119506836,-3.635883331298828e-06,0.0009736987994983792,8.124415663334995e-06,-1.7642974853515625e-05,0.0041207787580788136,1.3242797531236042e-05,-5.960464477539063e-08,-0.00016442337073385715,0.0,5.960464477539063e-08,0.0003249766265333998
0.04124116897583008,0.0,2.002448309212923e-05,-1.1538444975350942e-05,5.7220458984375e-06,-0.009081650525331497,-1.8807665309822033e-05,2.384185791015625e-07,0.00011869869922520593,0.0,-2.384185791015625e-07,-0.0004615377990140377
0.0463411808013916,0.0,-0.0005685714422725141,-1.288169317012616e-06,6.079673767089844e-06,-0.0017502809641882777,-2.099715986730564e-06,3.5762786865234375e-07,5.9094076277688146e-05,0.0,-3.5762786865234375e-07,-5.1526772680504636e-05
0.05146527290344238,3.5762786865234375e-07,0.00033294910099357367,-1.5772500027031168e-06,9.715557098388672e-06,-0.0030839352402836084,-2.5709175044060805e-06,3.5762786865234375e-07,-0.00023147858155425638,0.0,-3.5762786865234375e-07,-6.309000010812467e-05
0.05657672882080078,0.0,-0.00012153632269473746,6.173454434308683e-06,-1.9669532775878906e-05,0.0005742997163906693,1.0062730727923154e-05,2.384185791015625e-07,7.399523019557819e-05,0.0,-2.384185791015625e-07,0.0002469381773723473
0.06171250343322754,-1.1920928955078125e-07,0.00010198109521297738,-2.4307615707512016e-06,2.384185791015625e-07,-0.005184998270124197,-3.962141360324458e-06,3.5762786865234375e-07,-0.00014952219498809427,0.0,-3.5762786865234375e-07,-9.723046283004807e-05
0.0727696418762207,1.7881393432617188e-07,-1.7228770957444794e-05,5.379033887976559e-07,-4.649162292480469e-06,-5.154819882591255e-05,8.767825237401791e-07,2.384185791015625e-07,0.00014850104344077408,0.0,-2.384185791015625e-07,2.1516135551906236e-05
0.08442115783691406,-1.1920928955078125e-07,-0.00024074620159808546,2.8390310308987176e-06,-1.5735626220703125e-05,-0.008753826841711998,4.6276205803649095e-06,-1.7881393432617188e-07,-0.00011226884089410305,0.0,1.7881393432617188e-07,0.0001135612412359487
0.09586691856384277,1.7881393432617188e-07,-5.448132651508786e-05,-3.8659412711526176e-06,1.0251998901367188e-05,0.0038451063446700573,-6.301484271978766e-06,1.7881393432617188e-07,-6.756477523595095e-05,0.0,-1.7881393432617188e-07,-0.00015463765084610472
0.10718631744384766,-1.1920928955078125e-07,0.00023609132040292025,-8.26596265364829e-07,9.298324584960938e-06,0.0041356803849339485,-1.3473519125446713e-06,3.5762786865234375e-07,-0.00012716940545942634,0.0,-3.5762786865234375e-07,-3.306385061459316e-05
0.11853265762329102,0.0,-6.938249862287194e-05,1.1578209999991582e-06,4.708766937255859e-06,0.0040164729580283165,1.887248229998628e-06,5.960464477539063e-08,-0.00012716848868876696,0.0,-5.960464477539063e-08,4.6312839999966326e-05
0.12954163551330566,-9.834766387939453e-06,0.0011897648219019175,5.089112051904235e-06,9.5367431640625e-06,0.0008946795715019107,8.295252644603901e-06,5.960464477539063e-08,-0.0006710605230182409,0.0,-5.960464477539063e-08,0.0002035644820761694
0.14049983024597168,2.384185791015625e-07,4.982540849596262e-05,-5.062765861734418e-06,5.364418029785156e-07,-0.0005581843433901668,-8.252308354627102e-06,2.384185791015625e-07,-0.0016545362304896116,0.0,-2.384185791015625e-07,-0.0002025106344693767
0.1515336036682129,-1.1920928955078125e-07,0.0004372555995360017,6.061466739521697e-07,-5.4836273193359375e-06,-0.0034117582254111767,9.880190785420366e-07,2.384185791015625e-07,-0.0009467304917052388,0.0,-2.384185791015625e-07,2.4245866958086784e-05
0.1627657413482666,-7.68899917602539e-06,0.00022118829656392336,3.4552969790393285e-06,2.1457672119140625e-06,-0.004149367567151785,5.632134075834105e-06,2.384185791015625e-07,0.0001261531433556229,0.0,-2.384185791015625e-07,0.00013821187916157314
0.1744086742401123,-1.9073486328125e-06,0.0007278274279087782,-2.6245679125126577e-06,7.510185241699219e-06,-0.008269540034234524,-4.278045697395632e-06,5.960464477539063e-08,5.1647777581820264e-05,0.0,-5.960464477539063e-08,-0.0001049827165005063
0.1857447624206543,1.7881393432617188e-07,2.0021689124405384e-05,-1.3387018995217899e-06,-3.159046173095703e-06,0.00415057921782136,-2.182084096220517e-06,3.5762786865234375e-07,-0.00023147427418734878,0.0,-3.5762786865234375e-07,-5.354807598087159e-05
0.19728946685791016,-1.1920928955078125e-07,0.00016903330106288195,3.0150501311274715e-07,5.245208740234375e-06,0.000224123548832722,4.914531713737779e-07,5.960464477539063e-08,8.890114986570552e-05,0.0,-5.960464477539063e-08,1.2060200524509886e-05
0.20899486541748047,1.7881393432617188e-07,-1.7231681340490468e-05,4.431766830698934e-06,-4.297494888305664e-05,0.00011981448187725618,7.223779934039263e-06,5.960464477539063e-08,-0.0010659383842721581,0.0,-5.960464477539063e-08,0.00017727067322795737
0.22069525718688965,-2.7418136596679688e-06,0.00022863748017698526,-3.0227520536638618e-06,4.5299530029296875e-06,-0.005952410865575075,-4.9270858474720945e-06,2.384185791015625e-07,-0.0004698923439718783,0.0,-2.384185791015625e-07,-0.00012091008214655447
0.2317488193511963,-2.3245811462402344e-06,0.0012344646966084838,-6.410832226660125e-07,8.285045623779297e-06,0.00039548458880744874,-1.0449656529456003e-06,2.384185791015625e-07,0.00016340703587047756,0.0,-2.384185791015625e-07,-2.56433289066405e-05
0.24347352981567383,0.0,-0.00011409051512600854,-1.6988528336646393e-06,1.0013580322265625e-05,-0.004059962462633848,-2.769130118873362e-06,2.384185791015625e-07,2.1845991795998998e-05,0.0,-2.384185791015625e-07,-6.795411334658557e-05
0.2544739246368408,0.0,0.0006682189414277673,-6.0500204714316225e-05,1.049041748046875e-05,-0.00040172640001401305,-9.861533368433544e-05,1.5497207641601562e-05,-0.0016023784410208464,0.0,-1.5497207641601562e-05,-0.0024200081885726492
0.2659440040588379,0.0,-7.683913281653076e-05,5.30016769405673e-05,5.960464477539063e-08,0.0021985259372740984,8.63927334131247e-05,2.384185791015625e-07,0.00021556325373239815,0.0,-2.384185791015625e-07,0.002120067077622692
0.27695178985595703,-4.589557647705078e-06,0.0019124650862067938,2.396221909595139e-06,4.231929779052734e-06,-0.005855550989508629,3.905841712640076e-06,1.1920928955078125e-07,8.890394383342937e-05,0.0,-1.1920928955078125e-07,9.584887638380555e-05
0.2884812355041504,0.0,-0.0001662469148868695,-3.826828273562906e-06,7.331371307373047e-06,-0.0008711132104508579,-6.237730085907537e-06,3.5762786865234375e-07,-0.00023147101455833763,0.0,-3.5762786865234375e-07,-0.00015307313094251623
0.2995877265930176,-1.7464160919189453e-05,0.0017262009205296636,1.09640207964966e-05,2.384185791015625e-06,0.003167100716382265,1.7871353898289457e-05,5.960464477539063e-08,-0.0011106390738859773,0.0,-5.960464477539063e-08,0.00043856083185986403
0.31105494499206543,1.7881393432617188e-07,-6.93884285283275e-05,-8.941593682763974e-06,1.9669532775878906e-06,-0.00042407860746607184,-1.4574797702905278e-05,2.384185791015625e-07,0.00013360791490413249,0.0,-2.384185791015625e-07,-0.00035766374731055896
0.3229489326477051,-1.1920928955078125e-07,0.001197210280224681,3.267076411013372e-07,4.5299530029296875e-06,-0.00070720084477216,5.325334549951795e-07,5.960464477539063e-08,-5.025646032663644e-07,0.0,-5.960464477539063e-08,1.3068305644053487e-05
0.3344857692718506,-2.1457672119140625e-06,0.0013462211936712265,9.025874323373252e-07,9.59634780883789e-06,-0.000602892367169261,1.47121751470984e-06,-5.960464477539063e-08,-0.0009094730485230684,0.0,5.960464477539063e-08,3.610349729349301e-05
0.3455922603607178,0.0,-0.0078030917793512344,2.16976879428766e-09,-5.543231964111328e-06,-0.0019067450193688273,3.5367231346888856e-09,0.0,-7.500743959099054e-05,0.0,0.0,8.67907517715064e-08
0.3571445941925049,0.0,0.0006756688235327601,-2.9292803122720596e-06,1.043081283569336e-05,-0.002249471377581358,-4.774726909003457e-06,3.5762786865234375e-07,-0.0001271614892175421,0.0,-3.5762786865234375e-07,-0.00011717121249088239
0.3685758113861084,0.0,-0.001462648855522275,-1.8757853666919994e-05,3.2186508178710938e-06,0.0028839767910540104,-3.0575301477079586e-05,5.125999450683594e-06,-0.00014951277989894152,0.0,-5.125999450683594e-06,-0.0007503141466767998
0.38010215759277344,0.0,0.0009513386758044362,1.527171426503939e-05,7.68899917602539e-06,-0.00701784435659647,2.4892894252014206e-05,3.5762786865234375e-07,-1.5402301869471557e-05,0.0,-3.5762786865234375e-07,0.0006108685706015756
0.39159393310546875,0.0,-0.00015134726709220558,-1.8745957775866037e-07,9.059906005859375e-06,0.00371099216863513,-3.055591117466164e-07,2.384185791015625e-07,0.00023046685964800417,0.0,-2.384185791015625e-07,-7.498383110346415e-06
0.4030172824859619,1.7881393432617188e-07,-9.786105692910496e-06,-5.72302374462005e-07,4.351139068603516e-06,0.0036737387999892235,-9.328528703730681e-07,3.5762786865234375e-07,-7.500695937778801e-05,0.0,-3.5762786865234375e-07,-2.2892094978480196e-05
0.41460204124450684,-1.1920928955078125e-07,0.0001988301519304514,-1.7463927890946372e-05,-2.384185791015625e-07,0.005417174194008112,-2.8466202462242587e-05,4.76837158203125e-06,-0.0009318229276686907,0.0,-4.76837158203125e-06,-0.0006985571156378549
0.4256918430328369,1.7881393432617188e-07,-0.004763257689774036,1.4665958325632198e-05,5.185604095458984e-06,-0.005334014073014259,2.390551207078048e-05,2.384185791015625e-07,0.00011870896560139954,0.0,-2.384185791015625e-07,0.0005866383330252879
0.4366426467895508,0.0,-0.00019605156558100134,-4.953754927934296e-07,6.9141387939453125e-06,0.0008872199687175453,-8.074620532532902e-07,2.384185791015625e-07,0.000424183439463377,0.0,-2.384185791015625e-07,-1.9815019711737186e-05
0.44765210151672363,0.0,-0.00023330557451117784,2.2964322129686594e-08,9.238719940185547e-06,-0.006749625317752361,3.743184507138915e-08,5.960464477539063e-08,-8.990627247840166e-05,0.0,-5.960464477539063e-08,9.185728851874638e-07
0.4594104290008545,-1.1920928955078125e-07,6.471766391769052e-05,-1.5714069647037888e-06,1.0013580322265625e-05,0.00201970711350441,-2.5613933524671757e-06,3.5762786865234375e-07,-0.0009541736217215657,0.0,-3.5762786865234375e-07,-6.285627858815155e-05
0.4710235595703125,-1.1920928955078125e-07,0.00013177288929000497,1.182851863212395e-07,7.68899917602539e-06,-0.00023781988420523703,1.9280485370362038e-07,2.384185791015625e-07,0.002942480146884918,0.0,-2.384185791015625e-07,4.73140745284958e-06
0.4824237823486328,0.0,-0.00018115151033271104,2.2896716063591186e-08,9.417533874511719e-06,0.00011235718557145447,3.7321647183653636e-08,5.960464477539063e-08,-5.265336949378252e-05,0.0,-5.960464477539063e-08,9.158686425436475e-07
0.4933943748474121,-1.1920928955078125e-07,2.0014180336147547e-05,-6.761079843257295e-07,5.781650543212891e-06,-0.006958245299756527,-1.102056014450939e-06,2.384185791015625e-07,8.890813478501514e-05,0.0,-2.384185791015625e-07,-2.704431937302918e-05
0.5043990612030029,0.0,-0.00016625075659248978,-8.394954710265032e-07,9.238719940185547e-06,-0.0022867312654852867,-1.3683776177732002e-06,2.384185791015625e-07,0.00021556841966230422,0.0,-2.384185791015625e-07,-3.357981884106013e-05
0.5160610675811768,3.5762786865234375e-07,2.74640042334795e-05,1.625430879485164e-06,-6.973743438720703e-06,-0.0038439028430730104,2.649452333560817e-06,5.960464477539063e-08,-0.0010957338381558657,0.0,-5.960464477539063e-08,6.501723517940655e-05
0.5271329879760742,1.7881393432617188e-07,-0.00406290590763092,-5.575647494779014e-07,-8.165836334228516e-06,0.0023251809179782867,-9.088305416489793e-07,2.384185791015625e-07,-0.0016992304008454084,0.0,-2.384185791015625e-07,-2.2302589979116055e-05
0.5383751392364502,0.0,-0.0012093344703316689,5.836273640914067e-07,-7.152557373046875e-06,-0.0022494751028716564,9.513126034689929e-07,5.960464477539063e-08,-0.000894567056093365,0.0,-5.960464477539063e-08,2.3345094563656267e-05
0.5496869087219238,5.364418029785156e-07,0.0006384087027981877,-2.020944526438243e-06,9.47713851928711e-06,0.0019079474732279778,-3.294139578094336e-06,5.960464477539063e-08,3.675639527500607e-05,0.0,-5.960464477539063e-08,-8.083778105752971e-05
0.5608813762664795,4.172325134277344e-07,7.961434312164783e-05,-1.1425036466426695e-06,5.066394805908203e-06,0.0032863037195056677,-1.8622809440275513e-06,3.5762786865234375e-07,-0.00019421159231569618,0.0,-3.5762786865234375e-07,-4.570014586570678e-05
0.5718479156494141,-1.1920928955078125e-07,9.451549703953788e-05,-2.7324099176652143e-07,1.0251998901367188e-05,-0.00674218125641346,-4.453828165794299e-07,2.384185791015625e-07,0.001951555721461773,0.0,-2.384185791015625e-07,-1.0929639670660858e-05
0.5831890106201172,2.980232238769531e-07,0.00016157003119587898,1.3011167932878875e-07,8.463859558105469e-06,0.0023251737002283335,2.1208203730592565e-07,5.960464477539063e-08,-0.0001346066128462553,0.0,-5.960464477539063e-08,5.20446717315155e-06
0.5945627689361572,-1.5497207641601562e-06,0.0005788013804703951,-6.618032463937139e-07,9.59634780883789e-06,0.0018855900270864367,-1.0787392916217538e-06,3.5762786865234375e-07,-4.5199620217317715e-05,0.0,-3.5762786865234375e-07,-2.6472129855748557e-05
0.6061539649963379,0.0,0.0005937019595876336,-9.12412858350917e-07,1.0013580322265625e-05,0.0021761623211205006,-1.4872329591119946e-06,2.384185791015625e-07,0.00023792244610376656,0.0,-2.384185791015625e-07,-3.6496514334036676e-05
0.6174049377441406,0.0,-0.00044192883069626987,-1.5079145419648225e-08,5.960464477539063e-08,1.5491403246414848e-05,-2.4579007034026607e-08,3.5762786865234375e-07,-5.2650211728177965e-05,0.0,-3.5762786865234375e-07,-6.03165816785929e-07
0.6289584636688232,-1.7881393432617188e-07,0.00014666724018752575,-2.8880485453087734e-07,5.960464477539063e-08,-0.005930072627961636,-4.7075191288533e-07,3.5762786865234375e-07,0.002741317730396986,0.0,-3.5762786865234375e-07,-1.1552194181235094e-05
0.6399922370910645,1.7881393432617188e-07,-9.795535333978478e-06,-4.140091734531473e-07,1.0192394256591797e-05,0.0026008421555161476,-6.748349527286301e-07,5.960464477539063e-08,7.401011680485681e-05,0.0,-5.960464477539063e-08,-1.656036693812589e-05
0.6520407199859619,1.7881393432617188e-07,-9.796350241231266e-06,-6.588673870947437e-07,5.960464477539062e-07,0.0036811772733926773,-1.0739538409644324e-06,3.5762786865234375e-07,-0.0002240130997961387,0.0,-3.5762786865234375e-07,-2.6354695483789752e-05
0.663398027420044,0.0,-0.0001960613444680348,6.687919999701671e-07,-4.291534423828125e-06,-0.004618770442903042,1.0901309599513725e-06,2.384185791015625e-07,-0.000983971287496388,0.0,-2.384185791015625e-07,2.675167999880669e-05
0.674508810043335,-1.1920928955078125e-07,0.00012431363575160503,8.817045479034566e-08,-6.67572021484375e-06,0.003114932682365179,1.4371784130826342e-07,2.384185791015625e-07,0.0001559675729367882,0.0,-2.384185791015625e-07,3.5268181916138264e-06
0.6854712963104248,-3.337860107421875e-06,-0.004226825665682554,-3.7582081097103195e-05,4.351139068603516e-06,-0.005438333842903376,-6.125879218827821e-05,9.417533874511719e-06,-0.00042517820838838816,0.0,-9.417533874511719e-06,-0.0015032832438841277
0.6963403224945068,0.0,0.00045958877308294177,2.8924699968788365e-05,1.0371208190917969e-05,-0.013507314026355743,4.7147260949125035e-05,5.960464477539063e-08,6.955932803975884e-06,0.0,-5.960464477539063e-08,0.0011569879987515345
0.7075998783111572,0.0,-9.175425657304004e-05,-5.644329484031978e-07,-5.364418029785156e-07,0.005387359298765659,-9.200257058972123e-07,3.5762786865234375e-07,-0.00017185798787977546,0.0,-3.5762786865234375e-07,-2.257731793612791e-05
0.7186117172241211,3.5762786865234375e-07,4.9806316383183e-05,-1.1566620157694581e-06,9.179115295410156e-06,3.039203329535667e-05,-1.8853590857042167e-06,2.384185791015625e-07,0.0030095400288701057,0.0,-2.384185791015625e-07,-4.626648063077832e-05
0.7296442985534668,-1.1920928955078125e-07,0.001130140502937138,3.1925853515819626e-07,2.9802322387695312e-06,0.003181986976414919,5.2039141230786e-07,2.384185791015625e-07,0.00024537454009987414,0.0,-2.384185791015625e-07,1.2770341406327852e-05
0.7408773899078369,1.1920928955078125e-07,-6.940286402823403e-05,-4.752841833673274e-05,-1.1980533599853516e-05,-0.006652779411524534,-7.747132188887436e-05,1.2516975402832031e-05,-0.0003804742591455579,0.0,-1.2516975402832031e-05,-0.0019011367334693095
0.7523903846740723,0.0,-0.0001588103623362258,3.9651442044055186e-05,-2.0265579223632812e-06,0.0028243595734238625,6.463185053180995e-05,2.384185791015625e-07,-0.0007008491666056216,0.0,-2.384185791015625e-07,0.0015860576817622075
0.7637174129486084,-1.1920928955078125e-07,0.00016156461788341403,-1.0309544551524848e-06,5.245208740234375e-06,0.0027126010973006487,-1.68045576189855e-06,2.384185791015625e-07,8.146182517521083e-05,0.0,-2.384185791015625e-07,-4.123817820609939e-05
0.7753846645355225,-9.715557098388672e-06,0.0001839167671278119,4.308513507569343e-06,9.000301361083984e-06,-0.005512840114533901,7.022877017338029e-06,2.384185791015625e-07,0.0001634181389817968,0.0,-2.384185791015625e-07,0.0001723405403027737
0.787315845489502,-1.1920928955078125e-07,4.235572487232275e-05,-4.499250407950345e-06,9.894371032714844e-06,-0.0104376757517457,-7.333778164959063e-06,5.960464477539063e-08,-7.944297976791859e-06,0.0,-5.960464477539063e-08,-0.00017997001631801383
0.7987885475158691,0.0,-0.0002333157608518377,-1.2822732479103383e-06,9.834766387939453e-06,0.00017940082761924714,-2.0901053940938517e-06,2.384185791015625e-07,0.0001559689553687349,0.0,-2.384185791015625e-07,-5.129092991641353e-05
0.8102898597717285,-1.1920928955078125e-07,0.0006235011387616396,-9.397507184947469e-07,8.881092071533203e-06,0.004359177779406309,-1.5317936711464375e-06,3.5762786865234375e-07,-0.00011970252671744674,0.0,-3.5762786865234375e-07,-3.7590028739789876e-05
0.822136402130127,0.0,-3.9600548916496336e-05,6.109945423047319e-07,-4.76837158203125e-07,0.007890752516686916,9.95921103956713e-07,2.384185791015625e-07,0.00018577174341771752,0.0,-2.384185791015625e-07,2.4439781692189277e-05
0.8341536521911621,1.7881393432617188e-07,-6.940298044355586e-05,-1.0303583479190014e-06,2.980232238769531e-07,0.0019377354765310884,-1.6794841071079724e-06,3.5762786865234375e-07,-6.754799687769264e-05,0.0,-3.5762786865234375e-07,-4.121433391676006e-05
0.8463060855865479,-1.1920928955078125e-07,0.0002062685089185834,4.463367202352197e-07,-8.165836334228516e-06,0.004821110982447863,7.275288539834081e-07,3.5762786865234375e-07,-5.26467920280993e-05,0.0,-3.5762786865234375e-07,1.7853468809408787e-05
0.8589451313018799,2.384185791015625e-07,2.000364474952221e-05,1.2804029433643874e-07,-5.424022674560547e-06,-0.0059077260084450245,2.0870567976839514e-07,1.1920928955078125e-07,-0.000492229824885726,0.0,-1.1920928955078125e-07,5.12161177345755e-06
0.8710401058197021,-7.748603820800781e-07,0.0001541131641715765,3.289894093451144e-08,-2.384185791015625e-07,0.003345894394442439,5.362527372325365e-08,5.960464477539063e-08,0.007673607673496008,0.0,-5.960464477539063e-08,1.3159576373804577e-06
0.8828685283660889,-1.1920928955078125e-07,6.470618973253295e-05,-2.3048660099306525e-06,1.0251998901367188e-05,0.0027647477108985186,-3.7569315961869637e-06,2.384185791015625e-07,0.00022302709112409502,0.0,-2.384185791015625e-07,-9.21946403972261e-05
0.8947286605834961,0.0,-0.0002109652996296063,-1.101569565843887e-06,9.5367431640625e-06,-0.0045591737143695354,-1.7955583923255358e-06,3.5762786865234375e-07,0.002704071346670389,0.0,-3.5762786865234375e-07,-4.406278263375548e-05
0.9065654277801514,5.960464477539063e-08,-9.175611921818927e-05,5.20040764550656e-07,1.0132789611816406e-06,0.004985017701983452,8.476664462175692e-07,2.384185791015625e-07,0.00020812709408346564,0.0,-2.384185791015625e-07,2.0801630582026238e-05
0.9186151027679443,-1.1920928955078125e-07,0.00019136595074087381,1.322225942472011e-06,-2.0742416381835938e-05,0.0053351945243775845,2.155228286229378e-06,3.5762786865234375e-07,-7.499496859963983e-05,0.0,-3.5762786865234375e-07,5.2889037698880436e-05
0.9303452968597412,2.384185791015625e-07,0.0013462050119414926,-3.1857936105488824e-06,9.775161743164062e-06,0.0012671753065660596,-5.192843585194678e-06,3.5762786865234375e-07,-0.00013459961337503046,0.0,-3.5762786865234375e-07,-0.0001274317444219553
0.9423820972442627,1.7881393432617188e-07,0.0011152365477755666,-2.266409720706646e-06,2.5033950805664062e-06,0.004388967528939247,-3.694247844751833e-06,9.5367431640625e-07,0.00023792992578819394,0.0,-9.5367431640625e-07,-9.065638882826583e-05
0.9545226097106934,0.0,-0.00012155972217442468,4.591462962624126e-06,-9.298324584960938e-06,-0.0012511223321780562,7.484084629077326e-06,-1.7881393432617188e-07,-6.009277421981096e-05,0.0,1.7881393432617188e-07,0.00018365851850496505
0.9665155410766602,-4.76837158203125e-07,0.0018155912403017282,-3.3855318307336572e-06,7.450580596923828e-06,-0.0032553281635046005,-5.5184168840958615e-06,3.5762786865234375e-07,-0.0006114357383921742,0.0,-3.5762786865234375e-07,-0.00013542127322934628
0.9784409999847412,-9.47713851928711e-06,-0.001462664338760078,5.281552743935469e-06,1.3113021850585938e-06,0.00016448837413918227,8.608930972614815e-06,2.384185791015625e-07,2.1863641450181603e-05,0.0,-2.384185791015625e-07,0.00021126210975741874
0.9904401302337646,0.0,-0.00016626356227789074,-5.746509020445028e-06,1.0311603546142578e-05,0.00020174257224425673,-9.366809703325394e-06,2.384185791015625e-07,0.00019322699517942965,0.0,-2.384185791015625e-07,-0.00022986036081780112
1.0021717548370361,-1.1920928955078125e-07,0.00011685851495712996,0.4540437775966877,2.562999725341797e-06,-0.002100487006828189,0.08109737212810247,5.960464477539063e-08,-0.0009094584966078401,0.04182771118331455,0.04182765157866977,10.075935332646669
1.014230728149414,-1.1920928955078125e-07,0.00010940792708424851,0.4401823357492832,-2.3245811462402344e-06,0.003286283230409026,0.08457242560955172,7.152557373046875e-07,0.003978123422712088,0.0757239366669463,0.07572322141120899,9.841345188722496
1.0261621475219727,2.384185791015625e-07,6.47037522867322e-05,0.4158990793992037,4.887580871582031e-06,0.0023028061259537935,0.08508402612006102,2.384185791015625e-07,0.00023793175932951272,0.10210680662824745,0.10210656820966835,9.361957368598318
1.038198709487915,-1.1920928955078125e-07,0.0004893868463113904,0.40440091930384314,-3.3974647521972656e-06,-0.0062728142365813255,0.08676328514133586,3.5762786865234375e-07,-7.937414920888841e-06,0.12305077556127979,0.12305041793341114,9.152598571860125
1.050222635269165,0.0,0.0004893860314041376,0.3925976748729153,-2.2649765014648438e-06,-0.0035384520888328552,0.08762039325399323,-5.960464477539063e-08,-7.937196642160416e-06,0.139498553984124,0.13949861358876878,8.927050347200554
1.0621676445007324,-1.5497207641601562e-06,0.00011685641948133707,0.38388278740937865,-1.0848045349121094e-05,0.0034650941379368305,0.08837997423797248,3.5762786865234375e-07,-0.00020910285820718855,0.15235550558659305,0.1523551479587244,8.762072610003186
1.0741832256317139,-1.1920928955078125e-07,0.00010940583160845563,0.3791015869447064,3.635883331298828e-06,-0.0024804696440696716,0.08932113949667153,2.384185791015625e-07,5.9118057833984494e-05,0.16253319059264576,0.16253295217406666,8.67799664069378
1.0861454010009766,0.0,-0.0001588150771567598,0.3734794749454815,-2.0265579223632812e-06,0.004157996270805597,0.08975804450679942,5.960464477539063e-08,2.1865011149202473e-05,0.17050525973923666,0.1705052001345919,8.570915198379561
1.0983352661132812,0.0,-7.685868331464007e-05,0.3729758559761165,7.68899917602539e-06,0.002444363432005048,0.09075392169678329,5.960464477539063e-08,5.1666927902260795e-05,0.176886551160524,0.17688649155587924,8.573062171016604
1.1103858947753906,-9.775161743164062e-06,0.00032547267619520426,0.37107586794618863,-7.212162017822266e-06,0.0026157270185649395,0.09128358947492712,2.384185791015625e-07,-0.0012000290444120765,0.18183671814531974,0.18183647972674064,8.541561401560916
1.1224842071533203,-1.1920928955078125e-07,-0.002751617692410946,0.3696304239214888,-8.940696716308594e-07,0.0021910436917096376,0.0917081358871012,1.5497207641601562e-05,-0.00033576099667698145,0.1857403220845473,0.1857248248769057,8.517861679498504
1.1345629692077637,3.5762786865234375e-07,4.234933294355869e-05,0.3704178629839938,-1.7881393432617188e-06,-0.004492125473916531,0.0923582669177713,3.5762786865234375e-07,-0.0009914120892062783,0.18880059572596564,0.18880023809809698,8.541587528609586
1.1467459201812744,-1.1920928955078125e-07,0.00019881152547895908,0.3707961843618733,9.119510650634766e-06,-0.0013330798828974366,0.09282628620006117,2.384185791015625e-07,8.892212645150721e-05,0.1912224127640545,0.1912221743454754,8.554896524048033
1.158742904663086,0.0,-0.00047919154167175293,0.3719233274477286,1.0132789611816406e-05,-0.0116819366812706,0.09332863678901465,2.384185791015625e-07,0.000141076190629974,0.19309488889005808,0.19309465047147897,8.583603196672543
1.1707355976104736,0.0,0.0010705285239964724,0.3733212914950579,7.3909759521484375e-06,0.0035246985498815775,0.09380599947147478,5.841255187988281e-06,-0.0003283104160800576,0.19456745335708592,0.19456161210189793,8.61741968844686
1.1826941967010498,0.0,-0.0001290149666601792,0.3751141171105583,-4.589557647705078e-06,-0.00245066755451262,0.09429694072816205,5.960464477539063e-08,-0.0009169053519144654,0.1957230675420322,0.19572300793738742,8.659300019857326
1.19447660446167,1.1920928955078125e-07,0.0007650548359379172,0.37667545708569505,-3.933906555175781e-06,0.0003209469432476908,0.09470154770977043,2.384185791015625e-07,0.00017087944434024394,0.19662097271697282,0.19662073429839372,8.695491322201882
1.2066566944122314,-4.410743713378906e-06,0.0011152304941788316,0.37892310711259214,-3.159046173095703e-06,-0.004097245633602142,0.09518998212084898,2.384185791015625e-07,7.402188930427656e-05,0.19735151949030266,0.19735128107172356,8.746437382998456
1.21878981590271,1.7881393432617188e-07,0.00037017144495621324,0.3809944065151828,-8.52346420288086e-06,0.004478374496102333,0.09562621127081786,1.2576580047607422e-05,-0.00039536471012979746,0.19792217088667052,0.19790959430662292,8.793215875957863
1.2307155132293701,-7.748603820800781e-07,0.0001243018778041005,0.38346905219716254,-5.185604095458984e-06,0.004746595863252878,0.09610317636146862,5.960464477539063e-08,-6.753869820386171e-05,0.1983630910011703,0.19836303139652553,8.84856112199808
1.2423479557037354,2.384185791015625e-07,-1.7259757441934198e-05,0.3853632687836246,2.086162567138672e-06,0.005379894282668829,0.09646696408627489,1.2636184692382812e-05,-0.0003059572773054242,0.1987028612760786,0.19869022509138623,8.89090910679243
1.2543587684631348,0.0,-0.00021842542628291994,0.3880811884243532,-1.0371208190917969e-05,0.0009542481857351959,0.09696250500414683,3.5762786865234375e-07,-0.0004624194698408246,0.19897985517556183,0.19897949754769317,8.951347756268007
1.2663710117340088,-3.2782554626464844e-06,0.0015995159046724439,0.390425707385079,8.106231689453125e-06,-0.004812501836568117,0.09737412470009038,3.6954879760742188e-06,-0.00017184647731482983,0.1991977221329328,0.19919402664495672,9.003288683899008
1.2789006233215332,0.0,-0.00013646938896272331,0.3931220792919904,-2.9802322387695312e-06,0.0028466940857470036,0.0978516622973874,5.960464477539063e-08,2.1869202100788243e-05,0.1993755552943983,0.19937549568975352,9.063075479059284
1.2909350395202637,-1.1920928955078125e-07,0.0005489840405061841,0.39555457767462665,-2.765655517578125e-05,-0.0014075881335884333,0.09827327894812501,3.5762786865234375e-07,-0.0006859359564259648,0.19950913238913387,0.19950877476126522,9.116898657150507
1.3029203414916992,0.0,-9.809518815018237e-06,0.398086492017628,1.0073184967041016e-05,0.004917955491691828,0.09869149446602987,2.384185791015625e-07,3.677039057947695e-05,0.19961375633747638,0.19961351791889728,9.172668422757836
1.3149023056030273,-1.4901161193847656e-06,0.00049682951066643,0.400644943047816,-2.002716064453125e-05,0.0018036121036857367,0.09913481313988434,0.0,0.0009159398614428937,0.19969606035723886,0.19969606035723886,9.229276936292324
1.3268954753875732,5.364418029785156e-07,8.704746142029762e-05,0.4032075149522366,-5.066394805908203e-06,0.004433666355907917,0.09955611799295383,1.0132789611816406e-06,-0.00011223985347896814,0.19976087994632272,0.19975986666736154,9.285697759080975
1.3389382362365723,1.7881393432617188e-07,-9.810960364120547e-06,0.40583059481387107,5.364418029785156e-07,-0.007733131758868694,0.09999311294232838,5.960464477539063e-08,3.6772577004740015e-05,0.1998120622998981,0.19981200269525332,9.343521257532984
1.3510243892669678,-1.1920928955078125e-07,0.00023605820024386048,0.4084037908843099,4.887580871582031e-06,0.0028392416425049305,0.10041931639326548,3.5762786865234375e-07,-0.00023144831357058138,0.19985241748178617,0.19985205985391752,9.400214669137307
1.362945318222046,0.0,-3.216271579731256e-05,0.4110062021280474,6.139278411865234e-06,0.005439492408186197,0.10084927370164481,9.5367431640625e-07,-0.00011223799083381891,0.19988372374298438,0.19988277006866798,9.457538443808122
1.3750288486480713,-9.298324584960938e-06,0.0003627181285992265,0.4136393165455773,2.980232238769531e-07,-7.393664418486878e-05,0.10128125036269431,3.5762786865234375e-07,-9.733680781209841e-05,0.1999086865332025,0.19990832890533386,9.515501059288162
1.3869857788085938,-9.655952453613281e-06,0.0007948523852974176,0.4162037825756588,-1.0132789611816406e-05,-0.006935924291610718,0.10170632014881928,0.0,-0.0005667229415848851,0.1999281083823822,0.1999281083823822,9.572005960087646
1.3986737728118896,0.0,-6.941497849766165e-05,0.41862203081989857,-1.3709068298339844e-06,-0.006116361357271671,0.10210252367363298,2.384185791015625e-07,8.147759945131838e-05,0.19994309405632327,0.19994285563774417,9.625232317914941
1.4098131656646729,0.0,-9.921729360939935e-05,0.4210394349283963,7.152557373046875e-07,0.00013467631652019918,0.10249677654214101,2.384185791015625e-07,9.637875336920843e-05,0.19995445904928447,0.19995422063070536,9.678417858594194
1.420825481414795,-1.1920928955078125e-07,0.001569712650962174,0.42347925182153223,7.748603820800781e-07,0.0043666064739227295,0.10289637504106394,-5.960464477539063e-08,-3.77303222194314e-05,0.19996346153205502,0.1999635211366998,9.732117245523453
1.4320225715637207,0.0,0.0013834479032084346,0.4257917039664605,-9.59634780883789e-06,0.0011852075112983584,0.10327668353011596,2.384185791015625e-06,-0.000142038450576365,0.1999707925498478,0.19996840836405677,9.783032650250878
1.4425652027130127,-1.3113021850585938e-06,0.00013920094352215528,0.4282364672881134,7.987022399902344e-06,0.0033458753023296595,0.10366994778167674,3.5762786865234375e-07,-1.5378553143818863e-05,0.19997634507837217,0.19997598745050352,9.836753244923944
1.453777551651001,-1.1920928955078125e-07,3.489280425128527e-05,0.4305607674993198,0.0,-0.0015044512692838907,0.10405555067270988,2.384185791015625e-07,0.00017088596359826624,0.19998109693237334,0.19998085851379424,9.887970572964432
1.4644641876220703,0.0,-9.17665965971537e-05,0.43300519578471325,4.410743713378906e-06,0.0024965102784335613,0.10445184835914417,2.384185791015625e-07,0.0002155899564968422,0.19998473455926902,0.19998449614068992,9.941721686972107
1.4756813049316406,1.7881393432617188e-07,1.9992294255644083e-05,0.43534767042322287,-2.4437904357910156e-06,0.0026827743276953697,0.10483655712528084,2.384185791015625e-07,0.0001634358341107145,0.19998780227874918,0.19998756386017008,9.993291532701033
1.4862074851989746,5.960464477539063e-08,0.0007650499464944005,0.437668154853555,-5.066394805908203e-06,0.0005221065366640687,0.10521441485901484,3.5762786865234375e-07,-0.00018674145394470543,0.19999011789499527,0.19998976026712662,10.044337512519135
1.4968159198760986,-5.900859832763672e-06,0.0004074221942573786,0.43999182284490357,5.364418029785156e-07,0.004679530393332243,0.10558954476262339,2.384185791015625e-07,-0.0007157326908782125,0.1999920070743822,0.1999917686558031,10.095413693249277
1.5077383518218994,0.0,-6.196439790073782e-05,0.4423729789007187,-2.777576446533203e-05,-0.0013479897752404213,0.10598950684288957,5.960464477539063e-08,-1.53776491060853e-05,0.1999935755680542,0.19999351596340942,10.147944324552896
1.5186266899108887,0.0,-9.176671301247552e-05,0.44467120975880803,-7.68899917602539e-06,0.0005146570038050413,0.1063525651377753,2.384185791015625e-07,7.402979099424556e-05,0.19999483274576346,0.19999459432718436,10.198363644719416
1.5289413928985596,-1.1920928955078125e-07,0.00023605884052813053,0.4469579482895314,-1.806020736694336e-05,0.0037780103739351034,0.10673175236672697,3.5762786865234375e-07,-0.00020164168381597847,0.19999579595401126,0.1999954383261426,10.2487510193701
1.5394773483276367,-4.76837158203125e-07,0.00013920071069151163,0.44927699208206107,9.953975677490234e-06,-0.004298420622944832,0.10710111703695813,2.384185791015625e-07,0.0005508670001290739,0.19999659471620168,0.19999635629762258,10.299663977064021
1.5503895282745361,0.0,-0.00012902067101094872,0.45178720192911964,-2.9206275939941406e-06,0.005007354076951742,0.10751895803776113,-1.7881393432617188e-07,-1.5376368537545204e-05,0.1999972623916214,0.19999744120555574,10.354995057450628
1.5615642070770264,-1.1920928955078125e-07,0.00019135430920869112,0.4541916890152875,-2.3245811462402344e-06,-0.0019365892512723804,0.10790829022640025,3.5762786865234375e-07,-0.00014203622413333505,0.1999978106797475,0.19999745305187885,10.407861881243175
1.5725748538970947,5.960464477539063e-08,-8.431764581473544e-05,0.45667414240545223,9.000301361083984e-06,-0.0013256404781714082,0.10831070545879987,0.0,2.9327698939596303e-05,0.1999982434034258,0.1999982434034258,10.462448559259963
1.583893060684204,-5.662441253662109e-06,-0.0023120418190956116,0.4591075307022629,9.47713851928711e-06,0.003919566515833139,0.10870721524443813,3.5762786865234375e-07,-0.00019418970623519272,0.19999859924127464,0.19999824161340599,10.515981475940205
1.5950889587402344,0.0,-0.00021842845308128744,0.4615538999023564,4.112720489501953e-06,0.004172883927822113,0.1091109777609025,2.384185791015625e-07,-0.0004326077760197222,0.1999988802604928,0.1999986418419137,10.569863001248386
1.6062674522399902,-2.086162567138672e-06,0.00016154965851455927,0.4640119786338774,9.417533874511719e-06,0.0037109465338289738,0.10950716325274754,5.960464477539063e-08,2.93289795081364e-05,0.19999910459020556,0.1999990449855608,10.623885747557885
1.6174476146697998,-1.1920928955078125e-07,-0.00389901758171618,0.4664418438609529,2.8014183044433594e-06,0.0008126705070026219,0.10990696742530487,3.5762786865234375e-07,-0.00019418842566665262,0.19999928400138275,0.1999989263735141,10.67738862476881
1.6285183429718018,0.0,0.0006905394839122891,0.46887492651724144,-5.304813385009766e-06,0.004120728000998497,0.11030375486240707,2.384185791015625e-07,0.00013363713514991105,0.1999994262098887,0.1999991877913096,10.730918835405038
1.6397483348846436,0.0,-9.922207391355187e-05,0.4713443090730459,9.47713851928711e-06,0.0015949794324114919,0.11070142733862004,2.384185791015625e-07,5.9131318266736344e-05,0.19999954163590689,0.19999930321732778,10.785185903407177
1.651353120803833,0.0,0.0015697070630267262,0.473846678897372,-1.341104507446289e-05,0.0048583331517875195,0.11111706620278589,3.5762786865234375e-07,-0.0002388919092481956,0.19999963657675723,0.19999927894888858,10.840333163257696
1.6624422073364258,0.0,-0.0001364762574667111,0.4762866909826668,-1.1920928955078125e-07,-0.009290320798754692,0.11150777904773823,2.384185791015625e-07,-0.0008572899387218058,0.19999970886520224,0.19999947044662314,10.893927427601044
1.6735923290252686,-4.76837158203125e-06,0.0002584044123068452,0.47875269544579674,6.794929504394531e-06,0.003502326086163521,0.11190892840951355,2.384185791015625e-07,0.00018579131574369967,0.1999997670592921,0.199999528640713,10.948169594922236
1.6847705841064453,1.7881393432617188e-07,-3.216916593373753e-05,0.48118113962550885,-5.781650543212891e-06,0.0016843837220221758,0.11231198289900751,5.960464477539063e-08,5.1680839533219114e-05,0.19999981372597408,0.1999997541213293,11.0016839323753
1.6963536739349365,4.172325134277344e-07,0.0010705164168030024,0.4836936554284356,-2.205371856689453e-06,-0.001772686024196446,0.1127170838113386,2.384185791015625e-07,4.423129576025531e-05,0.1999998522447704,0.1999996138261913,11.05690481177532
1.7074408531188965,-1.1920928955078125e-05,0.001070515951141715,0.48618040980448635,-9.000301361083984e-06,0.0032043014653027058,0.11312034727373488,2.384185791015625e-07,-0.0009243438253179193,0.19999988163021842,0.19999964321163932,11.111587917239847
1.7186005115509033,-2.562999725341797e-06,-0.007125123403966427,0.48850284828367535,-4.947185516357422e-06,0.0014608643250539899,0.11350362960153088,2.384185791015625e-07,0.00017089155153371394,0.19999990530887318,0.19999966689029408,11.162739537471433
1.7294950485229492,0.0,-8.432451431872323e-05,0.4909601582912666,5.125999450683594e-06,0.0016098760534077883,0.11390066319109185,2.384185791015625e-07,-0.000782782444730401,0.19999992384813586,0.19999968542955676,11.216757315409282
1.740708351135254,1.7881393432617188e-07,0.0011226697824895382,0.4933912472836878,-5.960464477539062e-07,0.0059088608250021935,0.11429938457279396,2.384185791015625e-07,0.00012618841719813645,0.19999993914685477,0.19999970072827566,11.270271382149755
1.7517802715301514,-5.364418029785156e-07,-0.0007921309443190694,0.49583882731258966,-1.6510486602783203e-05,0.0007456087041646242,0.11470062578802967,2.384185791015625e-07,0.0010202587582170963,0.19999995123440234,0.19999971281582324,11.32414618782271
1.7629420757293701,-7.569789886474609e-06,0.0008022922556847334,0.498290564720784,-1.0132789611816406e-06,0.003807798260822892,0.11509167672152776,2.384185791015625e-07,0.00023049712763167918,0.19999996099113165,0.19999972257255255,11.377979106949763
1.7740700244903564,5.960464477539063e-08,0.0018379222601652145,0.5006337709047824,-4.0531158447265625e-06,-0.005669339094310999,0.11548040628794404,8.106231689453125e-06,-0.000432604574598372,0.1999999687746571,0.19999186254296764,11.429612918561219
1.7855486869812012,0.0,-0.00018863567674998194,0.5032723973110061,-1.9788742065429688e-05,-0.008992296643555164,0.11591272511955375,0.0,-2.2822176106274128e-05,0.19999997517982604,0.19999997517982604,11.487689972226917
1.796670913696289,1.7881393432617188e-07,0.0004968177527189255,0.5057366279525123,6.079673767089844e-06,-0.004581551533192396,0.11630485073201141,7.569789886474609e-06,-0.0003953502746298909,0.1999999801299762,0.19999241034008972,11.54178594226511
1.8086724281311035,0.0,-0.00013648242747876793,0.5083942216130399,9.715557098388672e-06,0.0008424693951383233,0.11674258726592734,2.384185791015625e-07,1.4431687304750085e-05,0.1999999843701591,0.19999974595158,11.60030881589181
1.8200819492340088,-1.1920928955078125e-07,0.0001838925527408719,0.510688315587691,6.9141387939453125e-06,0.004128174390643835,0.11711746040745791,2.205371856689453e-06,-0.00022398668806999922,0.19999998755907372,0.19999778218721703,11.650790365833059
1.8310291767120361,-5.960464477539063e-08,-9.822557331062853e-06,0.5131965112213068,9.238719940185547e-06,0.0011926458682864904,0.11752562179249965,3.5762786865234375e-07,6.98133908372256e-06,0.19999999000537955,0.1999996323775109,11.705962393659261
1.8422472476959229,2.384185791015625e-07,0.0006756304064765573,0.5156867191216815,3.2782554626464844e-06,0.001177741913124919,0.11793342656356073,5.960464477539063e-08,8.1487356510479e-05,0.19999999201403543,0.19999993240939065,11.760770291188976
1.8536958694458008,0.0,-6.942766776774079e-05,0.5181448377884882,-1.430511474609375e-06,-0.000267671886831522,0.11833393563096514,2.384185791015625e-07,-0.0011851114686578512,0.19999999364835944,0.19999975522978033,11.814846886211054
1.8649134635925293,0.0,-9.922998287947848e-05,0.5205503415243753,1.0192394256591797e-05,0.002123964251950383,0.11872213051630573,2.9206275939941406e-06,-0.0001569307642057538,0.19999999492482376,0.19999707429722977,11.867720088356286
1.876124382019043,-1.1920928955078125e-07,0.0002136944094672799,0.5230435674415236,3.0994415283203125e-06,-0.007837464101612568,0.11913261032529324,3.5762786865234375e-07,0.0010202610865235329,0.19999999594422058,0.19999963831635192,11.92262116877272
1.8871667385101318,-9.5367431640625e-06,0.0003701557870954275,0.5254998680438325,1.0728836059570312e-06,0.0008648131042718887,0.11952904683772436,2.384185791015625e-07,-0.0005592613015323877,0.19999999674791688,0.19999975832933778,11.97661143250517
1.898404836654663,0.0,-5.452732148114592e-05,0.5277573597515743,-1.4483928680419922e-05,0.0020420043729245663,0.11990635816032769,7.748603820800781e-07,-0.00011967640602961183,0.19999999740254065,0.19999922254215857,12.026390853440416
1.9086213111877441,0.0,-6.197789480211213e-05,0.5300534650505021,7.927417755126953e-06,-0.0070551540702581406,0.12026938977998314,0.0,0.0018845307640731335,0.19999999788256745,0.19999999788256745,12.076767335120266
1.9190387725830078,-1.1920928955078125e-07,0.00019134185276925564,0.5322685927835252,2.0265579223632812e-06,-0.00236873934045434,0.12063616518599618,2.980232238769531e-07,-0.00014947843737900257,0.1999999982808069,0.199999700257583,12.125570201510948
1.9294788837432861,-4.708766937255859e-06,0.00031055056024342775,0.5344791664492253,2.8014183044433594e-06,0.0018259368371218443,0.12099187876084322,1.0073184967041016e-05,-0.00034319335827603936,0.199999998604779,0.19998992541981195,12.174146258565404
1.9398918151855469,0.0,-7.687964534852654e-05,0.5369473214048901,4.947185516357422e-06,-0.005460732616484165,0.12139859050607965,3.5762786865234375e-07,-0.00013457669410854578,0.19999999886708472,0.19999964123921607,12.22849968584111
1.9501688480377197,0.0,-6.197847687872127e-05,0.5391932004828927,-7.987022399902344e-06,0.0017439788207411766,0.12176667409900668,2.384185791015625e-07,0.00014854584878776222,0.19999999907757246,0.19999976065899336,12.27793363050456
1.960925579071045,-1.1920928955078125e-07,0.0001913412706926465,0.5414433559557673,-5.7220458984375e-06,0.004612451419234276,0.12213040425494334,3.5762786865234375e-07,-0.00021653260046150535,0.1999999992561241,0.19999964162825545,12.327399686660662
1.9711503982543945,1.7881393432617188e-07,-2.3741749828332104e-06,0.5436875964364432,4.649162292480469e-06,0.0024219804909080267,0.12249430579665022,2.384185791015625e-07,0.00010384237975813448,0.19999999939369822,0.19999976097511912,12.376749545865675
1.9813895225524902,-1.1920928955078125e-07,0.00012428569607436657,0.5458381886547061,9.5367431640625e-06,0.0008797093760222197,0.12284347132725165,1.2516975402832031e-05,0.005103182513266802,0.19999999950597044,0.1999874825305676,12.424045629870216
1.9918828010559082,0.0,-0.00024079276772681624,0.5483646372206382,-2.980232238769531e-07,-0.005036050453782082,0.12326078369590679,2.384185791015625e-07,-0.00069336878368631,0.1999999995994936,0.1999997611809145,12.479694998350272
2.002227783203125,-2.384185791015625e-07,-0.00033020024420693517,0.5505804419202246,8.285045623779297e-06,-0.002808326855301857,0.1236177418053038,1.7881393432617188e-06,-0.0001494759926572442,0.19999999967434776,0.1999982115350045,12.528390946445029
2.0130720138549805,0.0,-0.0002035403304034844,0.5528659260215577,-5.304813385009766e-06,-0.002018566243350506,0.12399547803314648,2.980232238769531e-07,-0.0005816096090711653,0.1999999997378425,0.19999970171461862,12.57873542881332
2.0233898162841797,-1.1920928955078125e-07,0.0001615381333976984,0.5551269744793036,6.079673767089844e-06,0.001341646071523428,0.12435851907046475,2.384185791015625e-07,0.00024540480808354914,0.1999999997867235,0.1999997613681444,12.628410889223677
2.033721446990967,0.0,-3.217697667423636e-05,0.5573571236165057,2.086162567138672e-06,0.0019153403118252754,0.12472532495172337,3.5762786865234375e-07,-0.0001271242363145575,0.19999999982653832,0.19999964219866967,12.677514557627333
2.043747901916504,1.7881393432617188e-07,0.00011683476623147726,0.5594523464974419,-1.0251998901367188e-05,-0.005848165601491928,0.12506751047317569,9.834766387939453e-06,-0.0016395917627960443,0.19999999985805672,0.19999016509166878,12.7236176106013
2.0540146827697754,-4.708766937255859e-06,0.00023604382295161486,0.5619198245142293,1.0848045349121094e-05,0.0014236033894121647,0.12546171132986614,1.0132789611816406e-06,-0.00017182680312544107,0.1999999998844051,0.1999989866054439,12.77780399126454
2.0643656253814697,0.0,-6.942999607417732e-05,0.564104294947568,-1.0132789611816406e-05,0.003181940410286188,0.12583036780482104,2.384185791015625e-07,-0.0010062918299809098,0.19999999990602085,0.19999976148744175,12.826016792262047
2.0747790336608887,0.0,-5.452882396639325e-05,0.5662999291302124,9.894371032714844e-06,0.0011702823685482144,0.126177749086748,2.384185791015625e-07,0.00023795515880919993,0.19999999992368994,0.19999976150511084,12.874191822932445
2.0848751068115234,-1.1920928955078125e-07,0.00017643917817622423,0.5685771343327007,-1.0728836059570312e-06,-0.004968998022377491,0.12655550904764273,3.5762786865234375e-07,-0.00010477156320121139,0.19999999993764256,0.1999996423097739,12.924371018526932
2.0952205657958984,-3.635883331298828e-06,0.00038505555130541325,0.5708526170548689,9.357929229736328e-06,0.00099891796708107,0.12692057544993388,5.960464477539063e-08,0.00037206659908406436,0.19999999994929757,0.1999999403446528,12.974360015329696
2.1057257652282715,1.7881393432617188e-07,8.703186176717281e-05,0.5731210016980736,7.68899917602539e-06,0.0016620205715298653,0.1272952076116541,2.384185791015625e-07,0.00022305491438601166,0.1999999999589057,0.1999997615403266,13.024324421834528
2.115954875946045,1.7881393432617188e-07,-3.217801349819638e-05,0.5753850265182308,-5.125999450683594e-06,-0.00011866779823321849,0.1276658596652381,3.5762786865234375e-07,-0.00014947411546017975,0.19999999996650866,0.19999964233864,13.074152796195758
2.1263041496276855,-1.1920928955078125e-07,0.00015408650506287813,0.5776625318037538,-2.0265579223632812e-06,0.002816862892359495,0.12803380161287,2.980232238769531e-07,-0.0006188611732795835,0.1999999999727705,0.1999997019495466,13.124217527030538
2.1369359493255615,0.0,0.0008767918334342539,0.580008241348216,3.5762786865234375e-07,0.002354925498366356,0.12841627921542595,2.384185791015625e-07,0.00010384517372585833,0.19999999997798631,0.1999997615594072,13.175824694638258
2.14743971824646,2.384185791015625e-07,0.001487738685682416,0.5822311050743373,9.775161743164062e-06,0.0008201066520996392,0.1287766336591537,1.1920928955078125e-06,-0.00021652993746101856,0.1999999999821574,0.1999988078892619,13.22470349607759
2.1576359272003174,0.0,0.0010928577976301312,0.5844863483368689,-8.821487426757812e-06,0.0029137181118130684,0.12915071761878233,-1.7881393432617188e-07,-0.00013457261957228184,0.19999999998544893,0.20000017879938325,13.274398348562926
2.1678521633148193,0.0,0.0007501306245103478,0.5867398096513095,-2.86102294921875e-06,0.003986602649092674,0.12951291972893655,3.5762786865234375e-07,-0.0009019823046401143,0.199999999988138,0.19999964236026935,13.323911772522342
2.178215742111206,0.0,-0.00014393906167242676,0.5889553445742775,3.039836883544922e-06,0.002809409750625491,0.12987377916039153,2.384185791015625e-07,-0.0005220022285357118,0.19999999999035856,0.19999976157177946,13.37265019406704
2.188312292098999,0.0,1.9973726011812687e-05,0.5912690156681806,1.0192394256591797e-05,0.0024294289760291576,0.13025038659942328,0.0,-0.0010658936807885766,0.19999999999212148,0.19999999999212148,13.423544566117272
2.198925256729126,1.7881393432617188e-07,3.4874421544373035e-05,0.593488575539069,4.112720489501953e-06,0.001587512670084834,0.13061504440003682,2.384185791015625e-07,0.00023050737217999995,0.19999999999362822,0.19999976157504912,13.472410092376924
2.2091293334960938,-1.1920928955078125e-07,9.447905904380605e-05,0.5958006795159401,1.0013580322265625e-05,-0.008388815447688103,0.13098915174620337,1.7881393432617188e-07,-0.00011967006139457226,0.19999999999480447,0.19999982118087015,13.523242446100438
2.2196383476257324,0.0,-5.453254925669171e-05,0.5980187325507071,6.139278411865234e-06,-0.002219734713435173,0.13135230338338255,3.6954879760742188e-06,4.424317739903927e-05,0.19999999999578932,0.19999630450781325,13.572059355104725
2.2299487590789795,-1.1920928955078125e-07,0.0001838860334828496,0.6003482663631521,3.159046173095703e-06,0.002071801107376814,0.13173247977411284,3.5762786865234375e-07,0.0016312170773744583,0.19999999999657395,0.1999996423687053,13.623314772344182
2.2402889728546143,0.0,-0.00018864301091525704,0.602576698410533,-1.049041748046875e-05,0.0005816837656311691,0.13209858539927893,2.384185791015625e-07,0.006578403525054455,0.19999999999721402,0.19999976157863492,13.672375506852118
2.250606060028076,-1.1920928955078125e-07,7.9577905125916e-05,0.6048125030360648,-8.821487426757812e-06,-0.0009605865343473852,0.1324598589012807,2.384185791015625e-07,0.0001634535292396322,0.19999999999773344,0.19999976157915433,13.721524403068297
2.2608397006988525,-1.1920928955078125e-07,0.0005638657603412867,0.6070624201367276,1.0251998901367188e-05,-0.004752933979034424,0.13282233088940204,0.0,-2.2811000235378742e-05,0.19999999999815293,0.19999999999815293,13.770970254138259
2.2714285850524902,0.0,-9.178534673992544e-05,0.609466436836842,9.953975677490234e-06,0.0017737739253789186,0.133218134942891,0.0,-7.909489795565605e-06,0.19999999999850548,0.19999999999850548,13.823907079594399
2.2821500301361084,0.0,-0.0010454603470861912,0.6116974203386975,4.112720489501953e-06,0.0038077805656939745,0.13358300350441915,5.960464477539063e-08,-7.908849511295557e-06,0.19999999999879392,0.19999994039414914,13.873003664496885
2.2923405170440674,0.0,-0.00019609405717346817,0.6139451615913458,9.953975677490234e-06,0.0010659671388566494,0.13394679119662298,5.960464477539063e-08,6.992720045673195e-06,0.1999999999990163,0.19999994039437152,13.922422142214929
2.3026604652404785,4.172325134277344e-07,6.467546336352825e-05,0.6162239833307399,3.337860107421875e-06,0.0018184746149927378,0.1343211450960455,5.960464477539063e-08,3.6795569030800834e-05,0.19999999999919976,0.199999940394555,13.972591876382229
2.313286781311035,-6.198883056640625e-06,-6.198450864758343e-05,0.6185721247437834,6.139278411865234e-06,0.0003954137791879475,0.13469947917155617,3.5762786865234375e-07,-0.00017182067676912993,0.19999999999935297,0.19999964237148432,14.024196840538934
2.323707342147827,0.0,0.0015696920454502106,0.6207937016476273,-9.775161743164062e-06,-0.004283552523702383,0.13507005480299814,1.3709068298339844e-06,-0.00017182028386741877,0.1999999999994747,0.19999862909264488,14.073175318878903
2.3340461254119873,2.384185791015625e-07,7.957522757351398e-05,0.6230765322278053,5.185604095458984e-06,-0.00415689405053854,0.1354337638790043,2.384185791015625e-07,-0.0005890532047487795,0.19999999999957283,0.19999976158099372,14.123294618531618
2.344284772872925,-1.1920928955078125e-07,-0.005620119161903858,0.625133199774562,1.0728836059570312e-06,0.0011702715419232845,0.1357701169601228,1.5497207641601562e-05,-0.0005965030286461115,0.19999999999965193,0.19998450279201033,14.16855500113692
2.3545117378234863,0.0,-0.004204509314149618,0.6277296822202121,4.887580871582031e-06,-0.004462367855012417,0.13619433754010962,2.384185791015625e-07,-0.0019897609017789364,0.19999999999971632,0.19999976158113722,14.225689810540556
2.364849328994751,-9.775161743164062e-06,-0.005158184561878443,0.629836048617373,5.9604644775390625e-06,0.0034799512941390276,0.13653448922581113,2.384185791015625e-07,0.004112265072762966,0.1999999999997693,0.1999997615811902,14.271990778799129
2.375001907348633,0.0,-0.00017374604067299515,0.6320333660944918,6.4373016357421875e-06,-3.672471939353272e-05,0.13689945993847152,2.980232238769531e-07,-0.00014946621377021074,0.19999999999981172,0.19999970197658784,14.320415296595009
2.3852312564849854,0.0,0.0016814471455290914,0.6342618841686632,-2.980232238769531e-07,0.005014769267290831,0.1372613782649943,2.384185791015625e-07,4.4248910853639245e-05,0.19999999999984655,0.19999976158126745,14.369426373741293
2.395489454269409,1.7881393432617188e-07,4.231941420584917e-05,0.6365455977681334,5.543231964111328e-06,0.002019634936004877,0.13763095914292986,2.384185791015625e-07,-0.0010211836779490113,0.199999999999875,0.1999997615812959,14.419635380429291
2.406057596206665,0.0,-0.00013649500033352524,0.6388796994580327,8.881092071533203e-06,-0.0029201002325862646,0.13801161357402109,2.384185791015625e-07,0.0001858104078564793,0.19999999999989881,0.1999997615813197,14.470988020743734
2.416639804840088,-1.0728836059570312e-06,-0.000821948517113924,0.6411809096747342,-2.3245811462402344e-06,0.001967481104657054,0.13838968434381602,3.5762786865234375e-07,-0.0007306105690076947,0.1999999999999181,0.19999964237204945,14.521651130228623
2.427032947540283,1.7881393432617188e-07,3.486848436295986e-05,0.6434223067174589,-6.139278411865234e-06,0.003561904188245535,0.13875465091098033,2.384185791015625e-07,0.00014855797053314745,0.19999999999993345,0.19999976158135435,14.570957188471635
2.4374725818634033,-9.775161743164062e-06,0.0023072941694408655,0.6457109556155056,9.59634780883789e-06,-0.005907785147428513,0.13911905613186962,2.384185791015625e-07,-1.5354817151091993e-05,0.199999999999946,0.1999997615813669,14.621201396136733
2.447720527648926,2.384185791015625e-07,0.00012427393812686205,0.6479365854850513,1.0192394256591797e-05,-0.00026024438557215035,0.1394915503954628,2.384185791015625e-07,-0.00014946481678634882,0.19999999999995602,0.19999976158137692,14.670284475289526
2.4580483436584473,1.7881393432617188e-07,7.211940828710794e-05,0.6502520447058686,5.662441253662109e-06,-0.0030020587146282196,0.13986701671499574,5.960464477539063e-08,2.189900442317594e-05,0.19999999999996423,0.19999994039531946,14.721200608411797
2.468520402908325,0.0,-7.689267658861354e-05,0.6525530559079205,5.364418029785156e-07,-0.0007370831444859505,0.1402423498452418,3.5762786865234375e-07,-0.0001569149171700701,0.19999999999997098,0.19999964237210233,14.771826146934382
2.4790279865264893,-1.0728836059570312e-06,-0.0016564157558605075,0.6547250548172594,9.298324584960938e-06,0.0012522215256467462,0.1405918936866516,6.377696990966797e-06,-0.0011478412197902799,0.19999999999997647,0.1999936223029855,14.819555006610852
2.4892091751098633,0.0,-0.00018120081222150475,0.6571163630163261,2.9206275939941406e-06,0.0006189225241541862,0.14098672558364728,2.384185791015625e-07,-0.0009615761809982359,0.1999999999999808,0.1999997615814017,14.872225733745507
2.499728202819824,-1.1920928955078125e-07,-0.0016117127379402518,0.6594886667115516,1.0311603546142578e-05,-0.004283561836928129,0.14136964625861909,3.039836883544922e-06,-0.00011966016609221697,0.19999999999998444,0.1999969601631009,14.924370220839855
2.5109307765960693,0.0,0.0011599019635468721,0.661830821296053,-2.6226043701171875e-06,0.0007455791928805411,0.1417564789033649,-2.384185791015625e-07,-0.001483116066083312,0.19999999999998758,0.20000023841856668,14.97595972534885
2.521207332611084,4.76837158203125e-07,0.0001466220710426569,0.6640282618708985,2.86102294921875e-06,0.0018706164555624127,0.14211091521139047,5.960464477539063e-08,-4.499448778005899e-07,0.19999999999998988,0.1999999403953451,15.024257448600673
2.5314998626708984,4.76837158203125e-07,-0.00030786459683440626,0.6662478059688826,2.8014183044433594e-06,-0.0005508223548531532,0.14247357695867618,3.5762786865234375e-07,-0.00010475805174792185,0.19999999999999177,0.19999964237212312,15.073098167950365
2.5416676998138428,0.0,0.001003436860628426,0.6684636724641908,8.285045623779297e-06,-0.0029722624458372593,0.14283324075303006,2.384185791015625e-07,-0.0007976616034284234,0.1999999999999933,0.1999997615814142,15.12182855054799
2.5517313480377197,0.0,-9.179849439533427e-05,0.6706649564895866,8.64267349243164e-06,0.0013490734854713082,0.14319238154581765,5.125999450683594e-06,-0.00026121933478862047,0.19999999999999452,0.19999487400054383,15.17026086655023
2.562116861343384,-1.1920928955078125e-07,0.0002136753173545003,0.6730655205371541,-5.7220458984375e-06,0.004664581269025803,0.14358773417810944,1.5497207641601562e-06,-0.0001569108571857214,0.19999999999999554,0.19999845027923138,15.223123100045038
2.5726115703582764,0.0,0.00013171846512705088,0.6752213311053749,-1.5437602996826172e-05,0.005469243507832289,0.14393896250336669,1.3709068298339844e-06,-0.0008498143870383501,0.19999999999999638,0.19999862909316654,15.27054886141261
2.582597017288208,-2.4437904357910156e-06,0.0003924884367734194,0.677440992086853,1.0311603546142578e-05,0.00459007453173399,0.1442913072709347,2.682209014892578e-06,-0.00025376782286912203,0.199999999999997,0.19999731779098212,15.31926532972399
2.5928733348846436,-1.52587890625e-05,0.0007501147920265794,0.6797503903603432,2.384185791015625e-06,0.00038794666761532426,0.14467123015168304,5.960464477539063e-08,-0.0011105836601927876,0.19999999999999757,0.1999999403953528,15.370114925632425
2.6030702590942383,-2.086162567138672e-06,0.0004148385487496853,0.6817150704934738,9.059906005859375e-06,8.992331277113408e-05,0.14499613232306746,7.3909759521484375e-06,-0.0015054644318297505,0.199999999999998,0.19999260902404586,15.413395058005273
2.6128079891204834,-7.808208465576172e-06,0.00031798018608242273,0.6841450392892963,9.953975677490234e-06,0.0021537330467253923,0.1453880535122939,2.384185791015625e-07,0.00023052087635733187,0.19999999999999837,0.19999976158141927,15.466803282869286
2.6230642795562744,0.0,-9.925280028255656e-05,0.6863127312601759,7.748603820800781e-06,-0.00827708188444376,0.14574673211294642,3.5762786865234375e-07,-8.985410386230797e-05,0.19999999999999868,0.19999964237213003,15.514558086712064
2.6333980560302734,-1.1920928955078125e-07,0.00022112217266112566,0.6885644271094502,5.602836608886719e-06,-0.0008339527412317693,0.14611137722305362,3.5762786865234375e-07,0.0039483606815338135,0.19999999999999893,0.19999964237213028,15.5640661768277
2.6433608531951904,0.0,-0.00016630803293082863,0.6907618367562247,1.4901161193847656e-06,0.0002910857438109815,0.14647029369764564,5.960464477539063e-08,7.003663085924927e-06,0.19999999999999912,0.19999994039535435,15.612418252887016
2.653804302215576,-1.1920928955078125e-07,4.2308238334953785e-05,0.6930071093480978,-9.894371032714844e-06,-0.005900349467992783,0.14683812030252802,3.5762786865234375e-07,-0.00011965618614340201,0.1999999999999993,0.19999964237213064,15.661836914600338
2.6640377044677734,-1.1920928955078125e-07,0.0005638488801196218,0.6952427698646813,-6.377696990966797e-06,-0.003888692008331418,0.14719948915855535,2.384185791015625e-07,0.0002454222703818232,0.19999999999999943,0.19999976158142033,15.710984098625593
2.6741981506347656,-5.9604644775390625e-06,0.0003924850607290864,0.6975553393078486,-1.3947486877441406e-05,-0.005304303485900164,0.14757686916744067,1.1920928955078125e-07,4.425633596838452e-05,0.19999999999999954,0.19999988079071,15.761865917045816
2.684666633605957,4.172325134277344e-07,0.00014661508612334728,0.6997892243932711,7.808208465576172e-06,-0.0034193070605397224,0.1479383706893455,2.384185791015625e-07,8.896034705685452e-05,0.19999999999999962,0.19999976158142052,15.81097922025003
2.695039749145508,-1.1920928955078125e-07,-2.4748282157815993e-05,0.7020094422145251,3.993511199951172e-06,-0.007390466518700123,0.14830319761516175,3.5762786865234375e-07,-0.00019416170835029334,0.19999999999999968,0.19999964237213103,15.859859980672853
2.705108880996704,0.0,-7.6902455475647e-05,0.7042668886517993,8.761882781982422e-06,0.0022952898871153593,0.14866946885134863,2.384185791015625e-07,0.0001783673360478133,0.19999999999999973,0.19999976158142063,15.909503035015724
2.715420722961426,2.384185791015625e-07,0.00013171404134482145,0.7065380865454899,1.9669532775878906e-06,0.0022952912840992212,0.14904230840479787,3.5762786865234375e-07,-0.0009466700721532106,0.1999999999999998,0.19999964237213114,15.959501711336767
2.7258472442626953,2.980232238769531e-07,0.001003430923447013,0.7087784134485211,-3.3974647521972656e-06,-0.002972269896417856,0.14940746603088967,5.960464477539063e-08,-0.0011180328438058496,0.19999999999999984,0.19999994039535507,16.00878871106723
2.7360165119171143,-3.2186508178710938e-06,0.0006979568861424923,0.7109767605197297,9.5367431640625e-06,-0.004045154433697462,0.14976014988564518,2.384185791015625e-07,0.0001485656393924728,0.1999999999999999,0.1999997615814208,16.057083061752202
2.7460594177246094,0.0,-7.69039397710003e-05,0.7132289532468705,-7.212162017822266e-06,0.005879018921405077,0.15013623692029465,2.384185791015625e-07,-0.0007455038139596581,0.1999999999999999,0.1999997615814208,16.106741481137345
2.7564029693603516,2.384185791015625e-07,3.4854281693696976e-05,0.7154740127190503,6.079673767089844e-06,0.0014682748587802052,0.15049474858116074,2.384185791015625e-07,0.00015601646737195551,0.19999999999999993,0.19999976158142083,16.156041586665186
2.7668707370758057,1.7881393432617188e-07,4.2304396629333496e-05,0.7177823688666094,-2.3245811462402344e-06,0.0034277772065252066,0.15087552441133484,2.384185791015625e-07,-0.001080779475159943,0.19999999999999996,0.19999976158142085,16.206880805692126
2.7774529457092285,-5.781650543212891e-06,0.0004818879533559084,0.7200839205160119,1.0728836059570312e-06,-0.005155291873961687,0.15124613904438106,2.384185791015625e-07,0.00019326983601786196,0.19999999999999996,0.19999976158142085,16.257459257490556
2.787752151489258,-2.384185791015625e-07,0.00013916066382080317,0.7223625505858664,7.033348083496094e-06,0.0022654864005744457,0.15162067061025547,-5.960464477539063e-08,-0.0001345556229352951,0.19999999999999996,0.20000005960464473,16.30762733822353
2.798154592514038,2.384185791015625e-07,7.21049727872014e-05,0.7246068449761938,9.417533874511719e-06,-0.0021303570829331875,0.15198539864891059,3.5762786865234375e-07,2.1906598703935742e-05,0.19999999999999996,0.1999996423721313,16.35698841668842
2.808413028717041,0.0,-0.00012161059567006305,0.72683491263799,-5.602836608886719e-06,0.001214953139424324,0.15235254720500568,2.384185791015625e-07,9.641239739721641e-05,0.19999999999999998,0.19999976158142088,16.406054660183184
2.8185932636260986,-1.1920928955078125e-07,0.00024346786085516214,0.729086047163577,6.258487701416016e-06,0.002317637437954545,0.15271365589360886,3.5762786865234375e-07,-0.00021651199494954199,0.19999999999999998,0.19999964237213133,16.455508132150175
2.828922986984253,-4.172325134277344e-07,0.0001838630996644497,0.7313632178009393,3.814697265625e-06,0.0021984276827424765,0.1530876692728712,2.384185791015625e-07,-0.000887063390109688,0.19999999999999998,0.19999976158142088,16.505640666115365
2.8393518924713135,0.0,-4.710491339210421e-05,0.7336431845700591,4.76837158203125e-06,0.001967458752915263,0.1534588385720722,2.384185791015625e-07,0.00018582024495117366,0.19999999999999998,0.19999976158142088,16.555794226027835
2.8498024940490723,0.0,0.0010406790534034371,0.735875820406345,1.049041748046875e-05,-0.0014151063514873385,0.15382101884907784,2.682209014892578e-06,-0.0003357201348990202,0.19999999999999998,0.1999973177909851,16.604890872532764
2.8601605892181396,1.7881393432617188e-07,4.9751484766602516e-05,0.7381936264575462,9.5367431640625e-06,-0.0007296532276086509,0.15420063433808295,5.960464477539063e-08,-0.0007902045035734773,0.19999999999999998,0.1999999403953552,16.655904852317587
2.8704354763031006,-1.1920928955078125e-07,0.0006383474683389068,0.7404042566948635,4.76837158203125e-07,0.001520421588793397,0.1545628166214827,2.384185791015625e-07,0.0001634698419366032,0.19999999999999998,0.19999976158142088,16.704561411461476
2.8806254863739014,5.960464477539062e-07,0.00014660879969596863,0.7426264357527415,-2.562999725341797e-06,-0.008426103740930557,0.15492441603652152,2.384185791015625e-07,0.00011876633652718738,0.19999999999999998,0.19999976158142088,16.753441795257547
2.8909528255462646,-4.351139068603516e-06,-0.0014552668435499072,0.7451550172251167,-5.424022674560547e-06,0.0019302032887935638,0.1553346220557827,3.5762786865234375e-07,-0.00017925688007380813,0.2,0.19999964237213136,16.809046627395375
