Frame,LEFT_HIP_X,LEFT_HIP_Y,LEFT_HIP_Z,LEFT_KNEE_X,LEFT_KNEE_Y,LEFT_KNEE_Z,LEFT_ANKLE_X,LEFT_ANKLE_Y,LEFT_ANKLE_Z,LEFT_HEEL_X,LEFT_HEEL_Y,LEFT_HEEL_Z,LEFT_FOOT_INDEX_X,LEFT_FOOT_INDEX_Y,LEFT_FOOT_INDEX_Z,RIGHT_HIP_X,RIGHT_HIP_Y,RIGHT_HIP_Z,RIGHT_KNEE_X,RIGHT_KNEE_Y,RIGHT_KNEE_Z,RIGHT_ANKLE_X,RIGHT_ANKLE_Y,RIGHT_ANKLE_Z,RIGHT_HEEL_X,RIGHT_HEEL_Y,RIGHT_HEEL_Z,RIGHT_FOOT_INDEX_X,RIGHT_FOOT_INDEX_Y,RIGHT_FOOT_INDEX_Z
1,0.8764015436172485,1.2768529653549194,-0.06846509128808975,0.8761395215988159,1.6995707750320435,-0.054419614374637604,0.8932212591171265,2.0798254013061523,0.44239816069602966,0.9030782580375671,2.1406350135803223,0.46152108907699585,0.8694445490837097,2.201951742172241,-0.013461938127875328,0.6761621236801147,1.2946829795837402,0.07088790088891983,0.689502477645874,1.72050940990448,0.23493655025959015,0.7041531205177307,2.110517978668213,0.6584650278091431,0.7020694017410278,2.1706526279449463,0.6872848272323608,0.7414232492446899,2.2412686347961426,0.1962732970714569
2,0.8765981793403625,1.3059043884277344,-0.06804363429546356,0.8714883923530579,1.7445682287216187,-0.05344902351498604,0.8783613443374634,2.1315925121307373,0.46129098534584045,0.8869609832763672,2.195643424987793,0.4828914701938629,0.8490432500839233,2.2515792846679688,0.006128496490418911,0.6745518445968628,1.3140212297439575,0.07053294032812119,0.6799511909484863,1.7535375356674194,0.16527818143367767,0.6831425428390503,2.1445136070251465,0.565285861492157,0.6790400743484497,2.2068276405334473,0.5909631252288818,0.7175928950309753,2.2730040550231934,0.08871933072805405
3,0.8942158818244934,1.3109631538391113,-0.051767706871032715,0.8857512474060059,1.7645957469940186,0.047384828329086304,0.8859580755233765,2.1577236652374268,0.6690648794174194,0.8926723599433899,2.227879524230957,0.7019139528274536,0.8581883311271667,2.281071662902832,0.22603607177734375,0.6808828711509705,1.3178812265396118,0.05469319224357605,0.6831758618354797,1.7692941427230835,0.16626182198524475,0.6852310299873352,2.1642074584960938,0.6025151014328003,0.6819467544555664,2.23239803314209,0.639962375164032,0.7199676632881165,2.29573917388916,0.10055504739284515
4,0.90763920545578,1.3078795671463013,-0.05073528736829758,0.899701714515686,1.7581889629364014,0.06669098883867264,0.899996280670166,2.149827718734741,0.67403244972229,0.9065482020378113,2.2187530994415283,0.7057303190231323,0.8712464570999146,2.2742393016815186,0.24234938621520996,0.6949646472930908,1.315064549446106,0.0536118745803833,0.7025989294052124,1.764991283416748,0.17996980249881744,0.7030080556869507,2.159015417098999,0.6497392058372498,0.69701087474823,2.2261598110198975,0.6875733733177185,0.7401007413864136,2.2920870780944824,0.1781499832868576
5,0.9267032742500305,1.3057788610458374,-0.04838455468416214,0.9196392893791199,1.7552119493484497,0.03310505300760269,0.92247474193573,2.147374153137207,0.5951125025749207,0.9310508966445923,2.2161102294921875,0.6212530136108398,0.8894872665405273,2.2698824405670166,0.15112775564193726,0.7140358090400696,1.3130016326904297,0.05142515152692795,0.724362850189209,1.7623100280761719,0.1453278511762619,0.7262921333312988,2.154282808303833,0.556377112865448,0.7193721532821655,2.220083713531494,0.5840240716934204,0.7626230120658875,2.2875611782073975,0.08749626576900482
6,0.927402138710022,1.3062760829925537,-0.048417046666145325,0.9170005917549133,1.7617077827453613,0.02408268116414547,0.9187941551208496,2.1618757247924805,0.6165899038314819,0.927450954914093,2.233978271484375,0.6459346413612366,0.8871592283248901,2.2836668491363525,0.17165148258209229,0.7137285470962524,1.3122193813323975,0.051479846239089966,0.721213698387146,1.7649818658828735,0.1622060388326645,0.7234616279602051,2.1618294715881348,0.5721503496170044,0.718747079372406,2.230454444885254,0.60524582862854,0.7618045210838318,2.296950340270996,0.08968106657266617
7,0.9411285519599915,1.273833155632019,-0.13863727450370789,0.9143975973129272,1.692069172859192,-0.2690805494785309,0.9163236618041992,2.117325782775879,0.12860164046287537,0.926310658454895,2.189455509185791,0.13738706707954407,0.8721476793289185,2.220845937728882,-0.302768737077713,0.7457179427146912,1.2544246912002563,0.1409829705953598,0.7321088910102844,1.6737923622131348,0.1637052595615387,0.7233707904815674,2.0916714668273926,0.46923360228538513,0.7212451696395874,2.1589667797088623,0.48370400071144104,0.7230762839317322,2.2143876552581787,0.049587182700634
8,0.938790500164032,1.2610976696014404,-0.12067551910877228,0.9129461050033569,1.6432889699935913,-0.2797427773475647,0.9151462316513062,2.077453374862671,0.05447765439748764,0.9247454404830933,2.1518259048461914,0.056621961295604706,0.8696761131286621,2.1766488552093506,-0.36218637228012085,0.7460502982139587,1.241764783859253,0.12282855808734894,0.730129599571228,1.638776183128357,0.053135890513658524,0.7220379710197449,2.063188076019287,0.2153165638446808,0.7207890748977661,2.1296396255493164,0.21763484179973602,0.7153931856155396,2.183603525161743,-0.1927633136510849
9,0.9363900423049927,1.266601324081421,-0.12302317470312119,0.901623547077179,1.634321689605713,-0.31197208166122437,0.9045505523681641,2.067800998687744,-0.004908793605864048,0.9196980595588684,2.143937587738037,-0.004312516190111637,0.8501558303833008,2.168734550476074,-0.4141351580619812,0.7439143657684326,1.2514629364013672,0.12503460049629211,0.7274050712585449,1.6259112358093262,0.03825295343995094,0.7105442881584167,2.055673837661743,0.20755429565906525,0.7135187387466431,2.123701572418213,0.20813092589378357,0.6886489987373352,2.1810595989227295,-0.18537193536758423
10,0.9340612292289734,1.2678894996643066,-0.13421526551246643,0.8951634168624878,1.645778775215149,-0.3234364092350006,0.8944816589355469,2.072972536087036,-0.026870405301451683,0.9112102389335632,2.148484706878662,-0.025742286816239357,0.8386136293411255,2.172290563583374,-0.4340927004814148,0.7429103255271912,1.2556880712509155,0.13625720143318176,0.7175731658935547,1.6382473707199097,0.07968522608280182,0.6989085674285889,2.058936595916748,0.24871523678302765,0.7024261355400085,2.1255743503570557,0.249569371342659,0.6762374639511108,2.183014392852783,-0.13384202122688293
11,0.9403029680252075,1.281256914138794,-0.16767898201942444,0.8935940861701965,1.6501034498214722,-0.33410170674324036,0.8900893926620483,2.1031956672668457,-9.210633288603276e-05,0.9074289202690125,2.180466890335083,0.005134246312081814,0.8310016393661499,2.191204071044922,-0.4079411029815674,0.7542007565498352,1.2559853792190552,0.16959674656391144,0.7163901925086975,1.6525129079818726,0.14464876055717468,0.6987454295158386,2.0752062797546387,0.3360351324081421,0.7024719715118408,2.1445047855377197,0.340634822845459,0.6700370907783508,2.1877832412719727,-0.06175745278596878
12,0.9389710426330566,1.31009042263031,-0.17014706134796143,0.8791459202766418,1.6854346990585327,-0.31542250514030457,0.8667370080947876,2.13162899017334,0.04168432950973511,0.883000373840332,2.207880973815918,0.048034779727458954,0.8035805821418762,2.221785306930542,-0.3810406029224396,0.7514588236808777,1.2757606506347656,0.17217867076396942,0.6982685327529907,1.6642075777053833,0.19010409712791443,0.6764620542526245,2.1032800674438477,0.3725869059562683,0.6804450750350952,2.1732819080352783,0.38348275423049927,0.6482148170471191,2.221390962600708,-0.06090488284826279
13,0.9356401562690735,1.3262159824371338,-0.1301245242357254,0.8787334561347961,1.7556260824203491,-0.15824541449546814,0.8628469705581665,2.170377492904663,0.31545355916023254,0.8735669255256653,2.241607427597046,0.3310174345970154,0.8073445558547974,2.27768611907959,-0.1431497484445572,0.7335338592529297,1.2906166315078735,0.1329108625650406,0.6913732886314392,1.73091721534729,0.19688680768013,0.6623429656028748,2.144547462463379,0.5248739719390869,0.658401608467102,2.212223768234253,0.5461610555648804,0.6544504165649414,2.2748613357543945,0.06249410659074783
14,0.9344738125801086,1.3401215076446533,-0.08363784849643707,0.8810370564460754,1.7939682006835938,0.08475802838802338,0.8665477633476257,2.1934683322906494,0.7398606538772583,0.8743840456008911,2.2615652084350586,0.7728296518325806,0.8146029710769653,2.3167641162872314,0.258158802986145,0.7166318893432617,1.3133810758590698,0.08671417087316513,0.6864649653434753,1.774473786354065,0.3178950548171997,0.6558612585067749,2.173943281173706,0.9420598149299622,0.6476993560791016,2.23866605758667,0.9919015765190125,0.6638281941413879,2.3155202865600586,0.4422861933708191
15,0.9324909448623657,1.3347549438476562,-0.07439039647579193,0.8821072578430176,1.7798287868499756,-0.013171154074370861,0.8689152598381042,2.1850204467773438,0.522305428981781,0.8759400248527527,2.2513985633850098,0.5441280007362366,0.8177657127380371,2.306518793106079,0.05886651203036308,0.7162338495254517,1.310490369796753,0.07715626806020737,0.6875590085983276,1.7615519762039185,0.24198460578918457,0.6623660922050476,2.1689229011535645,0.6992133259773254,0.6558345556259155,2.233657121658325,0.7210084199905396,0.666507363319397,2.30619215965271,0.25152069330215454
16,0.9318872690200806,1.3338338136672974,-0.07371421158313751,0.8834769129753113,1.7755385637283325,-0.18766523897647858,0.8737844228744507,2.179293155670166,0.18833336234092712,0.8799126744270325,2.248208522796631,0.1944117248058319,0.8266109228134155,2.2990047931671143,-0.2756076455116272,0.7234740257263184,1.305443286895752,0.0763389989733696,0.6997755765914917,1.7528084516525269,0.036436695605516434,0.6800863742828369,2.1658856868743896,0.244847372174263,0.673589825630188,2.2297756671905518,0.2503684163093567,0.6866994500160217,2.2998130321502686,-0.23235110938549042
17,0.9472893476486206,1.3365803956985474,-0.08620040118694305,0.898908257484436,1.7684290409088135,-0.17278248071670532,0.8905782699584961,2.176967144012451,0.2509608268737793,0.8994963765144348,2.2461729049682617,0.26287907361984253,0.8386923670768738,2.292443037033081,-0.20356270670890808,0.7440610527992249,1.3088538646697998,0.08863760530948639,0.7153698801994324,1.7480686902999878,0.07741252332925797,0.6962995529174805,2.159806728363037,0.38941213488578796,0.69023197889328,2.2242867946624756,0.4048907160758972,0.7014718055725098,2.292202949523926,-0.07407265901565552
18,0.9632922410964966,1.3333028554916382,-0.09585267305374146,0.9169167280197144,1.763988971710205,-0.1668073832988739,0.9108656048774719,2.172685146331787,0.2708001732826233,0.9207173585891724,2.242140054702759,0.29054713249206543,0.8623780012130737,2.286914587020874,-0.17705373466014862,0.763416051864624,1.3071376085281372,0.09836844354867935,0.7323111295700073,1.7450940608978271,0.1507890671491623,0.7179849147796631,2.1595492362976074,0.4665490984916687,0.7128939032554626,2.2213680744171143,0.48837003111839294,0.7242094278335571,2.2886507511138916,0.02654143236577511
19,0.9647743105888367,1.317232370376587,-0.0733257606625557,0.9219515919685364,1.7446109056472778,-0.06325797736644745,0.9105626344680786,2.1441023349761963,0.42761939764022827,0.9181593656539917,2.2045717239379883,0.4482859671115875,0.8698956370353699,2.265995740890503,-0.006813692860305309,0.7632885575294495,1.282961130142212,0.0754600241780281,0.7344805002212524,1.7191851139068604,0.17910067737102509,0.7151342630386353,2.128113269805908,0.5620822310447693,0.709617018699646,2.1864378452301025,0.5898568630218506,0.7212501168251038,2.2610273361206055,0.11328858137130737
20,0.9519893527030945,1.3172370195388794,-0.06126444414258003,0.9138108491897583,1.7676372528076172,-0.0037950598634779453,0.8915669322013855,2.171293020248413,0.5575031042098999,0.8964424133300781,2.234130382537842,0.5824363827705383,0.8483749628067017,2.294785499572754,0.1004876121878624,0.7435083985328674,1.2834147214889526,0.06375820189714432,0.716238260269165,1.7435815334320068,0.16759537160396576,0.6864447593688965,2.1533076763153076,0.5619887709617615,0.6760461926460266,2.214435338973999,0.5889217257499695,0.6985119581222534,2.2902586460113525,0.09998390078544617
21,0.9475473165512085,1.3171659708023071,-0.06570378690958023,0.9122255444526672,1.7732235193252563,0.08411011844873428,0.8848429918289185,2.1750595569610596,0.7198388576507568,0.889466404914856,2.2381670475006104,0.7514223456382751,0.8379402160644531,2.3008432388305664,0.26927649974823,0.731480598449707,1.2815617322921753,0.06821466982364655,0.7070690393447876,1.7481341361999512,0.27344125509262085,0.6685921549797058,2.156575918197632,0.8128372430801392,0.6569207906723022,2.218435764312744,0.8546572923660278,0.6791459321975708,2.2967474460601807,0.33188772201538086
22,0.9535085558891296,1.284950613975525,-0.0379297211766243,0.9111112356185913,1.7266356945037842,-0.0876922756433487,0.8816591501235962,2.1316158771514893,0.2949295938014984,0.8850618600845337,2.1952905654907227,0.3059619963169098,0.8346132040023804,2.248929500579834,-0.13300125300884247,0.7464815378189087,1.234534502029419,0.040389738976955414,0.7071678042411804,1.6743334531784058,-0.04235158860683441,0.6718341112136841,2.0890605449676514,0.18691207468509674,0.6616263389587402,2.1554670333862305,0.19558703899383545,0.6765948534011841,2.2173423767089844,-0.2769124209880829
23,0.9670306444168091,1.2398558855056763,-0.04753624647855759,0.9176227450370789,1.5502402782440186,-0.1998620331287384,0.8988587260246277,1.9442977905273438,0.1991204470396042,0.9085828065872192,2.0093469619750977,0.21366970241069794,0.8475956916809082,2.043335199356079,-0.17565342783927917,0.7780458927154541,1.1944390535354614,0.049909841269254684,0.6673642992973328,1.3968617916107178,-0.3862084746360779,0.6737207174301147,1.8747113943099976,-0.013864572159945965,0.6867278814315796,1.9402520656585693,0.01191638596355915,0.6379596590995789,2.01967716217041,-0.353013813495636
24,0.9576600193977356,1.2074779272079468,-0.06278778612613678,0.9126009941101074,1.5588877201080322,-0.026272732764482498,0.8981133699417114,1.9660676717758179,0.4826149046421051,0.9082958102226257,2.028954267501831,0.5076257586479187,0.847762942314148,2.0789077281951904,0.11110304296016693,0.7667093873023987,1.1769789457321167,0.0639432743191719,0.6833100318908691,1.5194817781448364,0.23507335782051086,0.6830974817276001,1.935739278793335,0.6833308935165405,0.691559374332428,1.9922709465026855,0.720731794834137,0.6633177399635315,2.0753462314605713,0.309392511844635
25,0.9417638778686523,1.21294367313385,-0.07419705390930176,0.8849051594734192,1.6037582159042358,0.2348574846982956,0.853166401386261,2.0115180015563965,0.9962990880012512,0.8570352792739868,2.0778920650482178,1.0457265377044678,0.8058067560195923,2.1314809322357178,0.5727120041847229,0.7312695384025574,1.1766022443771362,0.07485957443714142,0.6733741760253906,1.5684009790420532,0.5682770013809204,0.6398361325263977,1.98272705078125,1.3568994998931885,0.6365448236465454,2.0437798500061035,1.4298397302627563,0.6387999057769775,2.125793218612671,0.9285298585891724
26,0.9280007481575012,1.1521509885787964,-0.07615391910076141,0.8628029823303223,1.4765290021896362,0.08010144531726837,0.8511205911636353,1.9032020568847656,0.6802384257316589,0.8601497411727905,1.9714475870132446,0.712944746017456,0.7982916235923767,2.0369863510131836,0.27882319688796997,0.7299479246139526,1.1021497249603271,0.07659100741147995,0.6765683889389038,1.4431487321853638,0.40324822068214417,0.6480932831764221,1.8794758319854736,0.9705147743225098,0.6465491652488708,1.9425066709518433,1.0168524980545044,0.6364845633506775,2.0367534160614014,0.579156756401062
27,0.9108825922012329,1.0932077169418335,-0.0316411554813385,0.8614736795425415,1.499606728553772,0.22869917750358582,0.8449069261550903,1.9081803560256958,0.8952372670173645,0.8483110666275024,1.9772369861602783,0.9394229054450989,0.7989470958709717,2.0483086109161377,0.508445143699646,0.697746753692627,1.0451933145523071,0.03337632864713669,0.6553297638893127,1.467643141746521,0.4113134741783142,0.630790650844574,1.8789618015289307,1.0936365127563477,0.6224505305290222,1.94258451461792,1.1539289951324463,0.6403056383132935,2.0380196571350098,0.6830055713653564
28,0.9113261103630066,1.0851753950119019,-0.017558034509420395,0.8587263226509094,1.4930747747421265,0.3206917941570282,0.8320696949958801,1.9131096601486206,1.1121582984924316,0.8301059007644653,1.98715341091156,1.1693787574768066,0.7880309820175171,2.064833879470825,0.7216500043869019,0.6950374841690063,1.0340418815612793,0.019416501745581627,0.6407131552696228,1.4596772193908691,0.5046420097351074,0.6039977669715881,1.8861520290374756,1.3183441162109375,0.5938388109207153,1.9567793607711792,1.392106533050537,0.6208307147026062,2.055814743041992,0.8996189832687378
29,0.8954181671142578,1.086257815361023,0.0007200726540759206,0.8310787081718445,1.5102630853652954,0.2715839445590973,0.7922554016113281,1.9284471273422241,0.9872144460678101,0.7877406477928162,1.9991198778152466,1.0368965864181519,0.7468613386154175,2.0767226219177246,0.5863474607467651,0.6692672967910767,0.9896801114082336,0.0010295112151652575,0.603030800819397,1.4561711549758911,0.4279249608516693,0.5580474138259888,1.8797978162765503,1.1459870338439941,0.5428004860877991,1.9460941553115845,1.2082620859146118,0.5811113119125366,2.05100679397583,0.714907705783844
30,0.8619624972343445,0.9996416568756104,0.07837007939815521,0.8042576909065247,1.5093575716018677,0.37554991245269775,0.7456146478652954,1.9262784719467163,1.0913335084915161,0.7351323366165161,1.9906946420669556,1.145271897315979,0.7149274945259094,2.08036470413208,0.7701399922370911,0.6416897177696228,0.9605711698532104,-0.07730770111083984,0.5760787129402161,1.4525692462921143,0.22426457703113556,0.5250674486160278,1.873881220817566,0.8099611401557922,0.514597475528717,1.9390711784362793,0.8562399744987488,0.5357517004013062,2.033379077911377,0.3973064720630646
31,0.8543001413345337,0.970241367816925,0.07627155631780624,0.7931994795799255,1.5062767267227173,0.313442587852478,0.7290874719619751,1.9293006658554077,0.9773744344711304,0.7157320380210876,1.9929946660995483,1.0229618549346924,0.7081986665725708,2.0820910930633545,0.6341545581817627,0.6433331966400146,0.9549390077590942,-0.07528160512447357,0.5660964250564575,1.4478263854980469,0.13852877914905548,0.5100459456443787,1.8775850534439087,0.6515238285064697,0.4918040335178375,1.9424465894699097,0.6896160840988159,0.5330784916877747,2.0356647968292236,0.21421261131763458
32,0.8389267921447754,1.0229394435882568,0.1146191954612732,0.7794278860092163,1.5432934761047363,0.47729697823524475,0.7104493379592896,1.9897576570510864,1.3009823560714722,0.6860384345054626,2.0581166744232178,1.3616678714752197,0.7232625484466553,2.143932342529297,0.9498852491378784,0.6196733713150024,1.004683256149292,-0.11302068084478378,0.5599417090415955,1.5002855062484741,0.16305163502693176,0.4960010051727295,1.9600579738616943,0.685456395149231,0.46530652046203613,2.0287485122680664,0.6971341371536255,0.5485309362411499,2.116826295852661,0.29968777298927307
33,0.8473038673400879,1.145171880722046,0.09468091279268265,0.7962220311164856,1.6602123975753784,0.36813870072364807,0.7295334935188293,2.103095531463623,0.8755006790161133,0.7105191946029663,2.170750141143799,0.9089940190315247,0.7346932291984558,2.2350072860717773,0.6393581032752991,0.6740688681602478,1.0789343118667603,-0.09392423182725906,0.5899202823638916,1.6051528453826904,0.047459181398153305,0.5281397104263306,2.073364496231079,0.4200917184352875,0.5051538944244385,2.1367523670196533,0.44520536065101624,0.5514035820960999,2.2225570678710938,0.007092554122209549
34,0.7115468978881836,1.0762746334075928,0.0712389349937439,0.6711586713790894,1.5751875638961792,0.49319925904273987,0.6423742771148682,1.9773815870285034,1.133042812347412,0.6298340559005737,2.0345582962036133,1.1898188591003418,0.6640573740005493,2.1039161682128906,0.9438245892524719,0.5340084433555603,1.0405369997024536,-0.07002034038305283,0.5134360790252686,1.5840013027191162,0.279565691947937,0.4688783288002014,2.0482380390167236,0.7076883912086487,0.4417387843132019,2.0970749855041504,0.7471492886543274,0.5258114337921143,2.1570591926574707,0.470466285943985
35,0.7042816877365112,1.0916284322738647,0.060444556176662445,0.6410813331604004,1.6002659797668457,0.1493978202342987,0.5853534936904907,2.0632660388946533,0.504043698310852,0.5696383118629456,2.125152349472046,0.5200376510620117,0.5916420221328735,2.201230764389038,0.19660934805870056,0.501091480255127,1.0547579526901245,-0.059242356568574905,0.45020365715026855,1.5963081121444702,-0.050623953342437744,0.40188995003700256,2.071993827819824,0.19047538936138153,0.38821306824684143,2.12949538230896,0.19851729273796082,0.4266130030155182,2.203150510787964,-0.23415498435497284
36,0.961229681968689,0.7691319584846497,-0.007885819301009178,0.8745228052139282,0.710055947303772,-0.3214191496372223,0.6606473922729492,0.962437629699707,0.0074085332453250885,0.6447011232376099,0.982198178768158,0.04163787141442299,0.571526288986206,1.0859339237213135,-0.0713311955332756,0.8042575716972351,0.7222256064414978,0.008149475790560246,0.5179730653762817,0.5016553401947021,-0.4204398989677429,0.5395853519439697,0.9230571389198303,-0.2011154145002365,0.5648515224456787,0.9431214928627014,-0.17745482921600342,0.4526614248752594,1.1259095668792725,-0.32349953055381775
37,0.9604784250259399,0.8025802373886108,0.00466361315920949,0.8912161588668823,0.733214795589447,-0.5375319123268127,0.5747983455657959,1.0080342292785645,-0.11782895028591156,0.5452815294265747,1.0221002101898193,-0.07507999986410141,0.45920029282569885,1.1430344581604004,-0.24363306164741516,0.7852663993835449,0.7308139801025391,-0.004123279359191656,0.5150809288024902,0.5011047124862671,-0.5937936305999756,0.48596400022506714,0.9657343029975891,-0.28288719058036804,0.5066179037094116,0.9863430261611938,-0.2512361407279968,0.3872283697128296,1.1961095333099365,-0.4412786066532135
38,0.9293826818466187,0.8168670535087585,-0.1029994860291481,0.8356815576553345,0.775788426399231,-0.6810817718505859,0.5326876044273376,0.979273796081543,-0.16390082240104675,0.5202239751815796,1.000871181488037,-0.10914059728384018,0.36227476596832275,1.0287892818450928,-0.2415246218442917,0.7773082852363586,0.7298864722251892,0.10333622992038727,0.5117107629776001,0.4873414933681488,-0.32800620794296265,0.4182114005088806,0.9389084577560425,-0.07582703232765198,0.44601234793663025,0.986553966999054,-0.049299102276563644,0.28309065103530884,1.0863028764724731,-0.18221990764141083
39,0.9209887385368347,0.8240357041358948,-0.13656558096408844,0.7355409860610962,0.6751973628997803,-0.6046106815338135,0.5368913412094116,0.9460852742195129,0.034258417785167694,0.5273904204368591,0.9863632321357727,0.09965601563453674,0.38876694440841675,1.0277142524719238,0.07997994869947433,0.7723416090011597,0.7274113893508911,0.13693226873874664,0.48809123039245605,0.48796436190605164,-0.0949188694357872,0.40824833512306213,0.9135261178016663,0.22834055125713348,0.43834418058395386,0.9725365042686462,0.2637714743614197,0.27178820967674255,1.0420536994934082,0.20417506992816925
40,0.9069449305534363,0.8273609280586243,-0.15184131264686584,0.6728991270065308,0.6078110337257385,-0.43265247344970703,0.5262950658798218,0.9501641392707825,0.08208523690700531,0.5290240049362183,0.9894853234291077,0.13725778460502625,0.39081934094429016,1.0532822608947754,0.09999124705791473,0.7653611898422241,0.7236911058425903,0.15232720971107483,0.48340654373168945,0.4856312870979309,-0.061523597687482834,0.39480486512184143,0.8931142091751099,0.2691267132759094,0.4426366686820984,0.9690093398094177,0.305167019367218,0.2736309766769409,1.051029086112976,0.2309524118900299
41,0.8931193351745605,0.8073640465736389,-0.15578624606132507,0.6558476686477661,0.6415193676948547,-0.5918087363243103,0.5237525105476379,0.9413790106773376,0.023786846548318863,0.5297658443450928,0.9801415205001831,0.085649274289608,0.39989346265792847,1.0588715076446533,0.04574822261929512,0.7532572746276855,0.6861245632171631,0.15606249868869781,0.485490083694458,0.4862155616283417,-0.09467706084251404,0.4330541491508484,0.8950175046920776,0.2869669795036316,0.48080912232398987,0.9577972292900085,0.3277134299278259,0.2777460217475891,1.0400328636169434,0.27157825231552124
42,0.8774440884590149,0.7881304621696472,-0.16563032567501068,0.6606274843215942,0.6598367691040039,-0.610865592956543,0.501704752445221,0.943539023399353,0.008912989869713783,0.5081685185432434,0.987014889717102,0.07180964201688766,0.37765997648239136,1.0647975206375122,0.020213140174746513,0.7444528937339783,0.6762465238571167,0.16619746387004852,0.4839174747467041,0.4978923797607422,-0.06658177077770233,0.41268301010131836,0.9021780490875244,0.2800366282463074,0.4459013342857361,0.958050549030304,0.31688183546066284,0.26529139280319214,1.0363937616348267,0.24921508133411407
43,0.8823877573013306,0.7898303270339966,-0.1584233045578003,0.6876291036605835,0.671796977519989,-0.6001182794570923,0.49235621094703674,0.9489755034446716,-0.0032822887878865004,0.4938335418701172,0.988570511341095,0.05486577749252319,0.3577406406402588,1.0620213747024536,-0.02278139255940914,0.7459536790847778,0.6809406876564026,0.15899796783924103,0.48405951261520386,0.517163097858429,-0.05523540452122688,0.4165690839290619,0.9043175578117371,0.34573301672935486,0.44360652565956116,0.9595059156417847,0.38814446330070496,0.2768036425113678,1.0207220315933228,0.3102819621562958
44,0.8876971006393433,0.7994725108146667,-0.14032207429409027,0.7121132612228394,0.8058891296386719,-0.5983302593231201,0.5341780781745911,1.0029304027557373,0.08132334798574448,0.5363248586654663,1.0292216539382935,0.14816220104694366,0.41356563568115234,1.1052742004394531,0.03684566169977188,0.7408638596534729,0.6846787333488464,0.140827015042305,0.47816959023475647,0.5780668258666992,-0.11887935549020767,0.4210696220397949,0.9068650007247925,0.43139544129371643,0.4493330121040344,0.9576553702354431,0.49087777733802795,0.2887841761112213,1.0236380100250244,0.4177509844303131
45,0.8826218843460083,0.8173417448997498,-0.17128530144691467,0.6502376794815063,0.755431056022644,-0.5919373035430908,0.4693338871002197,0.9145393967628479,0.056029967963695526,0.4777584969997406,0.9454520344734192,0.12249521166086197,0.3143695890903473,0.9735850095748901,0.07464773952960968,0.7435979247093201,0.6867967247962952,0.17191272974014282,0.47224822640419006,0.5619642734527588,0.04272595793008804,0.42402854561805725,0.8804643154144287,0.48307761549949646,0.4522183835506439,0.926721453666687,0.5355460047721863,0.29471081495285034,0.9983482360839844,0.513159453868866
46,0.8793184161186218,0.8169742226600647,-0.17591162025928497,0.6616145372390747,0.7097581028938293,-0.6910355091094971,0.47212591767311096,0.8984377384185791,-0.013119225390255451,0.4790605902671814,0.9285733699798584,0.0652240440249443,0.3136737644672394,0.9724398851394653,0.03374485671520233,0.7424658536911011,0.6883060336112976,0.17640522122383118,0.4688487648963928,0.5521395802497864,0.007130527403205633,0.4160034656524658,0.8815637826919556,0.36955326795578003,0.43843284249305725,0.9303881525993347,0.4129687249660492,0.28339654207229614,0.9981632828712463,0.36041760444641113
47,0.8689889907836914,0.8344624638557434,-0.16123995184898376,0.664634108543396,0.8158177137374878,-0.6696946620941162,0.5148046612739563,0.9955213665962219,0.1182360053062439,0.5207856893539429,1.0087268352508545,0.19586408138275146,0.37408605217933655,1.1077206134796143,0.13803452253341675,0.7257405519485474,0.7130587100982666,0.16174092888832092,0.4709208905696869,0.6445486545562744,-0.05011420324444771,0.4183368682861328,0.9135419726371765,0.42838558554649353,0.4394147992134094,0.954729437828064,0.4847044050693512,0.2876507043838501,1.0002917051315308,0.42940887808799744
48,0.8560007810592651,0.8263882994651794,-0.13835470378398895,0.6799648404121399,0.8302410244941711,-0.5289293527603149,0.5376936793327332,1.0875179767608643,0.07402104884386063,0.538658618927002,1.1087729930877686,0.1451631635427475,0.425382137298584,1.2286618947982788,0.1191556453704834,0.7041958570480347,0.7128437757492065,0.13921567797660828,0.4991016983985901,0.7360570430755615,-0.07754303514957428,0.4211917817592621,1.0160139799118042,0.3755966126918793,0.4413464069366455,1.054503321647644,0.42212527990341187,0.31188806891441345,1.1252690553665161,0.36828434467315674
49,0.8453128933906555,0.8318453431129456,-0.16693778336048126,0.6343735456466675,0.7991056442260742,-0.5204325914382935,0.49867039918899536,1.0497995615005493,0.2103312462568283,0.5112158060073853,1.0725769996643066,0.28750842809677124,0.3675687611103058,1.1708734035491943,0.24833181500434875,0.7082316279411316,0.7207128405570984,0.167588472366333,0.49744611978530884,0.6673346161842346,0.03478575497865677,0.39558905363082886,0.9865844249725342,0.4986991882324219,0.410046249628067,1.0290374755859375,0.5517889261245728,0.24946267902851105,1.113613247871399,0.4975644648075104
50,0.8150674104690552,0.8308817744255066,-0.16419892013072968,0.6313199996948242,0.7429688572883606,-0.6600692868232727,0.4920783042907715,1.0158751010894775,0.033603936433792114,0.5047208666801453,1.033362627029419,0.11317332834005356,0.36744484305381775,1.1490910053253174,0.19538074731826782,0.6732993721961975,0.7213737964630127,0.16493013501167297,0.4467596411705017,0.6578047871589661,-0.02327169105410576,0.3944069743156433,0.9723312854766846,0.31229168176651,0.4138828217983246,1.0165057182312012,0.3475729823112488,0.2627410292625427,1.1047031879425049,0.3177638649940491
51,0.8194310069084167,0.8422772288322449,-0.16121748089790344,0.6704570651054382,0.767635703086853,-0.729321300983429,0.5053510069847107,1.0182337760925293,-0.05161862447857857,0.5130051374435425,1.0374834537506104,0.021325351670384407,0.3761693835258484,1.1496150493621826,-0.03633351996541023,0.6706244349479675,0.7284374833106995,0.16203686594963074,0.4401094317436218,0.635684609413147,-0.10613389313220978,0.3936264216899872,0.9650861620903015,0.2326888144016266,0.4137551188468933,1.010007619857788,0.27408334612846375,0.26832956075668335,1.1015201807022095,0.1912144422531128
52,0.7970948219299316,0.8405230045318604,-0.12998998165130615,0.6853545904159546,0.8362489938735962,-0.5828728675842285,0.5049758553504944,1.0882338285446167,-0.027522612363100052,0.5035849213600159,1.1066265106201172,0.030357714742422104,0.3852386176586151,1.2366278171539307,-0.06875047832727432,0.6421748399734497,0.7316296696662903,0.13091567158699036,0.441091924905777,0.7241075038909912,-0.13462696969509125,0.3893148601055145,1.0357377529144287,0.2096991240978241,0.4059591293334961,1.0804145336151123,0.2489495724439621,0.27075308561325073,1.1654363870620728,0.14233431220054626
53,0.805456817150116,0.8575488924980164,-0.17571400105953217,0.6325712203979492,0.683356523513794,-0.6803762316703796,0.4529004693031311,1.0662087202072144,-0.13448621332645416,0.46106114983558655,1.0900806188583374,-0.07675569504499435,0.3076076805591583,1.219193696975708,-0.16691723465919495,0.6585947275161743,0.7476715445518494,0.1760958433151245,0.43186622858047485,0.6731659770011902,-0.12902028858661652,0.37938228249549866,1.0156391859054565,0.21725010871887207,0.4009244441986084,1.0707679986953735,0.2571824789047241,0.2480328381061554,1.1465834379196167,0.16401910781860352
54,0.8057931661605835,0.8550757765769958,-0.18802963197231293,0.6164563894271851,0.6257442831993103,-0.7273679971694946,0.45781564712524414,1.0269345045089722,-0.20573806762695312,0.46693748235702515,1.0818634033203125,-0.149587482213974,0.31865549087524414,1.1532326936721802,-0.23486456274986267,0.6607626080513,0.7447220087051392,0.18824157118797302,0.4118051528930664,0.6119909286499023,-0.18207374215126038,0.38398462533950806,1.001689076423645,0.10234693437814713,0.4056362211704254,1.0565859079360962,0.13729682564735413,0.2551477551460266,1.1367470026016235,0.03287672996520996
55,0.8078835606575012,0.8431584239006042,-0.14903274178504944,0.6922949552536011,0.7824704051017761,-0.7314481139183044,0.5257432460784912,1.0928254127502441,-0.1623138040304184,0.5234242081642151,1.124997854232788,-0.106195829808712,0.41476455330848694,1.2415988445281982,-0.25868117809295654,0.646921694278717,0.7444347143173218,0.14930734038352966,0.41987180709838867,0.7066529393196106,-0.37284860014915466,0.3948827385902405,1.0705941915512085,-0.008923257701098919,0.41619953513145447,1.1237738132476807,0.03154921904206276,0.2869744300842285,1.2022472620010376,-0.14624980092048645
56,0.8107987642288208,0.8426280617713928,-0.14935658872127533,0.685852587223053,0.7897236347198486,-0.7506488561630249,0.533484697341919,1.0831081867218018,-0.1223471388220787,0.5403913259506226,1.1158881187438965,-0.07167679816484451,0.41308116912841797,1.2284375429153442,-0.17997047305107117,0.6529766321182251,0.7428862452507019,0.14960984885692596,0.4243195056915283,0.6954217553138733,-0.28357672691345215,0.41835927963256836,1.0560718774795532,0.0759134590625763,0.44134268164634705,1.1094746589660645,0.11115267127752304,0.30764347314834595,1.192597508430481,0.006472872104495764
57,0.8094266653060913,0.8340462446212769,-0.14640523493289948,0.6564528942108154,0.8312557339668274,-0.8688299059867859,0.5000426769256592,1.0100778341293335,-0.16015349328517914,0.5104542970657349,1.0156670808792114,-0.0911327451467514,0.3656477928161621,1.120391607284546,-0.17525725066661835,0.6554194092750549,0.6992626190185547,0.1467743068933487,0.4129175543785095,0.573734700679779,-0.25383567810058594,0.39573782682418823,0.9622529149055481,0.07865327596664429,0.4253096580505371,1.0250674486160278,0.11386144161224365,0.24997150897979736,1.10368013381958,0.02445918321609497
58,0.8110980987548828,0.8441981673240662,-0.14213183522224426,0.6791506409645081,0.9850282073020935,-0.6001560688018799,0.573886513710022,1.3284696340560913,0.18572808802127838,0.5778599977493286,1.3697227239608765,0.25000712275505066,0.4786438047885895,1.4937299489974976,-0.009535481221973896,0.6480740904808044,0.7288029193878174,0.14264507591724396,0.4736117422580719,0.851830780506134,-0.25391054153442383,0.4162798821926117,1.2803326845169067,0.22705280780792236,0.4356261193752289,1.3409297466278076,0.27511221170425415,0.2960452735424042,1.4503177404403687,0.032127827405929565
59,0.8284684419631958,0.8323561549186707,-0.13979241251945496,0.7297263145446777,0.9044879674911499,-0.2732241451740265,0.6279590725898743,1.2366156578063965,0.4475979208946228,0.6352501511573792,1.283230185508728,0.5165837407112122,0.5450770854949951,1.3627753257751465,0.387462317943573,0.6684972643852234,0.7330004572868347,0.14041845500469208,0.4783281683921814,0.8405826687812805,0.07059681415557861,0.549202024936676,1.186005711555481,0.6385610699653625,0.5866385698318481,1.3064252138137817,0.6996071338653564,0.4512079358100891,1.319354772567749,0.5945462584495544
60,0.8348283767700195,0.8294389247894287,-0.16419845819473267,0.6621793508529663,0.8615944981575012,0.07291308790445328,0.6160300374031067,1.1267893314361572,0.7850630283355713,0.5996160507202148,1.189897060394287,0.8576027750968933,0.537507951259613,1.2091307640075684,0.828167736530304,0.707701563835144,0.7335765361785889,0.16487762331962585,0.4771656394004822,0.7758916020393372,0.4315966069698334,0.5150977373123169,1.0609785318374634,1.0096862316131592,0.5535836815834045,1.1255072355270386,1.0700783729553223,0.3938613533973694,1.1783419847488403,1.0288622379302979
61,0.8371129035949707,0.7844835519790649,-0.0981428474187851,0.7213286757469177,0.8661381602287292,0.40579551458358765,0.6571991443634033,1.0896670818328857,1.0383002758026123,0.656106173992157,1.1232635974884033,1.098668098449707,0.6109560132026672,1.1953436136245728,1.0061869621276855,0.7037957906723022,0.7131457924842834,0.09858384728431702,0.5807396173477173,0.8185541033744812,0.5450042486190796,0.5903673768043518,1.0479427576065063,1.1010315418243408,0.6162641048431396,1.086693286895752,1.1593705415725708,0.49240583181381226,1.1556122303009033,1.062975287437439
62,0.82227623462677,0.7667113542556763,-0.06424926221370697,0.7361114621162415,0.872344970703125,0.519110381603241,0.6625620126724243,1.068573236465454,1.2872402667999268,0.6597010493278503,1.0907148122787476,1.360366940498352,0.6248160600662231,1.189123511314392,1.2307627201080322,0.6809746026992798,0.7033003568649292,0.06499034911394119,0.5855337381362915,0.8277975916862488,0.586652934551239,0.6065088510513306,1.0391737222671509,1.2717422246932983,0.6295661330223083,1.065223217010498,1.3438600301742554,0.5322803258895874,1.1574114561080933,1.2008260488510132
63,0.817893385887146,0.7744139432907104,-0.07945611327886581,0.7283357381820679,0.8665293455123901,0.5513995885848999,0.6382448077201843,1.0283405780792236,1.3315593004226685,0.6390724778175354,1.0407077074050903,1.4093537330627441,0.5856746435165405,1.1382789611816406,1.3096401691436768,0.6727946400642395,0.7027257084846497,0.08050155639648438,0.5718140602111816,0.7963760495185852,0.6934593915939331,0.5947936773300171,0.9842746257781982,1.4067460298538208,0.6267554759979248,1.008176565170288,1.4816052913665771,0.5022445321083069,1.0873520374298096,1.3690226078033447
64,0.8056502342224121,0.7809226512908936,-0.08367424458265305,0.7248275279998779,0.8603289723396301,0.4817516803741455,0.6234676241874695,1.024475336074829,1.213955044746399,0.6260047554969788,1.0416927337646484,1.287293791770935,0.5507827997207642,1.1410309076309204,1.2040255069732666,0.6614312529563904,0.7058480381965637,0.0845157578587532,0.5647386312484741,0.7472825646400452,0.6245571970939636,0.5622082948684692,0.9855499863624573,1.2788000106811523,0.5915634036064148,1.014297604560852,1.3489677906036377,0.46136340498924255,1.1056548357009888,1.259148120880127
65,0.7965595722198486,0.7845101952552795,-0.05691979452967644,0.720499575138092,0.8651546835899353,0.5074827075004578,0.6148598194122314,1.0317540168762207,1.33152437210083,0.6181882619857788,1.0528236627578735,1.4120922088623047,0.5553762316703796,1.1420117616653442,1.2996958494186401,0.6449103951454163,0.7108709216117859,0.05797408148646355,0.5546075701713562,0.7947309017181396,0.6133507490158081,0.5500930547714233,0.992336630821228,1.3292394876480103,0.578867495059967,1.0247496366500854,1.4039756059646606,0.47703561186790466,1.1450189352035522,1.268259048461914
66,1.0413579940795898,0.5267660617828369,-0.08881453424692154,0.9971164464950562,0.7667171955108643,-0.3435888886451721,1.0886857509613037,1.00900137424469,0.2921752333641052,1.112755298614502,1.027366280555725,0.35377323627471924,1.1079704761505127,1.1603623628616333,0.25424763560295105,0.8798654675483704,0.6009349822998047,0.0894445925951004,0.7562528848648071,0.7759779691696167,-0.277616947889328,0.9959556460380554,1.0643744468688965,0.17739874124526978,1.050087809562683,1.0715923309326172,0.22346024215221405,1.0126508474349976,1.275871753692627,0.09390750527381897
67,1.0012108087539673,0.5361719727516174,-0.10085789114236832,0.8725506663322449,0.6020320057868958,-0.4625855088233948,0.9107200503349304,0.783720076084137,0.02931961789727211,0.9314130544662476,0.7913461327552795,0.08690070360898972,0.905461311340332,0.9254968762397766,0.11314614862203598,0.8475001454353333,0.59714275598526,0.10138440132141113,0.5348297953605652,0.6237861514091492,-0.0757426992058754,0.7653132677078247,0.8318725824356079,0.18345293402671814,0.8200209736824036,0.8363927602767944,0.22344699501991272,0.7470937967300415,1.0309276580810547,0.22127561271190643
68,1.0211455821990967,0.5690733790397644,-0.12105502933263779,0.8678577542304993,0.5776478052139282,-0.29315629601478577,0.9198011159896851,0.8003034591674805,0.1432134211063385,0.9440363049507141,0.8205543756484985,0.19626453518867493,0.9145230054855347,0.9374798536300659,0.11494890600442886,0.8804700970649719,0.5975707173347473,0.12158031761646271,0.5316548347473145,0.585751473903656,0.09667380899190903,0.737273097038269,0.85198575258255,0.28650760650634766,0.7930998802185059,0.8679835200309753,0.3119896948337555,0.6838134527206421,1.0570735931396484,0.3289793133735657
69,1.0332725048065186,0.6151466369628906,-0.14776064455509186,0.8396642804145813,0.6063528060913086,-0.2617533504962921,0.8075607419013977,0.8181999325752258,0.29806816577911377,0.8299832344055176,0.8273964524269104,0.36171185970306396,0.7250689268112183,0.9138210415840149,0.3913514018058777,0.8889994621276855,0.5888658761978149,0.14803779125213623,0.5655890703201294,0.5578578114509583,0.07176604121923447,0.7392335534095764,0.8108313679695129,0.32107022404670715,0.7938818335533142,0.823187530040741,0.3513586223125458,0.6758021116256714,0.9979046583175659,0.3695448637008667
70,1.0344128608703613,0.6482113003730774,-0.14755582809448242,0.8536556959152222,0.7219604849815369,-0.15268447995185852,0.8786832690238953,0.8592183589935303,0.5836573243141174,0.9027940034866333,0.8685868978500366,0.6620227694511414,0.8388423919677734,0.9789211750030518,0.6681450605392456,0.8883687853813171,0.6074430346488953,0.14805155992507935,0.6114794015884399,0.6183511018753052,0.2821730971336365,0.7516425848007202,0.8765089511871338,0.7455717921257019,0.7963606119155884,0.8910159468650818,0.7985553741455078,0.686454713344574,1.0604665279388428,0.7839216589927673
71,0.9860032796859741,0.76792311668396,-0.1025843471288681,0.8447677493095398,0.8768914341926575,0.2591007649898529,0.8989008665084839,1.192370891571045,0.829145610332489,0.9253782033920288,1.2301312685012817,0.8867281675338745,0.8681333661079407,1.3005504608154297,0.838742733001709,0.9109471440315247,0.7479231953620911,0.10254880040884018,0.7919945120811462,0.8789826035499573,0.4720410704612732,0.925886332988739,1.192259669303894,0.9506281018257141,0.961126983165741,1.2168643474578857,1.0040698051452637,0.8979820013046265,1.356719732284546,0.961175799369812
72,1.0298689603805542,0.666387677192688,-0.10257390886545181,0.9178282022476196,0.6535698175430298,-0.6914428472518921,0.8306312561035156,0.8929427862167358,-0.14872366189956665,0.828438937664032,0.8931711316108704,-0.09078136086463928,0.7938151955604553,1.0572553873062134,-0.14082126319408417,0.8856398463249207,0.6643838882446289,0.10254845768213272,0.49348536133766174,0.6517184972763062,-0.30639660358428955,0.6882495284080505,0.9103147387504578,-0.014241029508411884,0.7328424453735352,0.9229347109794617,0.015117389149963856,0.6516177654266357,1.1094532012939453,-0.05943688005208969
73,1.0434308052062988,0.6160978674888611,-0.09486816823482513,0.959968090057373,0.5960391163825989,-0.6112954020500183,0.8438853025436401,0.7664769887924194,-0.16116929054260254,0.8456733822822571,0.7683616280555725,-0.10995490849018097,0.7853654026985168,0.8725918531417847,-0.1421332061290741,0.8885055780410767,0.5928356647491455,0.09480364620685577,0.6199537515640259,0.528213620185852,-0.2623071074485779,0.7690246105194092,0.7624231576919556,0.012358509935438633,0.801294207572937,0.7727354168891907,0.04625193029642105,0.752509355545044,0.9118459820747375,-0.005393855273723602
74,1.0356462001800537,0.6097458600997925,-0.1051885262131691,0.8681122064590454,0.5091317892074585,-0.5695589780807495,0.7865078449249268,0.7145187854766846,-0.12496745586395264,0.7979599237442017,0.7416433691978455,-0.077778659760952,0.7053672671318054,0.7717515826225281,-0.11760320514440536,0.8811723589897156,0.5627360939979553,0.10508938133716583,0.6132491827011108,0.4185744524002075,-0.09930484741926193,0.7228926420211792,0.6613149642944336,0.1577056348323822,0.7567822933197021,0.6827885508537292,0.18539489805698395,0.6752704381942749,0.7784541845321655,0.1534767895936966
75,0.9966586232185364,0.5966517329216003,-0.09492041915655136,0.71673184633255,0.5172072052955627,-0.11336177587509155,0.6904800534248352,0.7612075209617615,0.14411784708499908,0.7073845863342285,0.796836793422699,0.22906506061553955,0.6244300007820129,0.8240525722503662,0.11821923404932022,0.8831295967102051,0.5218664407730103,0.09526526182889938,0.6012317538261414,0.4249454438686371,0.026295756921172142,0.7046903371810913,0.7302809953689575,0.35931307077407837,0.7411948442459106,0.753438413143158,0.3968099355697632,0.6714552640914917,0.8709031939506531,0.38083216547966003
76,0.9845994114875793,0.6109690070152283,-0.05215594917535782,0.9515649080276489,0.44974878430366516,-0.4901098310947418,0.7990431189537048,0.6977260112762451,-0.07745729386806488,0.790497899055481,0.7305954694747925,-0.03137527406215668,0.7076718807220459,0.7789633274078369,-0.12660759687423706,0.8302515745162964,0.55538409948349,0.05174700543284416,0.5845175385475159,0.355887770652771,-0.22076332569122314,0.6702069044113159,0.6531228423118591,0.0037772678770124912,0.7030251026153564,0.6918104290962219,0.0328131727874279,0.6221466064453125,0.7634043097496033,-0.04809442535042763
77,0.9375084042549133,0.610772967338562,-0.07001616060733795,0.8027669787406921,0.4392266571521759,-0.45444098114967346,0.7825208902359009,0.6745541095733643,-0.0015306943096220493,0.7900345325469971,0.7106749415397644,0.05150911957025528,0.7094243168830872,0.7506572604179382,0.05291417986154556,0.804742693901062,0.5550411939620972,0.06990968436002731,0.583849310874939,0.3759848177433014,-0.06656640768051147,0.6569184064865112,0.6204608678817749,0.18689458072185516,0.6859541535377502,0.6458710432052612,0.21979376673698425,0.6050013303756714,0.7171427607536316,0.21714827418327332
78,0.912188708782196,0.6603530645370483,-0.0999179407954216,0.7584344148635864,0.5330868363380432,-0.39319878816604614,0.66975337266922,0.7225200533866882,0.08317757397890091,0.6807248592376709,0.7571495175361633,0.1388995349407196,0.563463568687439,0.7836679816246033,0.14964692294597626,0.7691280841827393,0.587105393409729,0.09994594007730484,0.5194978713989258,0.4483824670314789,0.08678945153951645,0.5866352915763855,0.6971279978752136,0.2462271898984909,0.6222491264343262,0.7309789061546326,0.2690788507461548,0.5117368102073669,0.8024536371231079,0.24664370715618134
79,0.8882039785385132,0.681037962436676,-0.0909915566444397,0.8127239942550659,0.6016005277633667,-0.523626983165741,0.7050125598907471,0.7960679531097412,-0.1880655139684677,0.7069143056869507,0.8280029296875,-0.15317267179489136,0.6182535886764526,0.8757916688919067,-0.21735629439353943,0.7411066293716431,0.6217527389526367,0.09075173735618591,0.5083130598068237,0.4943065345287323,-0.1047174334526062,0.5717388391494751,0.7449595928192139,-0.019654113799333572,0.6087259650230408,0.7846830487251282,-0.008758354932069778,0.4937821924686432,0.8513820767402649,-0.08077815175056458
80,0.851733386516571,0.6708581447601318,-0.07383421808481216,0.815304160118103,0.6244738698005676,0.24241729080677032,0.7204428911209106,0.7677758932113647,0.7285867929458618,0.7132595777511597,0.8180444836616516,0.7751116752624512,0.6603004336357117,0.846325695514679,0.7126699090003967,0.7107319831848145,0.6173397898674011,0.074263796210289,0.5599356293678284,0.5196736454963684,0.39208680391311646,0.5564612150192261,0.7004626393318176,0.8428465127944946,0.582398533821106,0.728325605392456,0.8864533305168152,0.4515998959541321,0.7614482045173645,0.8294987678527832
81,0.8008804321289062,0.6725953221321106,0.0038173492066562176,0.8276202082633972,0.7182804346084595,-0.24337537586688995,0.7630859613418579,0.8947666883468628,0.3939538598060608,0.7327717542648315,0.9173657298088074,0.4235292077064514,0.7619823217391968,1.0107868909835815,0.25073450803756714,0.651663064956665,0.6468054056167603,-0.0032106363214552402,0.5600517988204956,0.672479510307312,-0.23672132194042206,0.5581045746803284,0.8512974977493286,0.3943712115287781,0.6100502014160156,0.8757763504981995,0.5287842154502869,0.5782647132873535,0.9580288529396057,0.24958331882953644
82,0.7602804899215698,0.6715385913848877,0.0193045474588871,0.8087748289108276,0.6841086745262146,-0.3376709818840027,0.7211278080940247,0.8641290664672852,-0.0023608359042555094,0.6947025060653687,0.8893236517906189,0.029948418959975243,0.7334882616996765,0.9599742889404297,-0.056353963911533356,0.601394534111023,0.6538953185081482,-0.01874743588268757,0.49370336532592773,0.6694599986076355,-0.5072484612464905,0.563488245010376,0.8717759251594543,-0.14944550395011902,0.5885921716690063,0.8943637013435364,-0.10884179919958115,0.5777196884155273,0.9856737852096558,-0.2379460632801056
83,0.7324765920639038,0.6678175330162048,2.048512760666199e-05,0.7457537055015564,0.6505787372589111,-0.5115970373153687,0.5978121757507324,0.840866208076477,-0.17726853489875793,0.5789288282394409,0.8745180368423462,-0.1327669471502304,0.544026255607605,0.9432268142700195,-0.20123282074928284,0.5684858560562134,0.6440083980560303,0.0004338939324952662,0.39927244186401367,0.6236875653266907,-0.43909335136413574,0.5694055557250977,0.8503729104995728,-0.1923234462738037,0.6031601428985596,0.869219183921814,-0.15589097142219543,0.5816180109977722,0.9828223586082458,-0.25347191095352173
84,0.681203305721283,0.6664602160453796,-0.009914347901940346,0.7065492272377014,0.7340351939201355,-0.45935797691345215,0.592275857925415,0.8767101764678955,-0.13861529529094696,0.5738369822502136,0.8965760469436646,-0.05638507753610611,0.5596998929977417,0.9755333065986633,-0.061407655477523804,0.5230213403701782,0.6389400362968445,0.01027925219386816,0.3888934254646301,0.6642969250679016,-0.41018542647361755,0.5325827598571777,0.8655081987380981,-0.04891668260097504,0.5646890997886658,0.8791438937187195,-0.009194377809762955,0.5499313473701477,1.0050585269927979,-0.08978189527988434
85,0.6779990196228027,0.6810111403465271,-0.015177585184574127,0.7044090628623962,0.7767877578735352,-0.6753087043762207,0.6121081113815308,0.973931074142456,-0.061282891780138016,0.5966571569442749,0.9920454025268555,0.0012535533169284463,0.5905458927154541,1.109315037727356,-0.10861067473888397,0.5112249255180359,0.6439924836158752,0.015502366237342358,0.3787540793418884,0.6659165620803833,-0.6160902976989746,0.46597713232040405,0.901357114315033,-0.07707563787698746,0.4931713938713074,0.9222609996795654,-0.023380490019917488,0.45153412222862244,1.0495831966400146,-0.17612962424755096
86,0.6736928224563599,0.6878811120986938,-0.018159551545977592,0.6764661073684692,0.7743801474571228,-0.6452616453170776,0.60689377784729,0.9737487435340881,-0.1293538510799408,0.5949150323867798,0.9828748106956482,-0.07258231937885284,0.592347264289856,1.1275928020477295,-0.17379380762577057,0.5075157284736633,0.6436272859573364,0.01844169944524765,0.38761499524116516,0.6280208826065063,-0.4981381297111511,0.510653555393219,0.8736287355422974,-0.13468480110168457,0.5424386858940125,0.8957886099815369,-0.09081283956766129,0.4936712384223938,1.0248512029647827,-0.2129683494567871
87,0.6528795957565308,0.6832380890846252,-0.009211850352585316,0.6870730519294739,0.7223085761070251,-0.5532106757164001,0.6308060884475708,0.9734494686126709,-0.12249802052974701,0.6175034046173096,1.008793830871582,-0.07901161909103394,0.6063917279243469,1.1247234344482422,-0.1809159517288208,0.48315533995628357,0.6459901928901672,0.009490587748587132,0.3851326107978821,0.6381734609603882,-0.5199206471443176,0.5177297592163086,0.8805223107337952,-0.1430884599685669,0.5518308877944946,0.9077909588813782,-0.10241085290908813,0.509912371635437,1.0289760828018188,-0.2230089157819748
88,0.6320562958717346,0.7014607787132263,0.023449119180440903,0.7068461775779724,0.7382542490959167,-0.2726207673549652,0.6285479664802551,0.9453936815261841,0.26031678915023804,0.6029822826385498,0.9733362197875977,0.3121725916862488,0.6151422262191772,1.0876187086105347,0.2526657283306122,0.4573269784450531,0.6827492117881775,-0.023347942158579826,0.40619009733200073,0.7112625241279602,-0.484732061624527,0.4513678550720215,0.9252772927284241,0.12444070726633072,0.46330317854881287,0.958625078201294,0.17627255618572235,0.45634299516677856,1.0655936002731323,0.08675272762775421
89,0.6196841597557068,0.7201650738716125,0.023708580061793327,0.7086888551712036,0.776077926158905,-0.3484896421432495,0.6193850040435791,1.0147507190704346,0.18362954258918762,0.5931621193885803,1.0416001081466675,0.2339152991771698,0.6184864640235901,1.1755479574203491,0.1419791877269745,0.4483622610569,0.7063699960708618,-0.023521270602941513,0.4170880913734436,0.8299663066864014,-0.4526351988315582,0.45227909088134766,1.0555106401443481,0.07709752768278122,0.4680449068546295,1.08474600315094,0.12657272815704346,0.4332960546016693,1.2067230939865112,0.018709320574998856
90,0.605719804763794,0.7101706862449646,0.04664517939090729,0.691525936126709,0.8587713241577148,-0.04052705690264702,0.6281486749649048,1.1056948900222778,0.585957407951355,0.603350818157196,1.1361808776855469,0.6397506594657898,0.6599516272544861,1.2688813209533691,0.5262857675552368,0.440249502658844,0.7041349411010742,-0.046114977449178696,0.4289833605289459,0.9044631123542786,-0.08221130818128586,0.44722262024879456,1.169418215751648,0.4177035689353943,0.44677814841270447,1.2025859355926514,0.46185222268104553,0.4560644030570984,1.3354370594024658,0.2991132140159607
91,0.6240009665489197,0.6801234483718872,0.033212948590517044,0.7035125494003296,0.7887495756149292,-0.5132862329483032,0.6547207832336426,1.037100076675415,0.031236980110406876,0.6325341463088989,1.0777146816253662,0.07226831465959549,0.6894341707229614,1.182769536972046,-0.10623178631067276,0.455759197473526,0.6989139914512634,-0.032664742320775986,0.43126899003982544,0.791519820690155,-0.6415096521377563,0.47074609994888306,1.0433599948883057,-0.08585163950920105,0.48258814215660095,1.0764057636260986,-0.03710044547915459,0.4696809649467468,1.1907683610916138,-0.22251641750335693
92,0.6198307275772095,0.6800317764282227,0.027129242196679115,0.7053837776184082,0.7674187421798706,-0.4490187168121338,0.6473380327224731,1.037241816520691,0.06009598821401596,0.6213047504425049,1.0773204565048218,0.10236112773418427,0.6773348450660706,1.198925256729126,-0.038400981575250626,0.45239704847335815,0.6889514327049255,-0.02659783698618412,0.41625675559043884,0.7810986042022705,-0.4721095561981201,0.441375732421875,1.047509789466858,-0.025167200714349747,0.456469863653183,1.0881582498550415,0.013329165056347847,0.4225769639015198,1.1952605247497559,-0.15870554745197296
93,0.6260853409767151,0.6803959608078003,0.0423802025616169,0.7093807458877563,0.7515788674354553,-0.4872276782989502,0.6526036262512207,1.0706559419631958,-0.024823710322380066,0.6226980090141296,1.1215101480484009,0.011550206691026688,0.6981629133224487,1.2331732511520386,-0.16388623416423798,0.4595184326171875,0.6938713788986206,-0.041659917682409286,0.41874533891677856,0.7978598475456238,-0.5798904299736023,0.47649747133255005,1.1120754480361938,-0.15492594242095947,0.48082733154296875,1.1535755395889282,-0.1179005354642868,0.5057008862495422,1.268648386001587,-0.3232837915420532
94,0.6255992650985718,0.6812963485717773,0.032960183918476105,0.6996031403541565,0.748727560043335,-0.46135586500167847,0.648825466632843,1.0443471670150757,0.051384877413511276,0.6218847632408142,1.0876961946487427,0.1027548685669899,0.688104510307312,1.2068791389465332,-0.08834745734930038,0.45555514097213745,0.6927139163017273,-0.03249288722872734,0.39748087525367737,0.8325209021568298,-0.4907991290092468,0.4550374448299408,1.0600916147232056,0.02035161666572094,0.4728924632072449,1.094151258468628,0.07381365448236465,0.44081464409828186,1.2074275016784668,-0.10073210299015045
95,0.6235317587852478,0.6836898326873779,0.03074880875647068,0.7040518522262573,0.7377874255180359,-0.4837374687194824,0.639240026473999,1.0411046743392944,0.061652205884456635,0.6137243509292603,1.0809686183929443,0.11066357791423798,0.6722172498703003,1.2027651071548462,-0.051217444241046906,0.4579712748527527,0.698834240436554,-0.030332177877426147,0.4008398950099945,0.8607176542282104,-0.5738836526870728,0.4620216488838196,1.0866700410842896,-0.004927456378936768,0.4753933846950531,1.1075706481933594,0.05250761657953262,0.4524451196193695,1.2373181581497192,-0.13015761971473694
96,0.6208363771438599,0.6827687621116638,0.04206160455942154,0.7061095237731934,0.721926748752594,-0.4720684885978699,0.6465448141098022,1.0414376258850098,0.091365747153759,0.619572639465332,1.0841000080108643,0.14300285279750824,0.6893205642700195,1.2026478052139282,-0.03798436000943184,0.45687389373779297,0.6957074999809265,-0.04162876680493355,0.4250470697879791,0.8602926731109619,-0.6185092329978943,0.48660388588905334,1.0829522609710693,-0.003085692413151264,0.487203985452652,1.102785348892212,0.05285140126943588,0.5074677467346191,1.2285125255584717,-0.11945831775665283
97,0.626034140586853,0.6844246983528137,0.04601810500025749,0.7075466513633728,0.7469627857208252,-0.41140541434288025,0.6401800513267517,1.0784491300582886,0.14600107073783875,0.6119581460952759,1.1193264722824097,0.19432926177978516,0.6804953813552856,1.2375930547714233,0.045918721705675125,0.4619297981262207,0.7012444138526917,-0.04562460631132126,0.4254365861415863,0.9017592668533325,-0.5642989873886108,0.48124003410339355,1.1239120960235596,0.07038314640522003,0.4821847975254059,1.1442888975143433,0.12622758746147156,0.5053378343582153,1.2629867792129517,-0.029530689120292664
98,0.6225540041923523,0.6844991445541382,0.04767413064837456,0.7184473276138306,0.7387020587921143,-0.42982611060142517,0.6314811706542969,1.059999942779541,0.19756226241588593,0.6022254228591919,1.0884708166122437,0.25385695695877075,0.6569513082504272,1.2301262617111206,0.11024034023284912,0.4593748450279236,0.6994397640228271,-0.047278497368097305,0.4273904263973236,0.876353919506073,-0.5391315221786499,0.4691699147224426,1.0969164371490479,0.08904978632926941,0.46882882714271545,1.1192799806594849,0.14861759543418884,0.48647159337997437,1.2372889518737793,-0.02478736639022827
99,0.6259196400642395,0.6775132417678833,0.05634249001741409,0.7513591051101685,0.7159703373908997,-0.4662763476371765,0.6470359563827515,1.022945523262024,0.14383511245250702,0.6141196489334106,1.051002860069275,0.202615424990654,0.6825970411300659,1.1954659223556519,0.02365230582654476,0.4649427831172943,0.6927953362464905,-0.05597929283976555,0.4276145398616791,0.8097127079963684,-0.8113978505134583,0.47073259949684143,1.0543447732925415,-0.13642729818820953,0.4742348790168762,1.069925308227539,-0.06869759410619736,0.496103435754776,1.2212777137756348,-0.2586798071861267
100,0.6285552382469177,0.6578230261802673,0.05230413004755974,0.7576223611831665,0.7268393039703369,-0.5236549377441406,0.649610698223114,1.0482994318008423,-0.028275325894355774,0.6146008372306824,1.0799152851104736,0.017228148877620697,0.6888850331306458,1.2171034812927246,-0.14940674602985382,0.46646156907081604,0.6544930338859558,-0.05184341222047806,0.4114547669887543,0.7366335988044739,-0.749478816986084,0.4271464943885803,1.0523685216903687,-0.21735557913780212,0.4356369376182556,1.0723696947097778,-0.16305048763751984,0.421862930059433,1.2160331010818481,-0.3573355972766876
101,0.5968689322471619,0.5633638501167297,0.051680486649274826,0.7217281460762024,0.6493833661079407,-0.5831130146980286,0.6416081190109253,0.963336169719696,-0.07330309599637985,0.6109246611595154,0.9937625527381897,-0.024716120213270187,0.6754812002182007,1.1317719221115112,-0.21703705191612244,0.4332335889339447,0.5469292998313904,-0.05125793069601059,0.383056104183197,0.656646192073822,-0.7338271141052246,0.401470422744751,0.9650408625602722,-0.19405177235603333,0.4084818363189697,0.9907745122909546,-0.13652773201465607,0.4100824296474457,1.150790810585022,-0.34366220235824585
102,0.5532461404800415,0.5156381726264954,0.06181339547038078,0.6697331070899963,0.5439777970314026,-0.4831342101097107,0.6432875990867615,0.9021938443183899,-0.22093963623046875,0.6135404109954834,0.9510121941566467,-0.197818323969841,0.7075239419937134,1.0410093069076538,-0.369140625,0.3932955861091614,0.4887586236000061,-0.061264120042324066,0.4292559027671814,0.6485126614570618,-0.6435373425483704,0.5850536227226257,0.9394503831863403,-0.37239015102386475,0.5879061222076416,0.9706928730010986,-0.3408389389514923,0.6840680241584778,1.0755151510238647,-0.5412760972976685
103,0.5097879767417908,0.6911744475364685,0.0750029906630516,0.6475826501846313,0.6658723950386047,-0.2618064284324646,0.5457395911216736,0.9631609320640564,-0.025704586878418922,0.5028043985366821,1.003574013710022,-0.0043611787259578705,0.5823561549186707,1.1195858716964722,-0.11089720577001572,0.3450888395309448,0.6494870781898499,-0.07451659440994263,0.4046327471733093,0.6059951186180115,-0.43416827917099,0.4074639678001404,0.954473078250885,-0.18472905457019806,0.39060062170028687,1.0051844120025635,-0.15707147121429443,0.4726864695549011,1.124800205230713,-0.29046574234962463
104,0.5151432156562805,0.672725260257721,0.07132880389690399,0.6476012468338013,0.5919368267059326,-0.42795372009277344,0.5456348657608032,0.9311798810958862,-0.22585999965667725,0.5028735399246216,0.9784395694732666,-0.209613636136055,0.5824179649353027,1.0852184295654297,-0.35043710470199585,0.3537862002849579,0.6312461495399475,-0.0707767903804779,0.39972037076950073,0.6021789312362671,-0.532647967338562,0.41084566712379456,0.9525378346443176,-0.3317318856716156,0.4018147587776184,1.002301812171936,-0.3104735016822815,0.46765273809432983,1.121089220046997,-0.49530133605003357
105,0.4785100817680359,0.6663755774497986,0.07882218062877655,0.5885308980941772,0.5886908173561096,-0.22238090634346008,0.5457783937454224,0.8882801532745361,-0.48950496315956116,0.5102693438529968,0.9556464552879333,-0.5267015099525452,0.6040266752243042,0.9463692903518677,-0.6618114709854126,0.3528268337249756,0.6246343851089478,-0.07853834331035614,0.3998671770095825,0.5867205262184143,-0.5004388689994812,0.44936394691467285,0.9074476361274719,-0.6809291243553162,0.431866317987442,0.9631703495979309,-0.6978479623794556,0.5604172945022583,1.0036687850952148,-0.8551942706108093
106,0.47308817505836487,0.6671639680862427,0.09105672687292099,0.582572340965271,0.6822805404663086,0.00018062938761431724,0.5098733305931091,0.899051308631897,0.3132038414478302,0.47847574949264526,0.9632663726806641,0.34311848878860474,0.5479892492294312,0.9790230989456177,0.2796610891819,0.35243314504623413,0.626689076423645,-0.09097343683242798,0.4254271388053894,0.6894997358322144,-0.12887431681156158,0.44264736771583557,0.9441757798194885,0.14704333245754242,0.4089740812778473,0.9725621938705444,0.1782657951116562,0.5246134996414185,1.0661697387695312,0.0937444195151329
107,0.46974271535873413,0.6678772568702698,0.0898672342300415,0.5739880800247192,0.689974844455719,-0.12758252024650574,0.46753349900245667,0.911090075969696,0.4105891287326813,0.4328610301017761,0.9532334208488464,0.46273747086524963,0.48749488592147827,0.9993952512741089,0.3730212152004242,0.3353579640388489,0.6268888115882874,-0.08986066281795502,0.35230767726898193,0.7485208511352539,-0.2458152323961258,0.3046692907810211,0.9726579785346985,0.2236836850643158,0.28509822487831116,0.9836466312408447,0.2686336636543274,0.3235078454017639,1.1266664266586304,0.11705262959003448
108,0.532436728477478,0.6680396199226379,0.041434306651353836,0.5783867239952087,0.7289161086082458,-0.32516035437583923,0.46946144104003906,0.9890142679214478,0.2059725821018219,0.4450210928916931,1.0163272619247437,0.2533724009990692,0.45387202501296997,1.1548771858215332,0.1216156929731369,0.37844496965408325,0.62831050157547,-0.04127461835741997,0.32757627964019775,0.7032777667045593,-0.297891765832901,0.31656256318092346,1.0246528387069702,0.05271876975893974,0.3179847300052643,1.0609021186828613,0.0907883569598198,0.2927728295326233,1.2018532752990723,-0.06905920803546906
109,0.6069868803024292,0.6862087845802307,-0.03088606335222721,0.5780400037765503,0.8288270831108093,0.5875633358955383,0.5037983059883118,0.9064887166023254,1.5816442966461182,0.5154998898506165,0.8945963382720947,1.6750528812408447,0.4783782958984375,1.026304841041565,1.5080287456512451,0.4250263273715973,0.6330596804618835,0.031135812401771545,0.34762030839920044,0.7356584072113037,0.6899495720863342,0.36088865995407104,0.8347938060760498,1.5619410276412964,0.40404361486434937,0.828273355960846,1.649767518043518,0.3557851314544678,0.9718298316001892,1.4817510843276978
110,0.6087770462036133,0.7289195656776428,-0.05090668052434921,0.608302891254425,0.7835494875907898,0.430124431848526,0.5106061100959778,0.7734397053718567,1.564119577407837,0.5125278830528259,0.7539383172988892,1.672310471534729,0.4798950254917145,0.8827436566352844,1.4887584447860718,0.4115978181362152,0.6607030034065247,0.050949711352586746,0.32513123750686646,0.7272902131080627,0.6019529700279236,0.37655386328697205,0.7245044112205505,1.6333732604980469,0.4237383008003235,0.7153109312057495,1.7353070974349976,0.37953609228134155,0.8650891780853271,1.5607049465179443
111,0.5789578557014465,0.789916455745697,-0.023937920108437538,0.5975605249404907,0.9051929116249084,0.7116641402244568,0.5036531090736389,1.0388305187225342,1.5291430950164795,0.4919806122779846,1.0456384420394897,1.6049467325210571,0.4871392846107483,1.2021565437316895,1.466739535331726,0.40039047598838806,0.7600057125091553,0.024404125288128853,0.34383395314216614,0.8972823619842529,0.5470195412635803,0.37242382764816284,1.0667927265167236,1.3087294101715088,0.3903152048587799,1.083290934562683,1.3794479370117188,0.38830238580703735,1.2452596426010132,1.1811107397079468
112,0.6178826093673706,0.7816383242607117,-0.02261606976389885,0.6908630132675171,0.8507588505744934,0.04379488155245781,0.5523284673690796,0.9983904957771301,0.9109193086624146,0.5319874882698059,1.0424342155456543,0.9870299100875854,0.4922451376914978,1.1538491249084473,0.837178111076355,0.42400211095809937,0.7456731200218201,0.02281087078154087,0.3223954737186432,0.8383674621582031,0.18971678614616394,0.39357081055641174,1.0169893503189087,0.8849068880081177,0.4335143566131592,1.0333904027938843,0.9529611468315125,0.38863474130630493,1.195501685142517,0.7737696766853333
113,0.6100035905838013,0.7703230381011963,-0.007851572707295418,0.6772838830947876,0.8195027709007263,0.7233906388282776,0.5744503736495972,0.9436199069023132,1.5417674779891968,0.5493381023406982,0.945484459400177,1.621350884437561,0.5477575063705444,1.1310515403747559,1.552419900894165,0.41640567779541016,0.7498267889022827,0.008070489391684532,0.34200891852378845,0.821486234664917,0.6117582321166992,0.41093769669532776,0.9725234508514404,1.361965298652649,0.43635067343711853,0.9565775394439697,1.4401710033416748,0.4155494272708893,1.1531505584716797,1.3120235204696655
114,0.6034563779830933,0.7778058648109436,-0.004094769712537527,0.6634539365768433,0.8542447686195374,0.46479931473731995,0.5654709935188293,0.9920741319656372,1.5041234493255615,0.5417808890342712,0.9946663975715637,1.6058263778686523,0.5447020530700684,1.1728732585906982,1.454543113708496,0.41714876890182495,0.7494240403175354,0.0042199743911623955,0.3239801824092865,0.8621715903282166,0.4093606472015381,0.3757072389125824,1.0203989744186401,1.3531427383422852,0.40327897667884827,1.0166940689086914,1.4472038745880127,0.36616745591163635,1.2073168754577637,1.2492659091949463
115,0.5988606214523315,0.791821300983429,-0.024360697716474533,0.6465283632278442,0.8489248752593994,-0.4799292981624603,0.5604218244552612,1.1181814670562744,0.6015704274177551,0.5363063216209412,1.1448649168014526,0.7038533091545105,0.5369228720664978,1.299336552619934,0.44449955224990845,0.41364556550979614,0.7450410723686218,0.024464625865221024,0.2807096838951111,0.8290603160858154,-0.26535335183143616,0.31592798233032227,1.1362261772155762,0.6202902793884277,0.33846932649612427,1.1644164323806763,0.7054314613342285,0.2843841314315796,1.3291679620742798,0.4117317795753479
116,0.5927088856697083,0.8152865767478943,-0.007796955294907093,0.5337526798248291,1.1376575231552124,0.41769129037857056,0.48092955350875854,1.4251365661621094,1.5149056911468506,0.4716199040412903,1.458271861076355,1.6140432357788086,0.4449310302734375,1.614944338798523,1.3451716899871826,0.39263808727264404,0.7726454138755798,0.007454982493072748,0.3048493564128876,1.1119403839111328,0.40372079610824585,0.28583481907844543,1.4310495853424072,1.3148645162582397,0.28219205141067505,1.4694232940673828,1.3984549045562744,0.2886480391025543,1.6281651258468628,1.0552819967269897
117,0.5893657207489014,0.8121382594108582,-0.03081568516790867,0.5624438524246216,0.996039628982544,-0.39875635504722595,0.48533639311790466,1.261745572090149,0.7962480783462524,0.4728962779045105,1.2834162712097168,0.9104388356208801,0.4409172534942627,1.4616448879241943,0.6540980339050293,0.3900615870952606,0.7611528038978577,0.03090006113052368,0.26981794834136963,0.9630415439605713,-0.21283969283103943,0.2857265770435333,1.2883074283599854,0.7478150129318237,0.2980690598487854,1.3213876485824585,0.8383160829544067,0.26490601897239685,1.4942656755447388,0.5298845171928406
118,0.5909844636917114,0.8283548355102539,-0.02751200832426548,0.551088809967041,1.148695468902588,0.24537663161754608,0.4779904782772064,1.4143970012664795,1.5982542037963867,0.4653647840023041,1.444095492362976,1.7225024700164795,0.4269024729728699,1.6086534261703491,1.4382168054580688,0.38983267545700073,0.7656394839286804,0.02771315909922123,0.28688037395477295,1.0972847938537598,0.4022260308265686,0.27851587533950806,1.4013413190841675,1.527814269065857,0.28339654207229614,1.4369031190872192,1.6349881887435913,0.2703550457954407,1.6099071502685547,1.30326509475708
119,0.6008909344673157,0.8655840754508972,-0.0316486582159996,0.533369779586792,1.2936643362045288,0.328321635723114,0.4665610194206238,1.6062910556793213,1.6885513067245483,0.45750975608825684,1.6537277698516846,1.811591386795044,0.40596717596054077,1.7968038320541382,1.4536793231964111,0.3886553943157196,0.795543372631073,0.031806580722332,0.29561811685562134,1.2144808769226074,0.5167585015296936,0.2581408619880676,1.5490169525146484,1.6429288387298584,0.2517957091331482,1.6035759449005127,1.7518417835235596,0.263290137052536,1.7489013671875,1.3490478992462158
120,0.5992975234985352,0.8990808725357056,-0.024777095764875412,0.5159044861793518,1.359345555305481,0.39343658089637756,0.45417436957359314,1.7249939441680908,1.4444721937179565,0.44589266180992126,1.7849458456039429,1.5361312627792358,0.40745872259140015,1.8963967561721802,1.2008426189422607,0.3730734884738922,0.8445603251457214,0.025026535615324974,0.28637778759002686,1.3029662370681763,0.43629130721092224,0.24323821067810059,1.6755130290985107,1.316159725189209,0.23609033226966858,1.7365925312042236,1.39902663230896,0.2577093541622162,1.8561949729919434,1.2045538425445557
121,0.6061676740646362,0.8882911801338196,-0.022651968523859978,0.5166419744491577,1.362631916999817,0.44677799940109253,0.45184025168418884,1.7453491687774658,1.518996000289917,0.44172802567481995,1.808477520942688,1.6122848987579346,0.40472984313964844,1.9240387678146362,1.2200523614883423,0.37249070405960083,0.8370411992073059,0.023075364530086517,0.283568412065506,1.3081562519073486,0.5027313232421875,0.23650026321411133,1.6933019161224365,1.404057264328003,0.2282775640487671,1.7579501867294312,1.4901416301727295,0.25615909695625305,1.876180648803711,1.0725654363632202
122,0.6040910482406616,0.8939872980117798,-0.020602134987711906,0.5067412257194519,1.4182393550872803,0.5223746299743652,0.4449033737182617,1.8159699440002441,1.6019916534423828,0.43505391478538513,1.8823994398117065,1.6956071853637695,0.4002637267112732,1.9935343265533447,1.276714563369751,0.3578442335128784,0.8691709041595459,0.021164532750844955,0.26959484815597534,1.3588974475860596,0.5568440556526184,0.2224442958831787,1.755350947380066,1.479536533355713,0.21303537487983704,1.8212084770202637,1.5689404010772705,0.2440452128648758,1.9399950504302979,1.098189115524292
123,0.6106142401695251,0.9488691687583923,-0.020417198538780212,0.5210991501808167,1.4535261392593384,0.561479389667511,0.45881709456443787,1.8729444742202759,1.5523802042007446,0.45579108595848083,1.9430087804794312,1.6342401504516602,0.4167051911354065,2.0454893112182617,1.2088872194290161,0.359799325466156,0.9074916839599609,0.020656853914260864,0.27126699686050415,1.4086074829101562,0.5350101590156555,0.24448218941688538,1.8241746425628662,1.3973875045776367,0.23969605565071106,1.8899714946746826,1.4795629978179932,0.2567776143550873,2.0085062980651855,1.080596685409546
124,0.6226007342338562,0.9593715071678162,-0.026707548648118973,0.5267840027809143,1.4980107545852661,0.518659234046936,0.47299641370773315,1.9428443908691406,1.5175501108169556,0.4711976647377014,2.0151593685150146,1.597352147102356,0.42149534821510315,2.1320650577545166,1.1856639385223389,0.36183497309684753,0.9303238987922668,0.027976516634225845,0.28406327962875366,1.4680094718933105,0.5208898782730103,0.25439465045928955,1.9051932096481323,1.3620390892028809,0.24846681952476501,1.9774830341339111,1.4427026510238647,0.2655889093875885,2.101783514022827,0.9460458755493164
125,0.6300195455551147,0.9728135466575623,-0.02838687226176262,0.5507233142852783,1.5272691249847412,0.48182567954063416,0.5117557644844055,1.9865230321884155,1.4688892364501953,0.5081442594528198,2.06025767326355,1.5490832328796387,0.4650391638278961,2.175764799118042,1.0952470302581787,0.3627786338329315,0.9389246702194214,0.029892604798078537,0.3142758011817932,1.4943745136260986,0.49413031339645386,0.2751935124397278,1.9516886472702026,1.3210113048553467,0.262728750705719,2.0233731269836426,1.4016444683074951,0.29176756739616394,2.151477336883545,0.8515720367431641
126,0.639499306678772,0.9880580306053162,-0.02730453573167324,0.5656458139419556,1.5514777898788452,0.5074236989021301,0.5268368124961853,2.019758462905884,1.5140877962112427,0.5223525166511536,2.0954835414886475,1.5936403274536133,0.4836045801639557,2.2109265327453613,1.0994203090667725,0.3636365830898285,0.9531295895576477,0.028780842199921608,0.32322677969932556,1.5169931650161743,0.5092970132827759,0.2856038510799408,1.9827078580856323,1.3454029560089111,0.2717965245246887,2.055126190185547,1.4248789548873901,0.30671870708465576,2.1880462169647217,0.8682214021682739
127,0.6466171145439148,0.9846222996711731,-0.025145679712295532,0.5769022703170776,1.5459227561950684,0.45122185349464417,0.537591278553009,2.031155824661255,1.2974798679351807,0.5305665135383606,2.106194496154785,1.3626937866210938,0.5049608945846558,2.2179152965545654,0.8780434727668762,0.3696005344390869,0.9462044835090637,0.026982059702277184,0.3299427628517151,1.5132708549499512,0.4447746276855469,0.2970825135707855,2.0004115104675293,1.1640467643737793,0.2842879891395569,2.070237398147583,1.2302286624908447,0.3222270905971527,2.205293893814087,0.6583926677703857
128,0.6514065265655518,0.9833948016166687,-0.025911439210176468,0.5919939279556274,1.5480875968933105,0.25781357288360596,0.5504679083824158,2.053971767425537,1.0148032903671265,0.5441949367523193,2.1293246746063232,1.0641430616378784,0.5147777795791626,2.2413952350616455,0.5486101508140564,0.3739142417907715,0.945340096950531,0.027878370136022568,0.341770738363266,1.5150238275527954,0.3407948315143585,0.3075958788394928,2.022728204727173,0.9942359924316406,0.2935335040092468,2.0953118801116943,1.048612117767334,0.33630916476249695,2.220961093902588,0.45520129799842834
129,0.6526750326156616,0.9819027781486511,-0.03373023122549057,0.5975643396377563,1.5587705373764038,0.27656716108322144,0.5515855550765991,2.0603883266448975,1.09456205368042,0.5469641089439392,2.1379315853118896,1.1525527238845825,0.5061588287353516,2.2568461894989014,0.6502963900566101,0.3774622976779938,0.9440010190010071,0.035828687250614166,0.34619152545928955,1.5242640972137451,0.36130815744400024,0.3077678084373474,2.030181646347046,1.0668491125106812,0.29407617449760437,2.1079673767089844,1.127740502357483,0.33382201194763184,2.237389326095581,0.552297055721283
130,0.6513379216194153,0.9929878115653992,-0.03236215189099312,0.5970874428749084,1.5667014122009277,0.25837981700897217,0.5509577989578247,2.0761911869049072,1.034368872642517,0.5449309945106506,2.1526007652282715,1.0861774682998657,0.5099996328353882,2.2629446983337402,0.5778630375862122,0.37769919633865356,0.9480658173561096,0.03432893380522728,0.34459835290908813,1.5241374969482422,0.34791597723960876,0.3069989085197449,2.0363929271698,1.0334018468856812,0.29390019178390503,2.1098744869232178,1.0913081169128418,0.33264806866645813,2.235185384750366,0.5079234838485718
131,0.6596082448959351,0.9897735118865967,-0.052786629647016525,0.6057539582252502,1.5707746744155884,0.18869991600513458,0.5570182204246521,2.0830490589141846,0.9436582326889038,0.5544233322143555,2.16105580329895,0.9906765222549438,0.5059058666229248,2.2750296592712402,0.44427308440208435,0.3839271664619446,0.951092541217804,0.05546599626541138,0.35106927156448364,1.5254498720169067,0.36062338948249817,0.3078119158744812,2.0393528938293457,1.077838659286499,0.29397499561309814,2.1166584491729736,1.138048768043518,0.33181339502334595,2.2446115016937256,0.548049807548523
132,0.6716762781143188,0.9869130849838257,-0.05066012218594551,0.6221088171005249,1.5611881017684937,0.18499711155891418,0.5797349810600281,2.07222318649292,0.9335635900497437,0.5777575373649597,2.146287441253662,0.981223464012146,0.5313538312911987,2.267347812652588,0.4529549479484558,0.393258661031723,0.9530985355377197,0.05332326143980026,0.3563907742500305,1.5244102478027344,0.34439462423324585,0.31816565990448,2.037642478942871,1.0113593339920044,0.30573174357414246,2.1128690242767334,1.0681887865066528,0.34105384349823,2.236952304840088,0.4800070822238922
133,0.669603705406189,0.9740340709686279,-0.07753865420818329,0.6179498434066772,1.5880814790725708,0.15936408936977386,0.573509693145752,2.1118991374969482,0.9686415791511536,0.5731655359268188,2.1957828998565674,1.0201058387756348,0.524398684501648,2.3158652782440186,0.44738784432411194,0.39170652627944946,0.9496408700942993,0.08081761747598648,0.3545854389667511,1.5431010723114014,0.3528742790222168,0.3128269612789154,2.0742745399475098,1.0321491956710815,0.2981039583683014,2.1618854999542236,1.0882365703582764,0.3357418477535248,2.284144639968872,0.46141567826271057
134,0.6671842932701111,0.9805423021316528,-0.07709287106990814,0.6222689151763916,1.6295828819274902,0.1998380422592163,0.5769527554512024,2.1674387454986572,1.1197437047958374,0.576454222202301,2.2555384635925293,1.1789686679840088,0.5191937685012817,2.3732781410217285,0.5786332488059998,0.3882060945034027,0.9587931036949158,0.08044525980949402,0.35478997230529785,1.5864309072494507,0.398321270942688,0.3124389350414276,2.127685070037842,1.1682875156402588,0.29501235485076904,2.219191551208496,1.2340866327285767,0.33469170331954956,2.341944932937622,0.5111514925956726
135,0.663536787033081,0.9828363656997681,-0.07384352385997772,0.6290452480316162,1.6353281736373901,0.25469303131103516,0.5826428532600403,2.1708390712738037,1.2228987216949463,0.5818371176719666,2.25594162940979,1.2878419160842896,0.5184246301651001,2.380479335784912,0.6626895070075989,0.388633668422699,0.9715511798858643,0.07714354246854782,0.3583833873271942,1.5980503559112549,0.47298774123191833,0.3125380873680115,2.1391725540161133,1.3021001815795898,0.2954890727996826,2.2282190322875977,1.375920295715332,0.3351382613182068,2.356390953063965,0.7017660140991211
136,0.6618005037307739,0.9867677688598633,-0.08168230205774307,0.6260793209075928,1.6273951530456543,0.19131480157375336,0.5821086168289185,2.161142110824585,1.0361257791519165,0.5784681439399719,2.241111993789673,1.0873076915740967,0.5082111358642578,2.3601348400115967,0.4965950548648834,0.3874991834163666,0.9744739532470703,0.08514750748872757,0.3575955629348755,1.5835713148117065,0.4272542893886566,0.30688995122909546,2.119232416152954,1.1323057413101196,0.28927794098854065,2.200843572616577,1.190481424331665,0.3247948884963989,2.3293445110321045,0.5331203937530518
137,0.6607500910758972,0.971928060054779,-0.11069265753030777,0.6354616284370422,1.6209030151367188,0.16437414288520813,0.5954729914665222,2.163605213165283,1.049118161201477,0.5967955589294434,2.2478959560394287,1.103855848312378,0.5234965085983276,2.3636322021484375,0.46050113439559937,0.38906851410865784,0.9708184599876404,0.11476431787014008,0.36213019490242004,1.5820964574813843,0.6495920419692993,0.31630316376686096,2.130117416381836,1.593123435974121,0.3005126416683197,2.217106580734253,1.675916075706482,0.33478647470474243,2.338006019592285,0.9748202562332153
138,0.6725038290023804,1.0043545961380005,-0.10020226240158081,0.6325206160545349,1.6472153663635254,0.18741083145141602,0.5894185304641724,2.197542667388916,1.0771102905273438,0.5894772410392761,2.2830915451049805,1.1322780847549438,0.5211125016212463,2.400588274002075,0.5383250713348389,0.38920676708221436,0.9753097891807556,0.10381271690130234,0.36082202196121216,1.6046077013015747,0.5736651420593262,0.3159927427768707,2.158313512802124,1.4493399858474731,0.3002983331680298,2.2439723014831543,1.526263952255249,0.33438989520072937,2.3768746852874756,0.8595594167709351
139,0.6698326468467712,1.0028120279312134,-0.1103801354765892,0.6334120035171509,1.660577654838562,0.1462859809398651,0.5897051095962524,2.2187697887420654,1.0035005807876587,0.5908236503601074,2.305652379989624,1.058025598526001,0.5199291706085205,2.423534631729126,0.45962899923324585,0.38991230726242065,0.9871798753738403,0.11400274932384491,0.36072736978530884,1.6213328838348389,0.5587934255599976,0.31638291478157043,2.1803669929504395,1.3807724714279175,0.3013148009777069,2.2673604488372803,1.4537062644958496,0.3346402645111084,2.4009060859680176,0.8047478795051575
140,0.6855133175849915,1.0157941579818726,-0.11547752469778061,0.6382052898406982,1.6557976007461548,0.11440713703632355,0.6004694104194641,2.2142393589019775,0.9360167384147644,0.6025649309158325,2.2993898391723633,0.9847823977470398,0.5391051769256592,2.415158987045288,0.3661767840385437,0.39147406816482544,0.9861583709716797,0.11899717897176743,0.3609640896320343,1.6193528175354004,0.6282340288162231,0.32297956943511963,2.1758968830108643,1.5078781843185425,0.31078028678894043,2.2588865756988525,1.5861245393753052,0.33914250135421753,2.393415927886963,0.9423336982727051
141,0.6944448947906494,1.0472595691680908,-0.11073581874370575,0.6443867683410645,1.700295329093933,0.14439955353736877,0.6011889576911926,2.2664783000946045,0.9744129180908203,0.6023814678192139,2.356403350830078,1.0285751819610596,0.5365239977836609,2.4759268760681152,0.4487202763557434,0.39164263010025024,0.9991194009780884,0.11385569721460342,0.36098483204841614,1.6566882133483887,0.5789216756820679,0.3224096894264221,2.22523832321167,1.442977786064148,0.30964210629463196,2.3149185180664062,1.5195262432098389,0.3397219479084015,2.453901767730713,0.8566252589225769
142,0.6903466582298279,1.0446152687072754,-0.10803607851266861,0.6472615599632263,1.6784641742706299,0.06971952319145203,0.6085573434829712,2.229515552520752,0.766209602355957,0.611444354057312,2.3153023719787598,0.8040397763252258,0.5502126812934875,2.43422269821167,0.2245132476091385,0.39424097537994385,0.9971576929092407,0.11102510988712311,0.36061111092567444,1.6363006830215454,0.45228999853134155,0.3250395953655243,2.189793825149536,1.1284551620483398,0.3140845000743866,2.2793242931365967,1.1854349374771118,0.3430269658565521,2.411599636077881,0.5766516923904419
143,0.686355710029602,1.0356944799423218,-0.09685087203979492,0.6530128717422485,1.6861499547958374,0.1085132583975792,0.6102607846260071,2.249093532562256,0.8883302807807922,0.6105891466140747,2.3323655128479004,0.93968665599823,0.5546290278434753,2.4554169178009033,0.35222405195236206,0.39828747510910034,1.0045340061187744,0.10025858879089355,0.3683987259864807,1.6467095613479614,0.46017199754714966,0.32831430435180664,2.2124104499816895,1.176377534866333,0.31516700983047485,2.297881841659546,1.2408124208450317,0.3493781089782715,2.4298579692840576,0.6384701132774353
144,0.6844950318336487,1.031501293182373,-0.09564314037561417,0.6655946373939514,1.6898478269577026,0.11041732132434845,0.6271874308586121,2.2512032985687256,0.9637047648429871,0.6267231106758118,2.3331639766693115,1.0180749893188477,0.5739134550094604,2.461967945098877,0.38848885893821716,0.39907753467559814,1.0130995512008667,0.09904041141271591,0.37432023882865906,1.6590532064437866,0.5727267861366272,0.33895406126976013,2.2224552631378174,1.4816069602966309,0.32765716314315796,2.3065991401672363,1.5639698505401611,0.35752734541893005,2.4413490295410156,0.8931587934494019
145,0.697829008102417,1.0581127405166626,-0.09617279469966888,0.6621537804603577,1.7204349040985107,0.06417317688465118,0.6246219277381897,2.290740966796875,0.8807125091552734,0.623388409614563,2.374727725982666,0.9251933097839355,0.5693272352218628,2.4968202114105225,0.2691458761692047,0.3990304470062256,1.0179990530014038,0.0999305471777916,0.3732467591762543,1.675946593284607,0.4593857228755951,0.3369579017162323,2.2506768703460693,1.2442516088485718,0.32365885376930237,2.3353593349456787,1.308634638786316,0.35346025228500366,2.4715707302093506,0.5984025597572327
146,0.6957154870033264,1.0557191371917725,-0.10367478430271149,0.6602967381477356,1.7281899452209473,0.09095675498247147,0.6218755841255188,2.308159112930298,0.9152332544326782,0.6208948493003845,2.3926379680633545,0.9599658250808716,0.56475430727005,2.517101287841797,0.34350043535232544,0.39703625440597534,1.0290786027908325,0.10754384845495224,0.37064170837402344,1.6951470375061035,0.6192771196365356,0.3366659879684448,2.2756712436676025,1.5636706352233887,0.3223767876625061,2.3593637943267822,1.6496503353118896,0.3459179401397705,2.4996187686920166,0.9605282545089722
147,0.694555938243866,1.051339030265808,-0.0874587818980217,0.6589919328689575,1.7198060750961304,-0.03479433432221413,0.6187447309494019,2.298977851867676,0.5820045471191406,0.6179174780845642,2.3794634342193604,0.6108972430229187,0.5617462992668152,2.5091707706451416,0.005272203125059605,0.4068828225135803,1.0253098011016846,0.09141111373901367,0.37116163969039917,1.6875889301300049,0.37985140085220337,0.3357992172241211,2.270890951156616,1.0285824537277222,0.32189592719078064,2.351618528366089,1.0831371545791626,0.3473144471645355,2.492863178253174,0.42556899785995483
148,0.6742570996284485,1.0347224473953247,-0.04932837933301926,0.6509898900985718,1.7157115936279297,0.0037443165201693773,0.6072230935096741,2.3053953647613525,0.6090234518051147,0.6002711057662964,2.385584592819214,0.6373554468154907,0.5604680180549622,2.508652448654175,0.059384942054748535,0.4031801223754883,1.0287519693374634,0.052158553153276443,0.3710724413394928,1.6858893632888794,0.2227899730205536,0.33489179611206055,2.28198504447937,0.7681017518043518,0.3213476538658142,2.3617708683013916,0.8093065023422241,0.3492890000343323,2.4936554431915283,0.1539042890071869
149,0.6646507382392883,1.0746476650238037,0.037702254951000214,0.6328558325767517,1.719723105430603,0.03369661420583725,0.590849757194519,2.3149778842926025,0.5294483304023743,0.5772417783737183,2.3975579738616943,0.5462369322776794,0.5738123655319214,2.5118942260742188,0.035364724695682526,0.3904114067554474,1.0546427965164185,-0.03547772020101547,0.3672751784324646,1.7082616090774536,-0.01020502857863903,0.33302125334739685,2.31326961517334,0.28573745489120483,0.3085405230522156,2.3973307609558105,0.3014846742153168,0.37175673246383667,2.5077908039093018,-0.31293192505836487
150,0.6643456220626831,1.1056197881698608,0.043501995503902435,0.6305328607559204,1.749776005744934,0.04027610272169113,0.5869187116622925,2.3472349643707275,0.6371757984161377,0.573826014995575,2.433323383331299,0.662319004535675,0.5753445029258728,2.537609338760376,0.11910514533519745,0.38614827394485474,1.0798672437667847,-0.04066035896539688,0.3667249083518982,1.7355271577835083,-0.02793281339108944,0.3327370882034302,2.341582775115967,0.3415730893611908,0.30191540718078613,2.429753065109253,0.3627634644508362,0.3907005190849304,2.535665273666382,-0.29617562890052795
151,0.6689066886901855,1.1064943075180054,0.01933402009308338,0.6308929920196533,1.7445462942123413,0.03488203138113022,0.5879701972007751,2.3374624252319336,0.5588958859443665,0.5741733312606812,2.4202969074249268,0.5805235505104065,0.5767995715141296,2.5330822467803955,0.04766460508108139,0.3863562047481537,1.08121919631958,-0.01657278835773468,0.37051457166671753,1.7333027124404907,0.06518355011940002,0.33983713388442993,2.3348634243011475,0.46919140219688416,0.31374210119247437,2.418548822402954,0.49718523025512695,0.39096301794052124,2.535609006881714,-0.1329994797706604
152,0.6603448390960693,1.0937137603759766,0.008512923493981361,0.6311262249946594,1.7442691326141357,0.023693475872278214,0.5882661938667297,2.3381264209747314,0.5552002787590027,0.5749032497406006,2.4194083213806152,0.5768324136734009,0.5752624273300171,2.537123918533325,0.01835690625011921,0.38352838158607483,1.080710530281067,-0.005551222711801529,0.36994150280952454,1.7334116697311401,0.08825463801622391,0.33963507413864136,2.3351166248321533,0.5222913026809692,0.31365448236465454,2.417649507522583,0.5513566136360168,0.3898174464702606,2.537323474884033,-0.10099401324987411
153,0.6910191774368286,1.1001336574554443,0.002869107760488987,0.6555291414260864,1.750666856765747,0.15474021434783936,0.6134833097457886,2.3457489013671875,0.9340899586677551,0.6049178838729858,2.429244041442871,0.9801431894302368,0.5860798358917236,2.5483267307281494,0.3804052174091339,0.4114495813846588,1.0840588808059692,9.044917533174157e-05,0.38005340099334717,1.7421858310699463,0.24481883645057678,0.3458085060119629,2.3455209732055664,0.9526612162590027,0.3232818841934204,2.430513620376587,1.0085837841033936,0.3967830240726471,2.556645631790161,0.29513245820999146
