Frame,Time_per_Frame,LEFT_HIP_X,LEFT_HIP_Y,LEFT_HIP_Z,LEFT_KNEE_X,LEFT_KNEE_Y,LEFT_KNEE_Z,LEFT_ANKLE_X,LEFT_ANKLE_Y,LEFT_ANKLE_Z,LEFT_HEEL_X,LEFT_HEEL_Y,LEFT_HEEL_Z,LEFT_FOOT_INDEX_X,LEFT_FOOT_INDEX_Y,LEFT_FOOT_INDEX_Z,RIGHT_HIP_X,RIGHT_HIP_Y,RIGHT_HIP_Z,RIGHT_KNEE_X,RIGHT_KNEE_Y,RIGHT_KNEE_Z,RIGHT_ANKLE_X,RIGHT_ANKLE_Y,RIGHT_ANKLE_Z,RIGHT_HEEL_X,RIGHT_HEEL_Y,RIGHT_HEEL_Z,RIGHT_FOOT_INDEX_X,RIGHT_FOOT_INDEX_Y,RIGHT_FOOT_INDEX_Z
1,0.0546417236328125,0.4948497712612152,0.4092293977737427,-0.04563366621732712,0.49715322256088257,0.7334073781967163,-0.01864670030772686,0.5275764465332031,0.9912168979644775,0.03619524464011192,0.5471464991569519,1.0810052156448364,0.034757908433675766,0.5201362371444702,0.9898332357406616,-0.052119236439466476,0.5961486101150513,0.42539456486701965,0.0453399233520031,0.5854078531265259,0.7341492176055908,0.14794552326202393,0.5954585075378418,0.9850987195968628,0.21024779975414276,0.599837064743042,1.0483051538467407,0.21522510051727295,0.5776396989822388,1.034338355064392,0.1509099006652832
2,0.03270149230957031,0.4986785054206848,0.40920597314834595,-0.04236428067088127,0.5072447061538696,0.7337313890457153,0.005325845908373594,0.5300146341323853,0.9716520309448242,0.07238845527172089,0.5450893044471741,1.0543102025985718,0.07251529395580292,0.5265751481056213,1.026265025138855,-0.008522940799593925,0.5869745016098022,0.4249168336391449,0.042256537824869156,0.5816107392311096,0.7344199419021606,0.12354984134435654,0.5885944366455078,0.9668392539024353,0.1998693197965622,0.589538037776947,0.9794397950172424,0.2057635337114334,0.5776354670524597,0.9842672348022461,0.13264459371566772
3,0.03286576271057129,0.5031085014343262,0.4092058837413788,-0.042323850095272064,0.5087636709213257,0.7326886057853699,0.001563345780596137,0.529682993888855,0.9664250016212463,0.06367777287960052,0.5307567119598389,1.037434458732605,0.06310196220874786,0.5206295847892761,1.0263667106628418,-0.020215559750795364,0.5718066692352295,0.42133551836013794,0.042237456887960434,0.576756477355957,0.7335136532783508,0.11159853637218475,0.5847092866897583,0.9641374349594116,0.17302484810352325,0.5864039659500122,0.9720220565795898,0.17863993346691132,0.5768844485282898,0.9851589202880859,0.10396547615528107
4,0.03287506103515625,0.5312156677246094,0.4116535484790802,-0.01655835472047329,0.5332223176956177,0.7310495972633362,-0.0013472862774506211,0.5296717286109924,0.9678037166595459,0.07349485903978348,0.5314668416976929,0.9931504130363464,0.07293172180652618,0.5437042713165283,1.0381503105163574,-0.04542235657572746,0.5219175815582275,0.41944703459739685,0.016772452741861343,0.5364701747894287,0.7310489416122437,0.011417271569371223,0.5413774251937866,0.9657123684883118,0.10393508523702621,0.542844295501709,0.9736714959144592,0.10846924781799316,0.5486359596252441,1.0369659662246704,-0.034927792847156525
5,0.03244352340698242,0.5444133877754211,0.4131779670715332,-0.01776771806180477,0.5371869802474976,0.7309646606445312,-0.02223316580057144,0.5288568735122681,0.9679166674613953,0.06727655977010727,0.5283352732658386,0.9856375455856323,0.06657204777002335,0.5481438040733337,1.046449065208435,-0.08174373209476471,0.5022885799407959,0.4181149899959564,0.017959898337721825,0.5148276090621948,0.7290684580802917,-0.017447004094719887,0.5251135230064392,0.9654741883277893,0.08774582296609879,0.5292723774909973,0.9770898818969727,0.09194231033325195,0.521925151348114,1.0585684776306152,-0.06497339904308319
6,0.03325676918029785,0.5508502721786499,0.4239373207092285,0.0452805832028389,0.5521887540817261,0.7308498024940491,0.010016536340117455,0.5298629999160767,0.9663390517234802,0.15280362963676453,0.5198243260383606,0.9823279976844788,0.1598774939775467,0.5776642560958862,1.0143698453903198,0.03133819252252579,0.4848054051399231,0.42030033469200134,-0.04517635330557823,0.4979850649833679,0.7335478067398071,-0.09110306203365326,0.49670344591140747,0.9691625237464905,0.020183760672807693,0.48639973998069763,0.9891093373298645,0.024072838947176933,0.5164130330085754,1.090182900428772,-0.15310905873775482
7,0.032500267028808594,0.5425794720649719,0.42998674511909485,0.054397303611040115,0.5427817702293396,0.7323934435844421,0.005834918934851885,0.5110707879066467,0.9619020819664001,0.19853854179382324,0.49339962005615234,0.9706535935401917,0.21252486109733582,0.5556991696357727,1.026479959487915,0.0951460599899292,0.4927913248538971,0.424716591835022,-0.05417665094137192,0.498028427362442,0.7397948503494263,-0.09904816001653671,0.4855078160762787,0.9696634411811829,0.043507613241672516,0.47894492745399475,0.9945953488349915,0.05170750617980957,0.5170237421989441,1.090348482131958,-0.11660182476043701
8,0.032547950744628906,0.5359970927238464,0.4293791651725769,0.04353662207722664,0.5209820866584778,0.7286490201950073,0.05175703763961792,0.4916957914829254,0.9632281064987183,0.1649537980556488,0.47064170241355896,0.980423092842102,0.16909629106521606,0.5187974572181702,1.0255030393600464,0.04665074497461319,0.4933294355869293,0.4260503649711609,-0.043364547193050385,0.5031801462173462,0.7397227883338928,-0.0695972889661789,0.5094953775405884,0.9735962152481079,0.026719767600297928,0.506831705570221,1.0055452585220337,0.031132008880376816,0.5369600057601929,1.08424973487854,-0.12295858561992645
9,0.0326695442199707,0.5353471040725708,0.4365580677986145,0.07417196780443192,0.5303218364715576,0.7277672290802002,0.056155525147914886,0.49605900049209595,0.9628167748451233,0.17357799410820007,0.4874942898750305,0.9735475182533264,0.17718477547168732,0.560255765914917,1.0353995561599731,0.07146073877811432,0.48246073722839355,0.4328683614730835,-0.07399819791316986,0.4899052083492279,0.7395698428153992,-0.09749606996774673,0.4831176698207855,0.9810076951980591,-0.004028120078146458,0.47430968284606934,1.0064395666122437,-0.0011728386161848903,0.5201537013053894,1.0951342582702637,-0.16027185320854187
10,0.03243756294250488,0.533625602722168,0.4348945617675781,0.06362040340900421,0.5348913669586182,0.715079665184021,0.04158569127321243,0.5118155479431152,0.956641435623169,0.160170778632164,0.49369651079177856,0.9706579446792603,0.16513237357139587,0.575279951095581,1.0338634252548218,0.061208534985780716,0.4701771140098572,0.43245646357536316,-0.06347998231649399,0.484607994556427,0.7273576259613037,-0.09356176108121872,0.4779646396636963,0.969497561454773,0.0030101097654551268,0.48011288046836853,1.0022499561309814,0.006639802362769842,0.5075256824493408,1.0876009464263916,-0.14959946274757385
11,0.03346610069274902,0.5326430797576904,0.44053685665130615,0.07213887572288513,0.5369786024093628,0.7148755192756653,0.08897356688976288,0.5198200941085815,0.9504649043083191,0.1746601164340973,0.5010336637496948,0.9613202810287476,0.17592622339725494,0.5704180002212524,0.9999811053276062,0.09060155600309372,0.4667739272117615,0.43888920545578003,-0.07193972915410995,0.47631821036338806,0.7276929020881653,-0.07041158527135849,0.46050119400024414,0.9620208740234375,0.01427962351590395,0.4454893171787262,1.0015032291412354,0.018181918188929558,0.5016869902610779,1.083615779876709,-0.11794368922710419
12,0.03316164016723633,0.5311356782913208,0.44411563873291016,0.09027571976184845,0.5381295084953308,0.7107719779014587,0.10678799450397491,0.5257958173751831,0.9470187425613403,0.1715957224369049,0.5049802660942078,0.9678938388824463,0.17043964564800262,0.5829715132713318,0.9944750666618347,0.0847972184419632,0.46717435121536255,0.4404297471046448,-0.09014967828989029,0.4689466059207916,0.7243274450302124,-0.08328087627887726,0.4565460681915283,0.9531956315040588,-0.019588708877563477,0.44194602966308594,0.965367317199707,-0.017163723707199097,0.5063061714172363,1.0813171863555908,-0.14465874433517456
13,0.03200054168701172,0.5304679870605469,0.4514816999435425,0.08410166203975677,0.5459639430046082,0.7181873321533203,0.09645242989063263,0.5318885445594788,0.9519264101982117,0.16626960039138794,0.5091630220413208,0.9716344475746155,0.16467159986495972,0.6047784090042114,1.0453776121139526,0.07176978886127472,0.46715307235717773,0.4485134780406952,-0.08392932265996933,0.4673510193824768,0.7284548282623291,-0.07780541479587555,0.45731180906295776,0.9554906487464905,-0.0043052551336586475,0.4453955590724945,0.9662075042724609,-0.0014692239928990602,0.5087417960166931,1.0879405736923218,-0.13165098428726196
14,0.03244662284851074,0.5286113023757935,0.45696961879730225,0.08742877840995789,0.548430323600769,0.7225472331047058,0.08891461044549942,0.5332982540130615,0.9554082155227661,0.1620633453130722,0.5175775289535522,0.9991472959518433,0.16068561375141144,0.6092957854270935,1.0633182525634766,0.06434924900531769,0.4640980660915375,0.4542509913444519,-0.08720333874225616,0.4646260142326355,0.7325862050056458,-0.09289150685071945,0.45938462018966675,0.9568423628807068,-0.02414659783244133,0.4502389430999756,0.971051812171936,-0.022342784330248833,0.5111240744590759,1.103115200996399,-0.1631235033273697
15,0.032308340072631836,0.5264359712600708,0.45470762252807617,0.07985462993383408,0.5472124814987183,0.7225733399391174,0.07930292934179306,0.5346932411193848,0.9576647281646729,0.16092906892299652,0.5190387964248657,0.9885246157646179,0.158840611577034,0.5984453558921814,1.0381766557693481,0.049786586314439774,0.46060189604759216,0.45352819561958313,-0.07966006547212601,0.46249595284461975,0.7341292500495911,-0.09144102036952972,0.46221184730529785,0.9569663405418396,-0.013109542429447174,0.45457252860069275,0.9727494120597839,-0.011060023680329323,0.49973687529563904,1.0997313261032104,-0.15595385432243347
16,0.03296208381652832,0.5244547128677368,0.4532981812953949,0.07540442049503326,0.5468114614486694,0.7131824493408203,0.07730811834335327,0.5377486348152161,0.9573814272880554,0.15273043513298035,0.5230326056480408,0.9792836904525757,0.1488252431154251,0.5932582020759583,1.0141935348510742,0.028068438172340393,0.45376983284950256,0.4530296325683594,-0.07522919774055481,0.45813265442848206,0.7280896902084351,-0.09213604778051376,0.4647933840751648,0.9572076201438904,-0.008835558779537678,0.4581775665283203,0.9708775877952576,-0.007242313586175442,0.49458688497543335,1.090356707572937,-0.1583721786737442
17,0.032965898513793945,0.5204833745956421,0.45181235671043396,0.07288721203804016,0.5445094704627991,0.7139031887054443,0.0660957545042038,0.5388702154159546,0.9576140642166138,0.1461905986070633,0.5259991884231567,0.9755544662475586,0.14210590720176697,0.5935542583465576,1.0436406135559082,0.01210504025220871,0.44938912987709045,0.45204129815101624,-0.07272159308195114,0.4541912078857422,0.7274333238601685,-0.09622372686862946,0.4648984968662262,0.9577100276947021,-0.007632812950760126,0.4595254957675934,0.9713769555091858,-0.006250801496207714,0.49208229780197144,1.0895943641662598,-0.16483959555625916
18,0.03256964683532715,0.5182297229766846,0.4520512819290161,0.0708608627319336,0.5424435138702393,0.7143348455429077,0.056858837604522705,0.538199245929718,0.957676887512207,0.13092809915542603,0.5259021520614624,0.9734333157539368,0.12714573740959167,0.590543806552887,1.0241882801055908,0.002694083843380213,0.44729915261268616,0.4527532160282135,-0.07066024839878082,0.44763532280921936,0.727948009967804,-0.09234219044446945,0.4610167145729065,0.9581896662712097,-0.011148135177791119,0.4574804902076721,0.9702054858207703,-0.010525333695113659,0.4909653663635254,1.0890246629714966,-0.16824834048748016
19,0.03295421600341797,0.5175409317016602,0.45505574345588684,0.05063837021589279,0.5415851473808289,0.716135561466217,0.05188281089067459,0.5377548933029175,0.9578638672828674,0.13562346994876862,0.5258697867393494,0.9706725478172302,0.13256466388702393,0.5774337649345398,1.0490093231201172,0.00524080591276288,0.44508475065231323,0.45561641454696655,-0.05035188049077988,0.442429780960083,0.7280659079551697,-0.06884098798036575,0.4580807089805603,0.9499371647834778,0.045373763889074326,0.4571332037448883,0.95829176902771,0.04903898388147354,0.4757804870605469,1.0805153846740723,-0.10958360135555267
20,0.032073259353637695,0.5168249607086182,0.45572519302368164,0.051756601780653,0.5403582453727722,0.715203583240509,0.07439663261175156,0.5372632741928101,0.946044921875,0.17954057455062866,0.5186820030212402,0.956631064414978,0.17969165742397308,0.570232093334198,1.0131092071533203,0.0637759193778038,0.44607171416282654,0.45795679092407227,-0.051494479179382324,0.44146451354026794,0.7263210415840149,-0.05181805044412613,0.45366406440734863,0.9402105212211609,0.06187812238931656,0.4511541426181793,0.9511374235153198,0.06627894937992096,0.47859492897987366,1.0638700723648071,-0.0813375860452652
21,0.03207707405090332,0.5192593932151794,0.4556158781051636,0.05422312766313553,0.5400937795639038,0.705946683883667,0.08103036880493164,0.5246558785438538,0.9025292992591858,0.2565000355243683,0.5069447755813599,0.9146826267242432,0.2659098505973816,0.5545861124992371,0.9768604040145874,0.16604919731616974,0.4459502100944519,0.45813068747520447,-0.05396872013807297,0.44079190492630005,0.7253674268722534,-0.05496933311223984,0.4504902958869934,0.938220739364624,0.08255229890346527,0.44895535707473755,0.9478684067726135,0.09017033874988556,0.4776581823825836,1.057765245437622,-0.06349368393421173
22,0.032704830169677734,0.5212363600730896,0.45968180894851685,0.06462939083576202,0.5398526191711426,0.6952800750732422,0.08148644119501114,0.5096427202224731,0.8585156202316284,0.2905638515949249,0.4908091127872467,0.8678537607192993,0.3053419888019562,0.5351823568344116,0.9511785507202148,0.2324962317943573,0.44523200392723083,0.46253296732902527,-0.064396932721138,0.44108137488365173,0.7255373001098633,-0.0600605234503746,0.44466477632522583,0.9320348501205444,0.07944811880588531,0.44114169478416443,0.9393220543861389,0.08768807351589203,0.47418665885925293,1.0478142499923706,-0.06044356897473335
23,0.03380846977233887,0.5216149091720581,0.45987969636917114,0.06445513665676117,0.539656400680542,0.6906490921974182,0.027317862957715988,0.504535436630249,0.843432605266571,0.2935519516468048,0.48565417528152466,0.8529312610626221,0.315412700176239,0.5269599556922913,0.9385430812835693,0.24085083603858948,0.4426616132259369,0.4621318578720093,-0.06421098113059998,0.43446436524391174,0.7235376238822937,-0.07573352009057999,0.4406132102012634,0.911418080329895,0.10042259842157364,0.43879786133766174,0.919418454170227,0.11238940060138702,0.4667961001396179,1.0266144275665283,-0.03871724754571915
24,0.0322413444519043,0.5215388536453247,0.4614563584327698,0.06773804128170013,0.5393670797348022,0.6868811845779419,0.016963671892881393,0.4986015260219574,0.83184415102005,0.3464808464050293,0.47878962755203247,0.8398776650428772,0.3755842447280884,0.5169793963432312,0.9232555627822876,0.30432194471359253,0.44078588485717773,0.4628902077674866,-0.06756595522165298,0.43170756101608276,0.7199044823646545,-0.08354803174734116,0.4372631013393402,0.8996924161911011,0.12880246341228485,0.434287965297699,0.9088405966758728,0.14455097913742065,0.4564847946166992,0.9728755354881287,-0.010515485890209675
25,0.032105445861816406,0.5200577974319458,0.46128717064857483,0.07338335365056992,0.5373730063438416,0.6885859966278076,-0.03774118050932884,0.4858752191066742,0.8395047783851624,0.3066311180591583,0.4660659432411194,0.8494201898574829,0.3352072238922119,0.497935950756073,0.9265269637107849,0.26437705755233765,0.43772944808006287,0.461709588766098,-0.07324723899364471,0.42892685532569885,0.7162430286407471,-0.1346491426229477,0.43373480439186096,0.8925009369850159,0.10645369440317154,0.42880815267562866,0.9029861092567444,0.12288035452365875,0.45178598165512085,0.9678747057914734,-0.027879927307367325
26,0.033357858657836914,0.5195059180259705,0.4598085582256317,0.06768959760665894,0.5326358079910278,0.6901863813400269,-0.07820792496204376,0.4809224605560303,0.855075478553772,0.2461041659116745,0.46085721254348755,0.8672553896903992,0.2803516983985901,0.4908202588558197,0.9400152564048767,0.17318125069141388,0.435092031955719,0.45375803112983704,-0.06750532984733582,0.42585211992263794,0.7101272344589233,-0.15374533832073212,0.43242210149765015,0.8928528428077698,0.1175747737288475,0.42829442024230957,0.9060104489326477,0.13822443783283234,0.44581955671310425,0.9874327778816223,-0.018655018880963326
27,0.03232407569885254,0.5133363008499146,0.45446398854255676,0.047310762107372284,0.5195910334587097,0.6805053949356079,-0.07077005505561829,0.4861556887626648,0.8577883243560791,0.22125057876110077,0.46898388862609863,0.8712055087089539,0.23770201206207275,0.5041781663894653,0.9352673292160034,0.11029694974422455,0.4302580952644348,0.44782453775405884,-0.04709959402680397,0.4225867688655853,0.6942470669746399,-0.1179996132850647,0.43075889348983765,0.8935428857803345,0.0746883898973465,0.428382009267807,0.9088051915168762,0.08136574923992157,0.4453206956386566,0.9900017380714417,-0.1077321320772171
28,0.03333854675292969,0.5084555745124817,0.4538663923740387,0.028026157990098,0.5086329579353333,0.6768211722373962,0.014722106046974659,0.4859304428100586,0.8576717972755432,0.23262032866477966,0.47161418199539185,0.8721911907196045,0.24521514773368835,0.5038360357284546,0.9289511442184448,0.1287124902009964,0.425274521112442,0.44650787115097046,-0.027782727032899857,0.4172937870025635,0.6865450143814087,-0.10009672492742538,0.4274466931819916,0.8980767726898193,-0.0024370024912059307,0.42783457040786743,0.9125107526779175,-0.00518818199634552,0.43297290802001953,0.9966272711753845,-0.19366972148418427
29,0.03311634063720703,0.5068129301071167,0.45396825671195984,0.01464754343032837,0.5034801363945007,0.6756243109703064,0.012444030493497849,0.48721256852149963,0.8577908873558044,0.22010278701782227,0.47380882501602173,0.872816801071167,0.23181915283203125,0.5003224611282349,0.929889440536499,0.0982387363910675,0.4220983386039734,0.44684240221977234,-0.014354290440678596,0.41288018226623535,0.6795157790184021,-0.0918939933180809,0.42902645468711853,0.8986320495605469,0.020449921488761902,0.4292060434818268,0.9134584069252014,0.021200474351644516,0.42906689643859863,0.993012011051178,-0.1655120998620987
30,0.032617807388305664,0.5053349733352661,0.4551662504673004,0.010392727330327034,0.49970951676368713,0.676628053188324,-0.024709710851311684,0.4855356812477112,0.8602152466773987,0.175718754529953,0.47340306639671326,0.8761734366416931,0.187348872423172,0.49644923210144043,0.9344698190689087,0.05038348585367203,0.42127543687820435,0.44739899039268494,-0.010124627500772476,0.4127134382724762,0.6814121007919312,-0.09440954029560089,0.42992639541625977,0.8997985124588013,0.020395943894982338,0.42964863777160645,0.9149571061134338,0.021933021023869514,0.426713228225708,0.9950419664382935,-0.16199743747711182
31,0.03164863586425781,0.5057381987571716,0.45667874813079834,0.009310809895396233,0.498882532119751,0.6774234175682068,-0.03468071296811104,0.48200902342796326,0.8622159361839294,0.17498628795146942,0.46865835785865784,0.8778280019760132,0.18820782005786896,0.4942305088043213,0.9368551969528198,0.06077728420495987,0.42191797494888306,0.44789940118789673,-0.009060649201273918,0.41317516565322876,0.6845666170120239,-0.09441079199314117,0.43044528365135193,0.9022426009178162,0.017672626301646233,0.43187373876571655,0.9208154082298279,0.018802303820848465,0.4326467514038086,0.9819546341896057,-0.16342325508594513
32,0.031905174255371094,0.5062512159347534,0.4595467150211334,0.015465321019291878,0.5001243352890015,0.6761806607246399,0.040874648839235306,0.48245352506637573,0.8625981211662292,0.2264951765537262,0.4701347351074219,0.8790115118026733,0.23484936356544495,0.49716249108314514,0.9348688125610352,0.08443845808506012,0.4233580231666565,0.4491462707519531,-0.015224526636302471,0.4150508940219879,0.6837131381034851,-0.08964720368385315,0.4308888912200928,0.900066077709198,-0.0025876029394567013,0.43230772018432617,0.9200408458709717,-0.0057862806133925915,0.434445321559906,0.9864601492881775,-0.19594287872314453
33,0.03213310241699219,0.5062175989151001,0.46303120255470276,0.01577969640493393,0.4970678687095642,0.6764766573905945,0.058483369648456573,0.4833640456199646,0.860731303691864,0.24711887538433075,0.4715292453765869,0.8784906268119812,0.2566170394420624,0.4992043077945709,0.9308949708938599,0.11587309837341309,0.42397862672805786,0.4537126421928406,-0.01552889309823513,0.41564807295799255,0.6816835999488831,-0.08725439012050629,0.4337882995605469,0.8997326493263245,-0.00346659985370934,0.4352854788303375,0.9200093746185303,-0.006248720921576023,0.4360584318637848,0.9873625636100769,-0.19429171085357666
34,0.03278756141662598,0.5047139525413513,0.46481505036354065,0.015941128134727478,0.4945390820503235,0.6770706176757812,0.034120749682188034,0.48315033316612244,0.8609952330589294,0.1715558022260666,0.47202378511428833,0.8773100972175598,0.1764572411775589,0.4966007173061371,0.9292722344398499,0.02258703112602234,0.42387932538986206,0.4541882574558258,-0.015681928023695946,0.4181169867515564,0.6722760796546936,-0.07266252487897873,0.4365019202232361,0.8792399168014526,0.05739026144146919,0.43705981969833374,0.8931823968887329,0.06038258597254753,0.4365605413913727,0.9413450956344604,-0.1232696995139122
35,0.033292531967163086,0.5025095343589783,0.46560847759246826,0.01361402589827776,0.49296531081199646,0.6764320135116577,0.031054288148880005,0.48358044028282166,0.8496811389923096,0.17465420067310333,0.47731536626815796,0.8648049235343933,0.17927546799182892,0.49235105514526367,0.9173473119735718,0.023239655420184135,0.42251673340797424,0.4541838467121124,-0.013451973907649517,0.42058706283569336,0.663670003414154,-0.032755717635154724,0.4359741806983948,0.8553505539894104,0.11968092620372772,0.4362865388393402,0.8686354160308838,0.12511995434761047,0.437022864818573,0.9245897531509399,-0.04568558186292648
36,0.03280520439147949,0.49980345368385315,0.46538788080215454,0.012505871243774891,0.4911176562309265,0.6735092997550964,0.057477034628391266,0.48396554589271545,0.8368564248085022,0.25285738706588745,0.47744330763816833,0.8541713953018188,0.26192328333854675,0.4915028512477875,0.9078921675682068,0.07744570076465607,0.4209803640842438,0.45330217480659485,-0.012425039894878864,0.42244386672973633,0.6574450731277466,-0.013863464817404747,0.43792152404785156,0.8550090193748474,0.16957378387451172,0.4377202093601227,0.8700071573257446,0.1775413304567337,0.4408627152442932,0.9289191365242004,-0.009567055851221085
37,0.03198552131652832,0.4971254765987396,0.4634940028190613,0.017208566889166832,0.48860812187194824,0.6573616862297058,0.07602345943450928,0.4821988046169281,0.8029714226722717,0.3428809940814972,0.4762716293334961,0.8279752135276794,0.3619394600391388,0.4923483729362488,0.8781081438064575,0.21732525527477264,0.4196074604988098,0.448770672082901,-0.017229031771421432,0.4224873483181,0.6276638507843018,-0.08002914488315582,0.44486063718795776,0.8392031788825989,0.1263159215450287,0.4434203505516052,0.8546869158744812,0.13713762164115906,0.46403583884239197,0.9066142439842224,-0.044602468609809875
38,0.03198862075805664,0.4927918016910553,0.4617581069469452,0.023791436105966568,0.4815969467163086,0.6457684636116028,0.03581515699625015,0.4708491265773773,0.8114162087440491,0.30641084909439087,0.4660853445529938,0.8318153023719788,0.3335575461387634,0.486273854970932,0.8823543787002563,0.13920798897743225,0.4159260392189026,0.4458931088447571,-0.023763811215758324,0.42010921239852905,0.6141685843467712,-0.03700647130608559,0.4490918517112732,0.8126916885375977,0.2433255910873413,0.4487175941467285,0.8287946581840515,0.2627863883972168,0.46647390723228455,0.8902369737625122,0.09243936091661453
39,0.03275561332702637,0.488264799118042,0.46293705701828003,0.024365630000829697,0.48081907629966736,0.6515920758247375,0.03853057697415352,0.4688332676887512,0.8127047419548035,0.3133896291255951,0.46571236848831177,0.8334941267967224,0.3334232568740845,0.4870688319206238,0.8848809003829956,0.1757824718952179,0.412524938583374,0.4462914764881134,-0.024357136338949203,0.4279162287712097,0.6300241947174072,0.011510002426803112,0.46232613921165466,0.8020650744438171,0.32750552892684937,0.4654189944267273,0.8146514892578125,0.3519900441169739,0.47913894057273865,0.883980929851532,0.18942435085773468
40,0.03204822540283203,0.4854503571987152,0.46657487750053406,0.025204738602042198,0.4810594916343689,0.6572522521018982,0.005608616396784782,0.4676916003227234,0.8185575604438782,0.2995344400405884,0.46213048696517944,0.8347529172897339,0.31940630078315735,0.4882358908653259,0.8910782337188721,0.16754910349845886,0.4088524878025055,0.4481677711009979,-0.025178179144859314,0.4218502640724182,0.6310489177703857,0.015454734675586224,0.4386369585990906,0.7887850403785706,0.38322678208351135,0.44184356927871704,0.8004540205001831,0.41400155425071716,0.44453421235084534,0.8654165863990784,0.276519238948822
41,0.032325029373168945,0.4830748438835144,0.46714335680007935,0.02506699226796627,0.48036065697669983,0.6587973833084106,0.008996651507914066,0.46816286444664,0.8218250870704651,0.27861616015434265,0.4625977873802185,0.8394984602928162,0.29501041769981384,0.48898592591285706,0.8934805989265442,0.14987993240356445,0.40572285652160645,0.44851529598236084,-0.025041570886969566,0.3986566662788391,0.6219155788421631,0.0007914297166280448,0.41944995522499084,0.7647062540054321,0.37092721462249756,0.4230366349220276,0.7728379964828491,0.40301117300987244,0.4236476421356201,0.8442506194114685,0.2785041928291321
42,0.03311896324157715,0.4817633032798767,0.4672943949699402,0.02485477365553379,0.4794975221157074,0.6592840552330017,0.004183052107691765,0.4665002226829529,0.8271244764328003,0.25414738059043884,0.45979681611061096,0.8459571003913879,0.272248238325119,0.48922520875930786,0.8958339691162109,0.14932100474834442,0.4035530686378479,0.4489373564720154,-0.024832699447870255,0.38725268840789795,0.6259711980819702,-0.03694390133023262,0.39295676350593567,0.7191165089607239,0.3725988268852234,0.3964574933052063,0.7204620838165283,0.4116196036338806,0.3901137411594391,0.7866985201835632,0.3197445273399353
43,0.03229331970214844,0.48240071535110474,0.46733757853507996,0.0197303369641304,0.48054903745651245,0.6602824330329895,-0.011077282950282097,0.4667354226112366,0.8280555009841919,0.2732313871383667,0.45903247594833374,0.8472704291343689,0.2964739203453064,0.4886136054992676,0.8971907496452332,0.16609132289886475,0.40334710478782654,0.45053747296333313,-0.019733015447854996,0.37942296266555786,0.6181243658065796,-0.047293100506067276,0.3957230746746063,0.7292433977127075,0.395143061876297,0.4019605219364166,0.7332881093025208,0.43677717447280884,0.39159300923347473,0.8049497604370117,0.3373279869556427
44,0.032724618911743164,0.4835336208343506,0.46524083614349365,0.01556842029094696,0.4812140464782715,0.6521837711334229,-0.028871437534689903,0.46747079491615295,0.8286532163619995,0.2463817298412323,0.4597961902618408,0.8479121327400208,0.267958402633667,0.48843318223953247,0.8979942202568054,0.12855872511863708,0.40304428339004517,0.4505782425403595,-0.01562841236591339,0.37026268243789673,0.6166095733642578,-0.0675850585103035,0.3883029818534851,0.7555513978004456,0.33903247117996216,0.39759328961372375,0.7595961093902588,0.3617207109928131,0.37564319372177124,0.8178523182868958,0.2298603355884552
45,0.033120155334472656,0.4826316237449646,0.4620184600353241,0.0069925179705023766,0.4759266972541809,0.6474247574806213,-0.03494733199477196,0.4679911732673645,0.8204830884933472,0.28427600860595703,0.46018919348716736,0.8402565121650696,0.3078194260597229,0.48735132813453674,0.8940095901489258,0.1414550244808197,0.401759535074234,0.44995981454849243,-0.007062435150146484,0.3644723892211914,0.6209345459938049,-0.11225108802318573,0.3926132619380951,0.7817884087562561,0.22629034519195557,0.40298300981521606,0.8009008765220642,0.24887888133525848,0.37442997097969055,0.8439591526985168,0.07492242753505707
46,0.032511234283447266,0.48241281509399414,0.4618687629699707,0.002401346107944846,0.4732331335544586,0.6497203707695007,-0.026890864595770836,0.46834149956703186,0.8217393159866333,0.2909892499446869,0.4620334506034851,0.8418752551078796,0.31241193413734436,0.4865843653678894,0.8950198888778687,0.13997285068035126,0.4012172222137451,0.450344443321228,-0.0024438179098069668,0.362348735332489,0.6256557703018188,-0.09585113823413849,0.390768826007843,0.8176762461662292,0.21262569725513458,0.40310508012771606,0.8400545120239258,0.23231466114521027,0.3750038743019104,0.889346182346344,0.048890382051467896
47,0.03238105773925781,0.47971248626708984,0.4625808894634247,0.0043167369440197945,0.4705350995063782,0.6601793766021729,-0.021518032997846603,0.467752605676651,0.8398367762565613,0.2778107821941376,0.4607028067111969,0.8588733077049255,0.2936602532863617,0.4847114086151123,0.9047093987464905,0.0964098647236824,0.3991648554801941,0.45169633626937866,-0.0043441071175038815,0.3621463477611542,0.6444766521453857,-0.08506711572408676,0.38376572728157043,0.8511857986450195,0.19797120988368988,0.3956252336502075,0.866858720779419,0.21296031773090363,0.3702554404735565,0.9228177666664124,0.014630109071731567
48,0.032240867614746094,0.4760005474090576,0.4617374539375305,0.005015925038605928,0.47181931138038635,0.6653909683227539,-0.004306427668780088,0.47024980187416077,0.8401796817779541,0.2768179774284363,0.46342238783836365,0.8593313097953796,0.28973811864852905,0.48618945479393005,0.9055207371711731,0.09625457227230072,0.3954612910747528,0.4498596787452698,-0.0050540706142783165,0.3653593957424164,0.6521624326705933,-0.04275345429778099,0.37811601161956787,0.8556299209594727,0.19982899725437164,0.38544008135795593,0.871069073677063,0.21249952912330627,0.3727252185344696,0.9249441623687744,0.011121055111289024
49,0.03211617469787598,0.47233542799949646,0.46170946955680847,0.020587008446455002,0.4712279736995697,0.6658419370651245,0.025731965899467468,0.4702700674533844,0.8436089158058167,0.26353132724761963,0.46296900510787964,0.8621400594711304,0.2722432017326355,0.48635441064834595,0.9058367013931274,0.08764073997735977,0.3943638205528259,0.4499001204967499,-0.020604873076081276,0.36834588646888733,0.6574842929840088,-0.03826695308089256,0.36770695447921753,0.8523769974708557,0.17592653632164001,0.3682272732257843,0.8676285147666931,0.18559685349464417,0.371570885181427,0.9236095547676086,-0.015221357345581055
50,0.032755136489868164,0.46664959192276,0.462713360786438,0.0231073759496212,0.4674162268638611,0.668423056602478,0.019757403060793877,0.468169629573822,0.8470531105995178,0.27661627531051636,0.4578634202480316,0.8628822565078735,0.2896619737148285,0.4842916429042816,0.9067932963371277,0.10043472051620483,0.39021390676498413,0.45148977637290955,-0.023109113797545433,0.36910396814346313,0.6617701649665833,-0.033979497849941254,0.3756357729434967,0.8524084091186523,0.19790533185005188,0.37851497530937195,0.8680385947227478,0.21519725024700165,0.37549087405204773,0.9229617714881897,0.028315726667642593
51,0.033391475677490234,0.4603823125362396,0.4629751443862915,0.02085757441818714,0.4644542634487152,0.6681164503097534,0.026337500661611557,0.4679296910762787,0.8482595086097717,0.2779124081134796,0.4583572745323181,0.8636545538902283,0.29097121953964233,0.48274579644203186,0.9075774550437927,0.10406879335641861,0.38429373502731323,0.45246049761772156,-0.02086906135082245,0.37016910314559937,0.6630000472068787,-0.010346435941755772,0.37768667936325073,0.8497082591056824,0.221852108836174,0.3815193772315979,0.864525556564331,0.2315664291381836,0.37525618076324463,0.9239130020141602,0.044989608228206635
52,0.03270745277404785,0.4597160816192627,0.4631301760673523,0.01647772267460823,0.463855117559433,0.6650404334068298,0.023854579776525497,0.4668518006801605,0.8481383919715881,0.2867625951766968,0.45864009857177734,0.8622640371322632,0.3016138970851898,0.4801129400730133,0.9063711166381836,0.11585091054439545,0.38142162561416626,0.4540713429450989,-0.016464965417981148,0.37113067507743835,0.6616349816322327,-5.488960232469253e-05,0.37990549206733704,0.8454039096832275,0.25075533986091614,0.38432827591896057,0.8600643873214722,0.2636869251728058,0.37572646141052246,0.921265184879303,0.0710514709353447
53,0.03263568878173828,0.45715051889419556,0.4649457037448883,0.01531821209937334,0.4615749716758728,0.6650145053863525,0.02323763445019722,0.4674162268638611,0.8466907739639282,0.3188113868236542,0.4621846079826355,0.8604307174682617,0.33786600828170776,0.47897011041641235,0.9046596884727478,0.15092237293720245,0.3790110647678375,0.45758378505706787,-0.015295560471713543,0.37041932344436646,0.6638244390487671,0.0025543023366481066,0.3800147771835327,0.8444141745567322,0.2763422727584839,0.3849128186702728,0.8588520288467407,0.2925441861152649,0.3760910630226135,0.9207905530929565,0.0958549827337265
54,0.0318143367767334,0.4546794891357422,0.46638190746307373,0.015458223409950733,0.45936304330825806,0.6638288497924805,0.040952593088150024,0.46754175424575806,0.8435497879981995,0.3234955668449402,0.46322426199913025,0.8590417504310608,0.341259628534317,0.4767393469810486,0.9011264443397522,0.16059283912181854,0.37827518582344055,0.4621310830116272,-0.01541969459503889,0.36965590715408325,0.6648107171058655,0.007594801485538483,0.38034388422966003,0.8448899388313293,0.27773329615592957,0.3850100040435791,0.8590843677520752,0.2939775884151459,0.3762528896331787,0.9211999177932739,0.09789595007896423
55,0.03213858604431152,0.4534251093864441,0.46675294637680054,0.015519402921199799,0.4574633240699768,0.6573807597160339,0.053622014820575714,0.4640803337097168,0.8405250906944275,0.31721875071525574,0.46049419045448303,0.8553229570388794,0.333303838968277,0.47337159514427185,0.8975091576576233,0.1569315791130066,0.37775081396102905,0.46386459469795227,-0.015476631000638008,0.3698742687702179,0.6637580394744873,0.01005278155207634,0.38088688254356384,0.8443810939788818,0.27076083421707153,0.38565418124198914,0.8584781289100647,0.28646668791770935,0.3767242431640625,0.9208289384841919,0.09418186545372009
56,0.03305530548095703,0.4534475803375244,0.4666660726070404,0.018668580800294876,0.4551469683647156,0.6509898900985718,0.04440184682607651,0.4565160870552063,0.8301553130149841,0.34467414021492004,0.4537859857082367,0.8469268083572388,0.3651331067085266,0.46832767128944397,0.8819634318351746,0.1957283765077591,0.3786626160144806,0.4642082154750824,-0.018604356795549393,0.3731994926929474,0.6619837284088135,0.0015410081250593066,0.38335636258125305,0.8440178632736206,0.2823095917701721,0.3861624598503113,0.8582353591918945,0.30067235231399536,0.37690117955207825,0.9184004664421082,0.1040927991271019
57,0.03271627426147461,0.4542818069458008,0.46519798040390015,0.022053061053156853,0.4513424336910248,0.6367148756980896,0.044215068221092224,0.4439864754676819,0.8116641640663147,0.33923089504241943,0.4363100528717041,0.8304298520088196,0.3589566648006439,0.44507351517677307,0.86878502368927,0.1992761641740799,0.3792283833026886,0.46379217505455017,-0.02196975238621235,0.3742358386516571,0.6492215991020203,-0.0021512832026928663,0.3831009268760681,0.8328076004981995,0.2745389938354492,0.3839010000228882,0.8473384380340576,0.29217222332954407,0.3762649893760681,0.9101398587226868,0.10133655369281769
58,0.03270697593688965,0.45522767305374146,0.4652700424194336,0.03235775977373123,0.45245876908302307,0.63382887840271,0.06782529503107071,0.432828813791275,0.7958583235740662,0.4417959749698639,0.42061251401901245,0.8118107318878174,0.4693346619606018,0.44254764914512634,0.8711841702461243,0.31195342540740967,0.37951764464378357,0.4641248285770416,-0.0322493351995945,0.37524157762527466,0.6494390964508057,-0.002014854224398732,0.37809035181999207,0.8290029168128967,0.32826104760169983,0.37741541862487793,0.8412147164344788,0.35150977969169617,0.3724208474159241,0.9047191143035889,0.15689441561698914
59,0.03233790397644043,0.4558173716068268,0.46841564774513245,0.040029145777225494,0.4526349604129791,0.6352711319923401,-0.2546820044517517,0.3594401478767395,0.793709933757782,-0.008438143879175186,0.3327582776546478,0.8035317659378052,0.00954231433570385,0.36014723777770996,0.8720013499259949,-0.16427668929100037,0.3814822733402252,0.466389924287796,-0.039606109261512756,0.37636685371398926,0.6580392122268677,0.005550754256546497,0.38246166706085205,0.829163670539856,0.36307352781295776,0.3830152153968811,0.8451446294784546,0.3875765800476074,0.3727165758609772,0.9051327109336853,0.20610451698303223
60,0.03189444541931152,0.45628270506858826,0.4690784811973572,0.04625443369150162,0.470217764377594,0.625397801399231,-0.3917192816734314,0.35038506984710693,0.7814269661903381,-0.17622503638267517,0.320046991109848,0.785667359828949,-0.1584981381893158,0.3464908003807068,0.8645254969596863,-0.3251399099826813,0.3821691870689392,0.4666903614997864,-0.04568476602435112,0.37883076071739197,0.6677672266960144,-0.02444678172469139,0.3858911991119385,0.8294357657432556,0.34015393257141113,0.3872019648551941,0.8470003008842468,0.3657403886318207,0.37502461671829224,0.9069210886955261,0.19833777844905853
61,0.03220319747924805,0.4564131796360016,0.46905988454818726,0.0427214577794075,0.48353415727615356,0.6209551692008972,-0.4461577534675598,0.3447650969028473,0.7416846752166748,-0.23781108856201172,0.3117447793483734,0.7557793259620667,-0.21926379203796387,0.3320753574371338,0.8387647867202759,-0.3820171356201172,0.38242989778518677,0.46645867824554443,-0.04221360757946968,0.37757790088653564,0.6666019558906555,-0.02178400196135044,0.3876495957374573,0.8323320150375366,0.3215835690498352,0.38996806740760803,0.8512875437736511,0.3440229296684265,0.37757396697998047,0.9109532833099365,0.16664305329322815
62,0.0330958366394043,0.456608384847641,0.4690351188182831,0.04276389628648758,0.4914184510707855,0.618497908115387,-0.40180468559265137,0.3511543571949005,0.7504789233207703,-0.15599073469638824,0.3193714916706085,0.754493772983551,-0.13433852791786194,0.34388723969459534,0.8374472856521606,-0.2916228175163269,0.3826403319835663,0.46630868315696716,-0.04225099831819534,0.3744335472583771,0.6658416390419006,-0.02617359533905983,0.39230936765670776,0.8323315382003784,0.3143623471260071,0.39619773626327515,0.8512441515922546,0.33587512373924255,0.37814581394195557,0.9096588492393494,0.15795600414276123
63,0.03295588493347168,0.4576377868652344,0.47006845474243164,0.040977660566568375,0.498835951089859,0.620065450668335,-0.3159095346927643,0.38983944058418274,0.7606516480445862,-0.00949917547404766,0.3522249460220337,0.7667833566665649,-0.010209421627223492,0.3968955874443054,0.846272885799408,-0.19228920340538025,0.38279634714126587,0.46774470806121826,-0.04051842540502548,0.37448689341545105,0.6636177897453308,-0.06767632812261581,0.3921812176704407,0.8328078985214233,0.2550235986709595,0.3931314945220947,0.8515337109565735,0.27723655104637146,0.3768419623374939,0.9022024869918823,0.09649529308080673
64,0.032720088958740234,0.45966824889183044,0.47100698947906494,0.039972368627786636,0.5069168210029602,0.6206251978874207,-0.3316839337348938,0.4379790425300598,0.7620527744293213,0.027729064226150513,0.42185792326927185,0.7735552191734314,0.03570617362856865,0.4617637097835541,0.8482550382614136,-0.14967666566371918,0.38318902254104614,0.4697982966899872,-0.03959665074944496,0.37752801179885864,0.6639111042022705,-0.08578412234783173,0.3860790729522705,0.8355387449264526,0.2634720802307129,0.38496261835098267,0.8530387282371521,0.28734034299850464,0.37428492307662964,0.9040040373802185,0.10098788887262344
65,0.03209519386291504,0.46234235167503357,0.473595529794693,0.039270322769880295,0.5095397233963013,0.6248018145561218,-0.21871384978294373,0.46314066648483276,0.7661341428756714,0.19882863759994507,0.44245463609695435,0.7785090208053589,0.23095357418060303,0.4892577528953552,0.8495981097221375,0.08503106236457825,0.3840194344520569,0.47331511974334717,-0.03892197087407112,0.3776533305644989,0.6675813794136047,-0.07464845478534698,0.3793473541736603,0.8373310565948486,0.26227980852127075,0.37902992963790894,0.854172945022583,0.28599390387535095,0.3727828860282898,0.9064111113548279,0.10057780891656876
66,0.032441139221191406,0.46416395902633667,0.4734460413455963,0.0488421656191349,0.5122450590133667,0.6306880712509155,-0.11121614277362823,0.47660818696022034,0.7801399827003479,0.22107616066932678,0.4555307924747467,0.8020808696746826,0.24487534165382385,0.5124515295028687,0.8661424517631531,0.08765695244073868,0.38588494062423706,0.4750424027442932,-0.048777006566524506,0.38099080324172974,0.6732538938522339,-0.07069936394691467,0.3788653016090393,0.840187132358551,0.22553782165050507,0.3774741291999817,0.8561988472938538,0.24451148509979248,0.37480610609054565,0.9072714447975159,0.057595886290073395
67,0.03335285186767578,0.46577316522598267,0.47334024310112,0.04677867144346237,0.5114799737930298,0.6444740295410156,0.001720730448141694,0.49263352155685425,0.8073979616165161,0.30545932054519653,0.47283560037612915,0.8308769464492798,0.32520797848701477,0.5271790027618408,0.8802822232246399,0.16603194177150726,0.3867846727371216,0.4746662378311157,-0.04661845415830612,0.3839230537414551,0.6788451671600342,-0.05152232572436333,0.37907689809799194,0.8429312109947205,0.23363986611366272,0.37821176648139954,0.8577009439468384,0.2511114478111267,0.37676820158958435,0.9094135165214539,0.06600967794656754
68,0.032756805419921875,0.4686528146266937,0.47122350335121155,0.04830670356750488,0.5104569792747498,0.6513654589653015,0.04378630220890045,0.5059176087379456,0.8142316937446594,0.3308432996273041,0.4922235608100891,0.8394027352333069,0.3488176465034485,0.5397058129310608,0.8854939937591553,0.18835359811782837,0.3899751305580139,0.47358301281929016,-0.048253268003463745,0.38673219084739685,0.6779462695121765,-0.0509776771068573,0.379572331905365,0.8461258411407471,0.2142040729522705,0.37838608026504517,0.85993492603302,0.23000626266002655,0.37742549180984497,0.9137277603149414,0.04070574790239334
69,0.032613277435302734,0.4726840853691101,0.45750585198402405,0.041691966354846954,0.5078414678573608,0.6501941084861755,0.05404301732778549,0.5121043920516968,0.8163279294967651,0.24881401658058167,0.49887585639953613,0.8425028324127197,0.2608574330806732,0.5365192294120789,0.8851239085197449,0.09693048894405365,0.3932187557220459,0.46311864256858826,-0.041715726256370544,0.38942569494247437,0.6605212092399597,-0.040684547275304794,0.3792971968650818,0.8458689451217651,0.16269856691360474,0.3781292736530304,0.8595391511917114,0.17073866724967957,0.3775086998939514,0.9136494398117065,-0.017279939725995064
70,0.03262972831726074,0.4769524037837982,0.4580889046192169,0.03781658411026001,0.506209671497345,0.6507616639137268,0.05613187700510025,0.5139188170433044,0.826622724533081,0.2289465218782425,0.49945884943008423,0.8525829315185547,0.23837018013000488,0.5401660203933716,0.8861217498779297,0.07507021725177765,0.3967885375022888,0.46176502108573914,-0.037899769842624664,0.38889914751052856,0.6562964916229248,-0.02646004594862461,0.3783571124076843,0.8441034555435181,0.171765998005867,0.37651652097702026,0.8579968214035034,0.18009845912456512,0.37704339623451233,0.9125697016716003,-0.003327836049720645
71,0.0330195426940918,0.48090648651123047,0.45897388458251953,0.028885487467050552,0.5051189064979553,0.6536085605621338,0.029918521642684937,0.5131574273109436,0.8345085382461548,0.19957472383975983,0.5000037550926208,0.8592207431793213,0.1974206268787384,0.5424703359603882,0.8949282765388489,0.028151582926511765,0.39970552921295166,0.4617668092250824,-0.028903162106871605,0.38921263813972473,0.6571332216262817,-0.010133618488907814,0.37835371494293213,0.8459553122520447,0.18604695796966553,0.37675803899765015,0.8602249026298523,0.19443193078041077,0.37465041875839233,0.9123544692993164,0.012860392220318317
72,0.032651662826538086,0.48949581384658813,0.46224895119667053,0.018217051401734352,0.5044493079185486,0.6604257225990295,0.031623952090740204,0.5123759508132935,0.8393110036849976,0.21737301349639893,0.5014768242835999,0.8621118664741516,0.22133329510688782,0.5352105498313904,0.8956986665725708,0.05179520323872566,0.4101756513118744,0.4625975489616394,-0.018149860203266144,0.3949638307094574,0.659524142742157,-0.007967052981257439,0.3862732946872711,0.8481695652008057,0.19053737819194794,0.38460439443588257,0.8620545268058777,0.19927920401096344,0.37545448541641235,0.9123481512069702,0.017650706693530083
73,0.0326542854309082,0.4977436065673828,0.46261194348335266,0.02645869180560112,0.5059248805046082,0.6581923961639404,0.05227958410978317,0.5116886496543884,0.8336257934570312,0.3030322194099426,0.5028765797615051,0.8557479977607727,0.3170202076435089,0.536392092704773,0.8954458236694336,0.15031850337982178,0.4194353520870209,0.46280813217163086,-0.026396935805678368,0.4097680449485779,0.6608036160469055,-0.039611537009477615,0.3915424048900604,0.8517405986785889,0.17218181490898132,0.3889525234699249,0.8664446473121643,0.18234041333198547,0.3807578980922699,0.9177113771438599,-0.016465526074171066
74,0.03243565559387207,0.5043511390686035,0.4660477042198181,0.036607660353183746,0.5102766156196594,0.6616325974464417,0.04813653603196144,0.511086106300354,0.8400477170944214,0.29254084825515747,0.501189112663269,0.8600711822509766,0.30597442388534546,0.5370239615440369,0.8931428790092468,0.14226242899894714,0.42549973726272583,0.46408697962760925,-0.03658628463745117,0.4228920042514801,0.6609312891960144,-0.04647580534219742,0.39354413747787476,0.8510002493858337,0.1798199862241745,0.38960886001586914,0.8663660883903503,0.19167281687259674,0.3845725953578949,0.9204200506210327,-0.0014150668866932392
75,0.03291201591491699,0.511387050151825,0.46471360325813293,0.04546220600605011,0.5183600783348083,0.6603084206581116,0.04503614455461502,0.5096081495285034,0.8405370116233826,0.2705758213996887,0.49862584471702576,0.8608112931251526,0.28260093927383423,0.5365424156188965,0.8933228850364685,0.1256401240825653,0.43127307295799255,0.4602052867412567,-0.04547831416130066,0.43637171387672424,0.6565930843353271,-0.06729401648044586,0.3984033465385437,0.8507462739944458,0.14463873207569122,0.3911221921443939,0.8664243817329407,0.15549668669700623,0.3915397524833679,0.9220892190933228,-0.032808009535074234
76,0.03346967697143555,0.5138717889785767,0.4640812873840332,0.060583531856536865,0.5234657526016235,0.6606940031051636,0.026761319488286972,0.5076878070831299,0.8396801352500916,0.258188933134079,0.49543052911758423,0.8618809580802917,0.2714884579181671,0.5360304713249207,0.8935418725013733,0.11374257504940033,0.43522825837135315,0.45675113797187805,-0.060581792145967484,0.4557407796382904,0.6381456851959229,-0.11004336923360825,0.4165343642234802,0.8239004611968994,0.16521701216697693,0.4001695215702057,0.8319718241691589,0.17588531970977783,0.4162026345729828,0.8959534168243408,0.016633160412311554
77,0.03259015083312988,0.5137562155723572,0.4584345519542694,0.06053530052304268,0.5232310891151428,0.6599615216255188,0.019359756261110306,0.5059834718704224,0.8375975489616394,0.2526283860206604,0.49343031644821167,0.8601255416870117,0.266089528799057,0.5343325138092041,0.8929316997528076,0.121903195977211,0.4357260763645172,0.4473598599433899,-0.06050260737538338,0.4637204110622406,0.6044070720672607,-0.34989988803863525,0.4391523003578186,0.7739687561988831,-0.07727519422769547,0.4275588095188141,0.7837404012680054,-0.05724494904279709,0.44967812299728394,0.8627644181251526,-0.21702463924884796
78,0.0330808162689209,0.5127984285354614,0.450360506772995,0.06528032571077347,0.5223621726036072,0.6555957198143005,0.030123570933938026,0.5052496194839478,0.8362146615982056,0.22135579586029053,0.49279600381851196,0.8587324619293213,0.2301868498325348,0.5330201983451843,0.8934166431427002,0.10294969379901886,0.4375773072242737,0.43949079513549805,-0.06524978578090668,0.4733408987522125,0.5973380208015442,-0.23761630058288574,0.45235785841941833,0.7407828569412231,0.06804945319890976,0.4413772225379944,0.7421633005142212,0.08764265477657318,0.46378087997436523,0.8322066068649292,-0.07720338553190231
79,0.03184032440185547,0.5117909908294678,0.45171648263931274,0.07220754772424698,0.5049311518669128,0.6587314009666443,0.09297775477170944,0.5045323371887207,0.8386204242706299,0.32677632570266724,0.4922383725643158,0.8624668717384338,0.3422229290008545,0.5324551463127136,0.8961115479469299,0.2206006944179535,0.43787604570388794,0.44131001830101013,-0.07226631045341492,0.4822714328765869,0.5997410416603088,-0.29513227939605713,0.47485774755477905,0.7319592237472534,0.06041139364242554,0.46501436829566956,0.73019939661026,0.09165322035551071,0.49555879831314087,0.8199568390846252,-0.06174316257238388
80,0.03223395347595215,0.5115700960159302,0.45193183422088623,0.08302343636751175,0.5087008476257324,0.6593804955482483,0.0745585709810257,0.5041107535362244,0.8416491150856018,0.23565323650836945,0.49233612418174744,0.8684396743774414,0.24106216430664062,0.5351399183273315,0.9011606574058533,0.15347443521022797,0.4395006597042084,0.4406106770038605,-0.08303450047969818,0.4843882918357849,0.6022676825523376,-0.2486969530582428,0.4550480842590332,0.6729350686073303,0.07092307507991791,0.44412797689437866,0.6626051664352417,0.12829813361167908,0.4707369804382324,0.7419973015785217,0.05966451019048691
81,0.03331279754638672,0.5122600197792053,0.45133304595947266,0.09055844694375992,0.5096469521522522,0.659211277961731,0.09791724383831024,0.5031219720840454,0.8421518802642822,0.23194631934165955,0.49085038900375366,0.869483232498169,0.23746760189533234,0.5352303385734558,0.9013978838920593,0.14339491724967957,0.4427209794521332,0.4401601254940033,-0.09057261049747467,0.474531352519989,0.625779390335083,-0.15964721143245697,0.44701918959617615,0.6763979196548462,0.21261188387870789,0.4359521269798279,0.6654350161552429,0.24934709072113037,0.46746811270713806,0.7492769360542297,0.19242209196090698
82,0.03288102149963379,0.5135926604270935,0.45175835490226746,0.09175697714090347,0.5105213522911072,0.6594754457473755,0.11245347559452057,0.49954694509506226,0.8431277871131897,0.23361845314502716,0.4866597056388855,0.8693116903305054,0.24107690155506134,0.5348838567733765,0.9037954211235046,0.164348766207695,0.44454509019851685,0.44095084071159363,-0.09181495010852814,0.4686563014984131,0.6323537230491638,-0.12181767076253891,0.43765854835510254,0.6550619602203369,0.2819657325744629,0.4231213629245758,0.63825923204422,0.32240957021713257,0.46240267157554626,0.7331117987632751,0.29373592138290405
83,0.03290081024169922,0.518746018409729,0.45223119854927063,0.08541713654994965,0.512399435043335,0.664114773273468,0.09153597056865692,0.4968007504940033,0.8467152714729309,0.25289297103881836,0.4819104075431824,0.8690658807754517,0.2583562731742859,0.534408688545227,0.9043377637863159,0.14767034351825714,0.4461921155452728,0.4417726397514343,-0.08541497588157654,0.4510834217071533,0.6361891627311707,-0.06338050216436386,0.43634453415870667,0.8137404918670654,0.22437696158885956,0.42864927649497986,0.8317182660102844,0.20720727741718292,0.4574427008628845,0.9004835486412048,0.014386700466275215
84,0.03316855430603027,0.5238556265830994,0.45256441831588745,0.07694921642541885,0.5162838101387024,0.66387939453125,0.09657587856054306,0.4968705177307129,0.8459163904190063,0.3293777108192444,0.4815044403076172,0.8653505444526672,0.3427965044975281,0.5340372323989868,0.9038970470428467,0.20353952050209045,0.44914382696151733,0.44216272234916687,-0.07717181742191315,0.44457197189331055,0.6307207942008972,-0.03359876945614815,0.4321443438529968,0.8139593005180359,0.2193480283021927,0.4277048110961914,0.830271303653717,0.2309102565050125,0.4285232126712799,0.9046207070350647,0.03516285866498947
85,0.03183102607727051,0.5258464813232422,0.45459750294685364,0.0750424712896347,0.5172052383422852,0.6679509878158569,0.11280924081802368,0.4975341260433197,0.8453973531723022,0.32719117403030396,0.4822423458099365,0.8652900457382202,0.3399837613105774,0.5339521765708923,0.9054233431816101,0.2202713042497635,0.450971782207489,0.44384434819221497,-0.07542866468429565,0.44047898054122925,0.6350917816162109,-0.06452914327383041,0.42732319235801697,0.8388845920562744,0.10513444244861603,0.4274047911167145,0.8574649691581726,0.11109249293804169,0.4161502718925476,0.9353252649307251,-0.057157523930072784
86,0.03233766555786133,0.5263213515281677,0.46174976229667664,0.07499448955059052,0.5169900059700012,0.6777350902557373,0.17601928114891052,0.4976385235786438,0.847200334072113,0.44437068700790405,0.4822966456413269,0.8665179014205933,0.4605169892311096,0.5338941812515259,0.9066541194915771,0.3161851465702057,0.45205363631248474,0.45275571942329407,-0.0752786248922348,0.43610358238220215,0.6616522073745728,-0.0739302933216095,0.41843169927597046,0.8735124468803406,0.10368885099887848,0.42097100615501404,0.8927575945854187,0.11051426827907562,0.40582332015037537,0.9751521348953247,-0.08996409922838211
87,0.03226900100708008,0.525973916053772,0.4645645022392273,0.07358486950397491,0.5168713927268982,0.6781302690505981,0.17810414731502533,0.4966985285282135,0.8454111814498901,0.48390135169029236,0.4821886122226715,0.8635191321372986,0.5045400261878967,0.5293904542922974,0.9007309675216675,0.36497536301612854,0.45149827003479004,0.4565136134624481,-0.07382036745548248,0.43268266320228577,0.6691330075263977,-0.0833403691649437,0.41820216178894043,0.8742433786392212,0.09133084863424301,0.4200000762939453,0.8970563411712646,0.09832451492547989,0.4106804430484772,0.9668043851852417,-0.10676984488964081
88,0.03255820274353027,0.5251878499984741,0.4679437279701233,0.07349269092082977,0.5165725946426392,0.677528977394104,0.16513511538505554,0.4962361752986908,0.8460153937339783,0.4519596993923187,0.480861097574234,0.8639184832572937,0.4714626371860504,0.5287768840789795,0.9007137417793274,0.3404678702354431,0.45155206322669983,0.460845947265625,-0.07368426024913788,0.4335477948188782,0.6750532984733582,-0.037708308547735214,0.41739600896835327,0.8552137017250061,0.20294781029224396,0.41485658288002014,0.8675424456596375,0.21901710331439972,0.41391363739967346,0.9349638223648071,0.034349553287029266
89,0.03321242332458496,0.5246747136116028,0.4702203869819641,0.0732441246509552,0.5157848596572876,0.6844967007637024,0.14429204165935516,0.49202537536621094,0.8465411067008972,0.43101683259010315,0.47684961557388306,0.8638365268707275,0.4506572186946869,0.526870608329773,0.9001150727272034,0.3137759566307068,0.4506802558898926,0.4617525637149811,-0.07341601699590683,0.4329814910888672,0.6844781637191772,-0.0525989904999733,0.42077627778053284,0.8747650384902954,0.1782960295677185,0.41773277521133423,0.8927043676376343,0.19602631032466888,0.45102009177207947,0.9668652415275574,-0.005527440924197435
90,0.032557010650634766,0.5261048674583435,0.46973079442977905,0.07148025929927826,0.5171248912811279,0.6854538321495056,0.12655262649059296,0.4931905269622803,0.8498848080635071,0.4037666916847229,0.47716349363327026,0.8656764626502991,0.42035555839538574,0.5268958210945129,0.9018368124961853,0.2986871600151062,0.45104295015335083,0.46148279309272766,-0.07158999145030975,0.4339207112789154,0.6875276565551758,-0.04972921311855316,0.42698702216148376,0.8683764934539795,0.17971786856651306,0.4283100962638855,0.8857585787773132,0.1939907968044281,0.44665536284446716,0.9539632201194763,-0.004638454876840115
91,0.03131222724914551,0.5259798169136047,0.4697994887828827,0.0700681060552597,0.519672155380249,0.6870225071907043,0.125228613615036,0.4974239766597748,0.8493648767471313,0.4174593389034271,0.4830739498138428,0.8656190633773804,0.43675121665000916,0.5351203680038452,0.9019472599029541,0.29730138182640076,0.4506499767303467,0.46378687024116516,-0.0701291412115097,0.4341367185115814,0.6946512460708618,-0.06036804988980293,0.43924564123153687,0.8854686617851257,0.13855768740177155,0.4383734166622162,0.9062746167182922,0.1465815007686615,0.47340235114097595,0.981604278087616,-0.0618082657456398
92,0.03201103210449219,0.526102602481842,0.4704342782497406,0.0643492341041565,0.5202863812446594,0.6904579997062683,0.1244804859161377,0.5024670362472534,0.8491033315658569,0.4666060507297516,0.48852452635765076,0.8681037425994873,0.4914124011993408,0.5389507412910461,0.9022111892700195,0.3444398045539856,0.45040518045425415,0.46589818596839905,-0.06437115371227264,0.43479570746421814,0.7021666169166565,-0.06462422013282776,0.44423145055770874,0.9017723202705383,0.14106467366218567,0.4435356557369232,0.9221524000167847,0.15126416087150574,0.4725162088871002,0.9930105209350586,-0.05564628913998604
93,0.032552480697631836,0.5258004069328308,0.47017666697502136,0.05738460272550583,0.5220914483070374,0.6888976693153381,0.09700906276702881,0.5051623582839966,0.8472386002540588,0.46654361486434937,0.4911131262779236,0.8655258417129517,0.49382930994033813,0.5392476320266724,0.9026431441307068,0.33857911825180054,0.4489804208278656,0.4654417335987091,-0.057380884885787964,0.43438658118247986,0.7017139196395874,-0.06745488196611404,0.44442883133888245,0.8989508152008057,0.161910742521286,0.44477471709251404,0.9190118908882141,0.17408107221126556,0.46674561500549316,0.9909221529960632,-0.04211563616991043
94,0.03254127502441406,0.5247873067855835,0.46412399411201477,0.039167579263448715,0.5219315886497498,0.6879454255104065,0.04861779510974884,0.504986047744751,0.8369983434677124,0.5010166764259338,0.4925001263618469,0.8490588068962097,0.5384917259216309,0.5359309315681458,0.9023515582084656,0.3937503695487976,0.442211776971817,0.4587815999984741,-0.03915909305214882,0.4301742613315582,0.6982318162918091,-0.06522627919912338,0.4441782534122467,0.8989419341087341,0.19577088952064514,0.4450747072696686,0.9180330634117126,0.21146133542060852,0.4622425436973572,0.9932231307029724,-0.011558625847101212
95,0.03283119201660156,0.5241061449050903,0.4541235566139221,0.035707298666238785,0.5215776562690735,0.6839390993118286,0.06846369802951813,0.5079250335693359,0.8351561427116394,0.46013298630714417,0.4988630414009094,0.850588858127594,0.4874803125858307,0.5360643267631531,0.9026168584823608,0.3523452579975128,0.43852147459983826,0.4487801492214203,-0.03566091135144234,0.4275410771369934,0.6947238445281982,-0.06181839108467102,0.44354209303855896,0.8944469690322876,0.18325601518154144,0.44393712282180786,0.9138737320899963,0.19782862067222595,0.46248579025268555,0.9863583445549011,-0.02142426185309887
96,0.03234505653381348,0.5238339304924011,0.4445168375968933,0.028919676318764687,0.5235718488693237,0.6789120435714722,0.05307528376579285,0.5116214752197266,0.8355628848075867,0.3684650957584381,0.5025597214698792,0.8540306091308594,0.389820396900177,0.5356482267379761,0.9045722484588623,0.2313607633113861,0.4358036518096924,0.43971312046051025,-0.028815139085054398,0.4274469316005707,0.6936469674110413,-0.053722403943538666,0.44435614347457886,0.8968555927276611,0.17777900397777557,0.45616549253463745,0.9097310900688171,0.19239851832389832,0.46487337350845337,0.9847859144210815,-0.022686559706926346
97,0.032404184341430664,0.5230772495269775,0.4432206451892853,0.03025146760046482,0.5236128568649292,0.6785125732421875,0.06703829020261765,0.5108863711357117,0.8358234763145447,0.45597416162490845,0.5013075470924377,0.8526800870895386,0.48845940828323364,0.5274916887283325,0.9142265319824219,0.3384038805961609,0.43161383271217346,0.4376496970653534,-0.030193721875548363,0.4278854429721832,0.6937697529792786,-0.03763832896947861,0.45177707076072693,0.8931549191474915,0.2362278699874878,0.45870882272720337,0.9093097448348999,0.2550145387649536,0.46480435132980347,0.9860052466392517,0.04378693550825119
98,0.03157544136047363,0.5230346918106079,0.44487830996513367,0.02891913615167141,0.5242108106613159,0.683843195438385,0.0487268827855587,0.5114274024963379,0.8372328877449036,0.47453147172927856,0.5033537149429321,0.8527916669845581,0.511384129524231,0.5237753391265869,0.9256511330604553,0.3678302764892578,0.4284995496273041,0.4393734633922577,-0.028836820274591446,0.4283447265625,0.7020862698554993,-0.03745467588305473,0.45453229546546936,0.8997636437416077,0.25731831789016724,0.46035638451576233,0.9185994267463684,0.27879613637924194,0.46436890959739685,0.9971099495887756,0.06881991773843765
99,0.032277822494506836,0.5230987071990967,0.4436945617198944,0.032265786081552505,0.5283900499343872,0.6837800145149231,0.02493572048842907,0.5107424855232239,0.8389793038368225,0.4651869833469391,0.5013386011123657,0.848518967628479,0.5020674467086792,0.5179721713066101,0.9336183071136475,0.3658580482006073,0.42870432138442993,0.4380439817905426,-0.032141052186489105,0.4278833270072937,0.7052081823348999,-0.04172990471124649,0.4531337320804596,0.9016709923744202,0.2612275779247284,0.45730194449424744,0.9205330014228821,0.28501972556114197,0.4640893340110779,1.0037269592285156,0.07790311425924301
100,0.03272080421447754,0.5250158905982971,0.4423765242099762,0.03737400472164154,0.5324233770370483,0.6835820078849792,0.03304571285843849,0.50824373960495,0.8583934903144836,0.49282869696617126,0.4950936436653137,0.8629876971244812,0.5314021110534668,0.5178961157798767,0.9599819779396057,0.3721325993537903,0.4293213486671448,0.4335697889328003,-0.03718474879860878,0.4276968836784363,0.703662097454071,-0.041553545743227005,0.45297735929489136,0.9021008014678955,0.318304181098938,0.4567360281944275,0.9227486848831177,0.34621062874794006,0.4617237448692322,1.0054494142532349,0.12489476054906845
101,0.03287863731384277,0.526614248752594,0.44338518381118774,0.033340271562337875,0.5346233248710632,0.6876184940338135,-0.11239494383335114,0.5200523138046265,0.9233171939849854,0.13663184642791748,0.508433997631073,0.9327720403671265,0.15201041102409363,0.5427462458610535,1.0341640710830688,-0.014044312760233879,0.4293845295906067,0.4350998103618622,-0.03319083899259567,0.4259699881076813,0.7112846970558167,-0.0623399019241333,0.45178332924842834,0.9239354729652405,0.270826518535614,0.45621365308761597,0.9463159441947937,0.2897176146507263,0.44162535667419434,1.019141674041748,0.08762604743242264
102,0.03365445137023926,0.5291078686714172,0.44406136870384216,0.02046104148030281,0.537855327129364,0.6945465207099915,-0.07835350930690765,0.5350013971328735,0.9473282694816589,0.09506462514400482,0.5292485952377319,0.9573138952255249,0.10207804292440414,0.5593664646148682,1.0123538970947266,-0.06460023671388626,0.42933082580566406,0.43605440855026245,-0.020399514585733414,0.4261412024497986,0.7174129486083984,-0.02491343393921852,0.45262056589126587,0.9380251169204712,0.25624537467956543,0.4566098749637604,0.9493224620819092,0.26598143577575684,0.44013142585754395,1.0263546705245972,0.0734601840376854
103,0.032440185546875,0.5319505333900452,0.44468361139297485,0.015429973602294922,0.5391256809234619,0.7058485150337219,-0.1114608645439148,0.5384396314620972,0.961945652961731,0.014029431156814098,0.5305960774421692,0.9721007943153381,0.015186024829745293,0.5629550814628601,1.072937250137329,-0.15125152468681335,0.4295102655887604,0.43621477484703064,-0.015268673188984394,0.4260932505130768,0.7198536396026611,0.014269860461354256,0.45197564363479614,0.9433252811431885,0.25794196128845215,0.45693439245224,0.9509561061859131,0.2722509503364563,0.4335009455680847,1.0381463766098022,0.11690236628055573
104,0.03141474723815918,0.5350136160850525,0.447191447019577,0.018700744956731796,0.5433983206748962,0.7204652428627014,-0.077741339802742,0.5493909120559692,0.9745880961418152,0.03087947890162468,0.5422419905662537,1.0160959959030151,0.030476713553071022,0.5774090886116028,1.0951333045959473,-0.1436140239238739,0.43049806356430054,0.4385998547077179,-0.01852666214108467,0.4288391172885895,0.7217339873313904,0.016912851482629776,0.4494049549102783,0.9513967633247375,0.24788543581962585,0.4529597759246826,0.9569891095161438,0.2643475830554962,0.43398022651672363,1.0583027601242065,0.09492535144090652
105,0.033338069915771484,0.5423275232315063,0.44837501645088196,0.02134101279079914,0.5498912930488586,0.737120509147644,-0.08521803468465805,0.5555623173713684,0.980087399482727,0.05377216264605522,0.5434377193450928,1.0286976099014282,0.05640014261007309,0.5780155062675476,1.1098028421401978,-0.1234147697687149,0.43435829877853394,0.4418025612831116,-0.021172575652599335,0.43255963921546936,0.738019585609436,0.02125336043536663,0.4489305019378662,0.9581445455551147,0.2705671787261963,0.45186877250671387,0.9609563946723938,0.28795555233955383,0.4358433187007904,1.0669232606887817,0.11915941536426544
106,0.033509254455566406,0.5536429286003113,0.4482550024986267,0.018205229192972183,0.5631431341171265,0.7466632127761841,-0.10738489776849747,0.5515348315238953,0.9718459844589233,0.14908243715763092,0.5381994247436523,1.0002537965774536,0.1478092074394226,0.5716597437858582,1.0930078029632568,-0.06473875790834427,0.44058212637901306,0.44102799892425537,-0.01809416338801384,0.43554776906967163,0.7602351903915405,-0.02139248326420784,0.4487631916999817,0.9698654413223267,0.2481909692287445,0.45138588547706604,0.970158040523529,0.2712666094303131,0.43595680594444275,1.0864863395690918,0.11448869854211807
107,0.03330564498901367,0.5617209672927856,0.44788628816604614,0.015589497983455658,0.568141758441925,0.7545892596244812,-0.13287729024887085,0.5514594316482544,0.9717596173286438,0.17465153336524963,0.5357058644294739,1.0185315608978271,0.1891786754131317,0.5690163373947144,1.1138858795166016,0.01384028047323227,0.4466873109340668,0.43709006905555725,-0.015499080531299114,0.44005662202835083,0.763672947883606,-0.04800824820995331,0.4486667513847351,0.9682817459106445,0.254971444606781,0.4505247473716736,0.9667942523956299,0.28179335594177246,0.4468769133090973,1.0965882539749146,0.11832211166620255
108,0.033623456954956055,0.5694741606712341,0.43611881136894226,0.017361875623464584,0.5756999254226685,0.7521741390228271,-0.17545199394226074,0.5581642389297485,1.0061404705047607,0.023915689438581467,0.5410997867584229,1.0395309925079346,0.0319451242685318,0.5805559754371643,1.129825234413147,-0.16953113675117493,0.4559353291988373,0.4281012713909149,-0.01729636639356613,0.4470539689064026,0.7559455633163452,-0.019971312955021858,0.4509642720222473,0.9602177739143372,0.3305230438709259,0.4587429463863373,0.9895315766334534,0.3601035475730896,0.45146170258522034,1.0917038917541504,0.1782435178756714
109,0.03319525718688965,0.5793291926383972,0.43637317419052124,0.01020010095089674,0.5868834257125854,0.7661716341972351,-0.2639023959636688,0.5603887438774109,1.0458707809448242,-0.02816702052950859,0.5454115271568298,1.077886700630188,-0.015937505289912224,0.578526496887207,1.1706520318984985,-0.22657401859760284,0.4630037844181061,0.425890177488327,-0.009931499138474464,0.4485289454460144,0.7710107564926147,-0.01824900694191456,0.45247578620910645,0.9604564309120178,0.36210569739341736,0.460374116897583,0.9793078899383545,0.3957264721393585,0.45170578360557556,1.1146315336227417,0.21367521584033966
110,0.06089019775390625,0.5917913317680359,0.43007296323776245,0.012258807197213173,0.5973883867263794,0.7681246399879456,-0.2545118033885956,0.5576555132865906,1.0634074211120605,-0.11701567471027374,0.5422435998916626,1.0961233377456665,-0.11526453495025635,0.5757600665092468,1.1922481060028076,-0.3240528702735901,0.47179651260375977,0.41605493426322937,-0.012071484699845314,0.4567442536354065,0.7780488729476929,-0.019985761493444443,0.456719309091568,0.9634544849395752,0.33719807863235474,0.4627309739589691,0.9739965796470642,0.3680981993675232,0.460115909576416,1.1283462047576904,0.1971500813961029
111,0.033234357833862305,0.6149322390556335,0.45527684688568115,0.011233747005462646,0.6134086847305298,0.7622193098068237,-0.3397499918937683,0.5649087429046631,1.0373164415359497,-0.09258875995874405,0.547574520111084,1.0680288076400757,-0.0771779865026474,0.5758138298988342,1.1654255390167236,-0.27309951186180115,0.4904528558254242,0.4185248911380768,-0.010863407514989376,0.45976439118385315,0.7834921479225159,0.012126549147069454,0.463581383228302,0.9358378052711487,0.5157771110534668,0.4827083647251129,0.9748781323432922,0.5638511180877686,0.4623344838619232,1.117103099822998,0.4308399558067322
112,0.03266429901123047,0.6155368685722351,0.4542804956436157,0.005939298775047064,0.6107688546180725,0.7818213701248169,-0.2655166685581207,0.572601318359375,1.05923330783844,0.023804614320397377,0.5583471059799194,1.0894218683242798,0.04048684984445572,0.5771020650863647,1.1827353239059448,-0.14949549734592438,0.5029412508010864,0.41954898834228516,-0.005591928493231535,0.4696735739707947,0.7824415564537048,0.03496376797556877,0.46928030252456665,0.9572130441665649,0.42875224351882935,0.48098224401474,0.9736930727958679,0.465082585811615,0.4634166359901428,1.125810146331787,0.31781673431396484
113,0.03327178955078125,0.6145839095115662,0.46260035037994385,0.0015659009804949164,0.6118911504745483,0.7845948934555054,-0.12617215514183044,0.5855603218078613,1.0486608743667603,0.14616641402244568,0.5721117258071899,1.0781172513961792,0.16338565945625305,0.5948401689529419,1.1653178930282593,-0.007666713558137417,0.4955562651157379,0.4457853436470032,-0.0010429290123283863,0.48233217000961304,0.7795451879501343,0.03376401588320732,0.4796009063720703,0.9606720209121704,0.2908283770084381,0.4895492494106293,1.0270644426345825,0.31492334604263306,0.4746529459953308,1.125111699104309,0.14867307245731354
114,0.03252863883972168,0.6217153668403625,0.44753748178482056,0.0001640136179048568,0.6202904582023621,0.7795264720916748,-0.13128317892551422,0.5961628556251526,1.0376989841461182,0.14365056157112122,0.5815966725349426,1.0671135187149048,0.16341060400009155,0.6135299801826477,1.1552740335464478,-0.01155143603682518,0.5128024816513062,0.40765631198883057,0.00024307824787683785,0.4959028363227844,0.7623491883277893,-0.012246879749000072,0.4966297149658203,1.0056899785995483,0.24269859492778778,0.5042556524276733,1.0407586097717285,0.2655532658100128,0.49472492933273315,1.1345596313476562,0.08353087306022644
115,0.031786441802978516,0.635971188545227,0.4005553126335144,0.0008398671634495258,0.636318564414978,0.7556617259979248,-0.16827407479286194,0.6074615716934204,0.9907740354537964,0.1444820761680603,0.5941132307052612,1.0578179359436035,0.16756421327590942,0.6324836015701294,1.1455720663070679,-0.00448868703097105,0.5172094106674194,0.3785320818424225,-0.0003069706435780972,0.5115925073623657,0.753349244594574,-0.04338882118463516,0.5207725763320923,1.0128192901611328,0.25714656710624695,0.5278687477111816,1.0424957275390625,0.2826993763446808,0.5179221034049988,1.135515570640564,0.09473292529582977
116,0.0322117805480957,0.6436805725097656,0.3801432251930237,0.0013121654046699405,0.6438484787940979,0.7030560970306396,-0.1854957640171051,0.6305296421051025,0.96773362159729,0.1324988454580307,0.6184009313583374,0.9656790494918823,0.1537339985370636,0.6491401791572571,1.1031557321548462,-0.023643048480153084,0.5225270986557007,0.3634413480758667,-0.0006787724560126662,0.5160998106002808,0.7183458805084229,-0.040224675089120865,0.5269280672073364,1.0070831775665283,0.24845090508460999,0.5334571003913879,1.0379878282546997,0.27197468280792236,0.5262253284454346,1.132826566696167,0.09185473620891571
117,0.032718658447265625,0.6386366486549377,0.39483198523521423,-0.016607161611318588,0.6385051608085632,0.7137555480003357,-0.06239788606762886,0.6424697637557983,0.9818963408470154,0.20038297772407532,0.6384361386299133,0.9985655546188354,0.22040660679340363,0.6507629752159119,1.1051076650619507,0.07222431898117065,0.5286298394203186,0.37486347556114197,0.017402896657586098,0.5249704122543335,0.7250402569770813,0.019753091037273407,0.5486130118370056,1.009275197982788,0.2513926029205322,0.5573526620864868,1.0348353385925293,0.2780127227306366,0.5474048852920532,1.1343915462493896,0.14325551688671112
118,0.03367042541503906,0.6422821283340454,0.4853779971599579,-0.012832294218242168,0.634162962436676,0.7828695178031921,0.008639171719551086,0.6424888372421265,1.0300570726394653,0.3062524199485779,0.6383362412452698,1.0577359199523926,0.3310217261314392,0.6498874425888062,1.1226176023483276,0.2034997045993805,0.524903416633606,0.4940764009952545,0.013582172803580761,0.5369855165481567,0.7856597304344177,0.025223508477211,0.5583065748214722,1.0555648803710938,0.2568988800048828,0.5637825727462769,1.0770400762557983,0.2837756872177124,0.5676991939544678,1.1718323230743408,0.15482476353645325
