time,ref_0,Velocity_0,Position_0,ref_1,Velocity_1,Position_1
1.7881393432617188e-05,0,0.2141027188319132,7.147341966629028e-05,0,-0.03287668757171557,-1.5854835510253906e-05
0.004489898681640625,0,0.12432343630728761,0.00022291764616966248,0,-0.04345650526930335,-3.129243850708008e-05
0.00947117805480957,0,-0.044201812291475275,0.0001893453299999237,0,0.01981178898910548,-6.181001663208008e-05
0.015032529830932617,0,-0.012646669321682645,0.00012362748384475708,0,0.04736145494327423,-6.151199340820312e-05
0.021620750427246094,0,0.06567505050946719,0.0001788809895515442,0,-0.00406304649933824,-4.309415817260742e-05
0.026476621627807617,0,-0.04236145257024872,0.0001734122633934021,0,-0.006965474505686207,-5.9217214584350586e-05
0.031627655029296875,0,-0.039754535478830795,0.0001516304910182953,0,0.02496126209104396,-5.266070365905762e-05
0.03740048408508301,0,0.11290974945284524,0.00012803077697753906,0,0.009817128282798007,-4.5180320739746094e-05
0.042906761169433594,0,-0.0073860085940475415,0.00017160549759864807,0,0.033668547573005934,-6.026029586791992e-05
0.04854297637939453,0,-0.029897384683220198,0.00016309693455696106,0,-0.015462085886511958,-6.261467933654785e-05
0.05492448806762695,0,0.00208785766479506,0.00015132129192352295,0,-0.005233359384710299,-4.863739013671875e-05
0.06095480918884277,0,-0.022881236889645294,0.00017442181706428528,0,-0.06492041884745801,-2.86102294921875e-05
0.06720280647277832,0,-0.016423913561923895,0.00015198439359664917,0,0.005580527399937347,-4.500150680541992e-05
0.07329607009887695,0,0.0645076477338843,0.0001552775502204895,0,0.012204620828588565,-7.218122482299805e-05
0.07904839515686035,0,-0.008819663191516081,0.00018267333507537842,0,-0.003548084340525888,-5.075335502624512e-05
0.08460712432861328,0,-0.0024501198858992265,0.00013491138815879822,0,-0.03603656429040721,-5.59687614440918e-05
0.09039592742919922,0,-0.03510244720925275,0.00015089288353919983,0,0.06028195619687026,-4.678964614868164e-05
0.09615015983581543,0,0.015722260015237306,0.00016344338655471802,0,-0.0020500602503810343,-5.27501106262207e-05
0.10213732719421387,0,-0.029095690946601,0.00014830753207206726,0,0.023275970223301638,-6.785988807678223e-05
0.10776758193969727,0,0.02847014132423405,0.00014899671077728271,0,-0.02969336905372176,-5.441904067993164e-05
0.11378788948059082,0,-0.02037084752185166,0.00017379969358444214,0,0.00536985951620296,-6.273388862609863e-05
0.11992812156677246,0,-0.03569344270658742,0.0001742132008075714,0,-0.009306143432513661,-3.254413604736328e-05
0.1261446475982666,0,0.02587785048777264,0.00015627965331077576,0,0.010449106698664301,-5.8650970458984375e-05
0.13231229782104492,0,-0.0034331779770717693,0.00016423314809799194,0,0.028355220331599134,-6.133317947387695e-05
0.13817119598388672,0,-0.015958677817273434,0.00015060603618621826,0,-0.010710549177364373,-3.5136938095092773e-05
0.14376091957092285,0,0.027212034701900447,0.00016246363520622253,0,0.033996235371089464,-7.045269012451172e-05
0.15018081665039062,0,-0.006654526147724693,0.00016088411211967468,0,-0.02000298653039338,-3.814697265625e-05
0.15615320205688477,0,-0.03126080677808024,0.00016959011554718018,0,0.03727317479448406,-4.240870475769043e-05
0.16164445877075195,0,-0.0010105850892110732,0.00017651915550231934,0,0.023369599906210892,-6.070733070373535e-05
0.16763710975646973,0,-0.02464841705979268,0.00015051662921905518,0,0.01796265907399371,-6.0051679611206055e-05
0.17350459098815918,0,0.033999962886355435,0.00015584751963615417,0,-0.07175518966881113,-6.252527236938477e-05
0.17928218841552734,0,0.03161539763964149,0.00017009302973747253,0,-0.019183765572266483,-8.553266525268555e-05
0.18490099906921387,0,-0.03193376664956009,0.00015928223729133606,0,0.038560539778403,-3.635883331298828e-05
0.1905982494354248,0,0.03376295552833336,0.00014758482575416565,0,-0.04699090949714049,-2.8371810913085938e-05
0.19611501693725586,0,-0.017834157812828964,0.0001626238226890564,0,0.010191638236926558,-4.7534704208374023e-05
0.2022559642791748,0,0.043672777226469894,0.0001516193151473999,0,0.01740089853155512,-5.272030830383301e-05
0.2084667682647705,0,0.02529852907671053,0.0001678764820098877,0,0.035775152532986805,-5.704164505004883e-05
0.21412444114685059,0,-0.03459041710400077,0.00016463175415992737,0,-0.04766969763424814,-3.4332275390625e-05
0.21999239921569824,0,0.017694282363597914,0.0001601986587047577,0,0.015434741021774294,-6.225705146789551e-05
0.2260911464691162,0,0.02955854067186418,0.0001569017767906189,0,-0.04865277565767951,-3.4332275390625e-05
0.23195695877075195,0,0.0010169987963677203,0.00013894587755203247,0,-0.009001846231599537,-6.210803985595703e-05
0.23846960067749023,0,0.04315780665587859,0.0001546703279018402,0,0.0013205014499000423,-5.6624412536621094e-05
0.2437586784362793,0,-0.023217705122040588,0.00015943869948387146,0,-0.03039556095426152,-5.161762237548828e-05
0.2500743865966797,0,-0.037048137032186554,0.00015353411436080933,0,-0.013308676325503015,-6.479024887084961e-05
0.25662970542907715,0,-0.001598703209548579,0.00014315545558929443,0,-0.019183759720594166,-3.5822391510009766e-05
0.2626223564147949,0,-0.0013353765837947908,0.0001297593116760254,0,0.022480138399426065,-5.7756900787353516e-05
0.268718957901001,0,0.012568201321746911,0.0001442842185497284,0,-0.0040162342179902505,-6.312131881713867e-05
0.27463603019714355,0,-0.06714915113453226,0.0001424923539161682,0,-0.05405973843366788,-3.11434268951416e-05
0.28046631813049316,0,0.0007360950727429674,0.0001339651644229889,0,0.049187162077018856,-5.2869319915771484e-05
0.2861490249633789,0,0.005048781547731082,0.0001506507396697998,0,0.018945716616571975,-3.8743019104003906e-05
0.2926504611968994,0,-0.011224729040733836,0.00013237446546554565,0,-0.009165725972134242,-4.374980926513672e-05
0.29885220527648926,0,0.039354202094767025,0.00014362111687660217,0,0.008342480526371283,-4.029273986816406e-05
0.3044443130493164,0,-0.04283838434494292,0.00017905235290527344,0,-0.0054908713682609,-6.0498714447021484e-05
0.30972909927368164,0,-0.013992564195034987,0.00014780834317207336,0,-0.056634491808195034,-4.0650367736816406e-05
0.31543779373168945,0,-0.048760276729816386,0.0001592189073562622,0,0.007546661868758423,-4.941225051879883e-05
0.32132482528686523,0,0.0462474779359462,0.00014920532703399658,0,-0.014689690010266244,-4.4286251068115234e-05
0.32669949531555176,0,0.0702510407063979,0.00014754757285118103,0,0.0187350637277479,-4.9114227294921875e-05
0.3319234848022461,0,-0.049172813776497404,0.00016257166862487793,0,-0.0031970019222482405,-4.6253204345703125e-05
0.33706092834472656,0,0.018179938981716864,0.0001493692398071289,0,0.07039362840574792,-6.237626075744629e-05
0.3421964645385742,0,-0.002605210048884175,0.00015717372298240662,0,0.052744990549141224,-6.41942024230957e-05
0.3475944995880127,0,-0.005264799322881349,0.0001621246337890625,0,0.03448776999405091,-2.8401613235473633e-05
0.35385632514953613,0,0.053957053287847966,0.00014857202768325806,0,-0.038915613402930406,-2.917647361755371e-05
0.3594791889190674,0,-0.029452686845484567,0.00018117576837539673,0,0.03778811610671378,-5.08725643157959e-05
0.3650670051574707,0,0.04188504744606305,0.00017507746815681458,0,-0.022179818872769468,-2.7358531951904297e-05
0.37073683738708496,0,-0.02945561853331542,0.00014586001634597778,0,0.010355475552836965,-4.312396049499512e-05
0.3767361640930176,0,0.04141983364518377,0.00015157833695411682,0,-0.021501032198579902,-6.282329559326172e-05
0.3821907043457031,0,-0.026003137717917235,0.0001642853021621704,0,-0.03020832792096843,-3.692507743835449e-05
0.3875119686126709,0,-0.04801420021273476,0.00016431882977485657,0,0.0052294204777818725,-5.599856376647949e-05
0.3935863971710205,0,0.06503134314790036,0.00015614554286003113,0,-0.009282722845523634,-4.0203332901000977e-05
0.3989224433898926,0,0.01259743188788875,0.00017346441745758057,0,0.07348332894417711,-3.0547380447387695e-05
0.40443968772888184,0,-0.0016894246113162525,0.0001543983817100525,0,-0.0033374245028409367,-3.933906555175781e-05
0.4093964099884033,0,-0.004047646360717795,0.00014557316899299622,0,-0.04813783141961363,-4.404783248901367e-05
0.41490674018859863,0,0.008495413250918833,0.00017958134412765503,0,0.011174721380571209,-7.104873657226562e-05
0.42058730125427246,0,0.019847649499982554,0.00018176808953285217,0,-0.015298246376224432,-4.780292510986328e-05
0.4261777400970459,0,-0.04475773286494143,0.00016659870743751526,0,-0.02217981448401523,-3.826618194580078e-05
0.43160033226013184,0,0.04055088078695219,0.000173225998878479,0,-0.019651887654287343,-5.412101745605469e-05
0.43720340728759766,0,-0.010777060016379214,0.00015935301780700684,0,0.040807593651501994,-5.504488945007324e-05
0.44281601905822754,0,0.014701122715055718,0.0001728646457195282,0,-0.009704043983811615,-2.6971101760864258e-05
0.44834184646606445,0,0.009399508327250571,0.00017947331070899963,0,-0.005607868241650291,-5.942583084106445e-05
0.4537062644958496,0,0.016269373821866273,0.00017736107110977173,0,0.037179553889083276,-5.879998207092285e-05
0.458890438079834,0,-0.025853884963798087,0.000157821923494339,0,0.014521868436966954,-4.9591064453125e-05
0.46469545364379883,0,0.02482160315368864,0.00016750767827033997,0,-0.0018862216544173083,-6.151199340820312e-05
0.4700314998626709,0,-0.05985208649678608,0.0001617521047592163,0,0.0138898907525597,-5.334615707397461e-05
0.47555041313171387,0,-0.01720508694664521,0.00016114488244056702,0,-0.014081095608437996,-3.74913215637207e-05
0.4810917377471924,0,-0.03806629290532259,0.00016473978757858276,0,0.0147325374178899,-4.6581029891967773e-05
0.4868783950805664,0,-0.03298996717026555,0.0001646280288696289,0,-0.04860597105665144,-5.930662155151367e-05
0.492565393447876,0,0.01307732753461155,0.00014723092317581177,0,0.017377493305204925,-7.677078247070312e-05
0.4983327388763428,0,-0.015815305993832934,0.00015650317072868347,0,-0.009961512445549357,-6.407499313354492e-05
0.50372314453125,0,-0.03330009995139787,0.00017651915550231934,0,-0.031589293329435046,-5.060434341430664e-05
0.5096845626831055,0,0.01371515981717203,0.00015484914183616638,0,0.0381158331631589,-6.034970283508301e-05
0.5154871940612793,0,-0.010282554206798774,0.0001709870994091034,0,0.040550131772895605,-4.121661186218262e-05
0.5206918716430664,0,-0.018887441274884367,0.0001598745584487915,0,-0.02749311978165084,-4.8726797103881836e-05
0.5256407260894775,0,-0.006944181001583434,0.00015097856521606445,0,0.003567556511619973,-3.0308961868286133e-05
0.530630350112915,0,0.008831926102315537,0.00016269832849502563,0,-0.05462147556941721,-4.3392181396484375e-05
0.5356783866882324,0,0.03639915731386205,0.00015421956777572632,0,-0.006099413836497334,-2.8789043426513672e-05
0.5406355857849121,0,-0.02554664583462656,0.00015569105744361877,0,-0.014970546874796271,-4.461407661437988e-05
0.5471522808074951,0,-0.03422466710333087,0.00018765032291412354,0,-0.022015967659137308,-3.6269426345825195e-05
0.5533967018127441,0,-0.023908170271256943,0.00014904141426086426,0,0.001297094120605108,-4.851818084716797e-05
0.5586605072021484,0,0.012082538120496603,0.00014061108231544495,0,-0.006473919401871648,-4.00543212890625e-05
0.5639305114746094,0,0.027443181610096977,0.00016787275671958923,0,0.008717028516369895,-6.303191184997559e-05
0.569180965423584,0,-0.039596502290399876,0.00018461421132087708,0,0.03652417244124391,-4.4912099838256836e-05
0.5744218826293945,0,-0.01575387367493027,0.00014147907495498657,0,-0.04614824527679334,-4.500150680541992e-05
0.5800197124481201,0,-0.017995064172367556,0.0001623108983039856,0,0.055389969843145516,-5.7756900787353516e-05
0.5854177474975586,0,-0.01329032401819861,0.0001386404037475586,0,-0.01548549257578023,-6.532669067382812e-05
0.5905570983886719,0,-0.045573997265630134,0.00015921518206596375,0,-0.020237065126420758,-4.208087921142578e-05
0.595644474029541,0,0.002321945038330915,0.00016836822032928467,0,0.03165556059258969,-3.871321678161621e-05
0.6010158061981201,0,-0.03873046941665451,0.00016768276691436768,0,0.0053698492757764055,-3.5196542739868164e-05
0.6060926914215088,0,0.01608800123839873,0.00013764947652816772,0,0.03781151401847358,-5.078315734863281e-05
0.6115150451660156,0,0.07793432742041526,0.0001347772777080536,0,0.023861127214581945,-5.131959915161133e-05
0.617661714553833,0,0.004803054100768018,0.00015082955360412598,0,0.04960848833552012,-3.9964914321899414e-05
0.6230120658874512,0,-0.006964657465938936,0.00015567615628242493,0,-0.050712587719976936,-4.5686960220336914e-05
0.6285486221313477,0,-0.034947348634488846,0.00013525038957595825,0,0.02269079567700438,-3.471970558166504e-05
0.6348857879638672,0,0.017694292604024466,0.00015502795577049255,0,0.0042463292880877855,-5.4389238357543945e-05
0.6406540870666504,0,-0.07216983916919861,0.00015709176659584045,0,0.01784561538722578,-4.991888999938965e-05
0.6461899280548096,0,0.021176036169762227,0.0001444108784198761,0,0.00892766238725894,-6.014108657836914e-05
0.6519196033477783,0,0.004712349522558256,0.00015346333384513855,0,0.019577701615569622,-4.4733285903930664e-05
0.6573736667633057,0,-0.05282714802847287,0.00017230957746505737,0,-0.029646567378529845,-3.8176774978637695e-05
0.6626427173614502,0,-0.01460695760412945,0.00013395771384239197,0,0.06290349369157239,-5.942583084106445e-05
0.6678981781005859,0,-0.006715984067693747,0.00014952197670936584,0,-0.00020094455300434798,-4.8667192459106445e-05
0.6735332012176514,0,-0.03439146024522043,0.00014188885688781738,0,0.014030322110660872,-3.153085708618164e-05
0.6791608333587646,0,0.025623291038635525,0.0001428760588169098,0,0.0033100620830863237,-6.765127182006836e-05
0.684502124786377,0,0.009367346073277882,0.0001757107675075531,0,-0.008908225326198756,-6.142258644104004e-05
0.6901345252990723,0,-0.040298726375137386,0.00014702603220939636,0,-0.025924892081529555,-2.625584602355957e-05
0.6955771446228027,0,-0.014235385189504067,0.00014935806393623352,0,-0.00867415843351601,-3.2842159271240234e-05
0.701200008392334,0,-9.189153622275621e-05,0.00018617510795593262,0,0.047080568820382626,-5.3435564041137695e-05
0.7068681716918945,0,-0.07165785295148902,0.00016976892948150635,0,-0.026931385571737677,-4.470348358154297e-05
0.7121069431304932,0,-0.01209953357128249,0.00015106797218322754,0,-0.032806464578074596,-5.08725643157959e-05
0.7174975872039795,0,0.03933373587083808,0.00016118213534355164,0,0.032732265373094156,-5.352497100830078e-05
0.722667932510376,0,-0.06043728883852685,0.00018171221017837524,0,0.003333461092034682,-5.984306335449219e-05
0.7282891273498535,0,0.023083631605911908,0.00015174970030784607,0,-0.07887083490971124,-5.429983139038086e-05
0.7341530323028564,0,0.04143740621715193,0.00017760694026947021,0,0.020092648779471662,-4.729628562927246e-05
0.7395217418670654,0,-0.04714522102197776,0.00014787539839744568,0,0.004339943244627691,-5.46872615814209e-05
0.744887113571167,0,-0.0016689411980998735,0.0001365654170513153,0,-0.015672785588714568,-5.003809928894043e-05
0.750014066696167,0,0.008615379116550097,0.00017414242029190063,0,0.028682890574665713,-3.2901763916015625e-05
0.7555170059204102,0,-0.02583927918969468,0.00016366690397262573,0,-0.008814629290405322,-2.7298927307128906e-05
0.7613353729248047,0,0.0010257436634836796,0.0001627989113330841,0,-0.06548222620327514,-4.798173904418945e-05
0.7667467594146729,0,-0.017989256387592866,0.00015222281217575073,0,0.015785800399092196,-6.684660911560059e-05
0.7722880840301514,0,0.07404585020401692,0.00013274326920509338,0,-0.002682077250711669,-5.987286567687988e-05
0.777815580368042,0,-0.013240622839373587,0.00014776736497879028,0,0.009278742245429948,-3.129243850708008e-05
0.7835032939910889,0,-0.01865634849465677,0.00018161162734031677,0,-0.02866350691011542,-4.965066909790039e-05
0.7888774871826172,0,-0.013120670871464075,0.0001630038022994995,0,0.027114627764510527,-4.762411117553711e-05
0.7945301532745361,0,0.00043765251569826053,0.00014409422874450684,0,-0.004788699582844729,-4.598498344421387e-05
0.8004155158996582,0,0.0010198953741646693,0.00015430524945259094,0,0.03448772903234469,-5.3316354751586914e-05
0.8058712482452393,0,0.018920163826481415,0.0001441463828086853,0,-0.045516343664126206,-3.713369369506836e-05
0.8111412525177002,0,0.0007068398198585426,0.00015589222311973572,0,0.008857402820665975,-4.4286251068115234e-05
0.8164935111999512,0,0.03514100095231376,0.00014956295490264893,0,-0.015134459530987762,-5.3822994232177734e-05
0.8218181133270264,0,-0.01846616768143396,0.00016724690794944763,0,0.04785294275285715,-7.012486457824707e-05
0.827336311340332,0,0.011239848299083064,0.00017017126083374023,0,0.04576975033381687,-5.143880844116211e-05
0.8323540687561035,0,-0.05071180944755877,0.0001455172896385193,0,-0.06187762531432244,-4.4345855712890625e-05
0.8379189968109131,0,0.028824117760202005,0.00016411766409873962,0,0.05145758752935222,-5.796551704406738e-05
0.843264102935791,0,-0.04387706495873108,0.00013966858386993408,0,0.017400844403586187,-5.3375959396362305e-05
0.8488719463348389,0,0.008003860341481392,0.00015191733837127686,0,0.045488875914269894,-6.872415542602539e-05
0.8543286323547363,0,0.05677753593798578,0.00016617774963378906,0,0.02079481581040408,-6.321072578430176e-05
0.8598923683166504,0,0.014900037149211754,0.00016285106539726257,0,0.03547081583328454,-5.7309865951538086e-05
0.8654956817626953,0,0.04360542447810044,0.00014292076230049133,0,0.010659721551618314,-6.559491157531738e-05
0.8709120750427246,0,0.024306610639326143,0.00015357136726379395,0,-0.008323110028083705,-5.072355270385742e-05
0.876328706741333,0,0.004492847808002214,0.0001558065414428711,0,-0.014385436696894498,-5.4717063903808594e-05
0.8815081119537354,0,-0.03994182995468321,0.00017928332090377808,0,0.05321308337280049,-6.747245788574219e-05
0.8868801593780518,0,0.02612061881719087,0.00016294047236442566,0,0.04389721811819106,-5.2481889724731445e-05
0.8921017646789551,0,-0.02626356346855222,0.0001678168773651123,0,0.034440906876299665,-4.4465065002441406e-05
0.8969235420227051,0,-0.003354261592744742,0.00014456361532211304,0,-0.010242462205377417,-5.218386650085449e-05
0.9028186798095703,0,0.011348059617947416,0.00014926493167877197,0,0.044576003329462544,-6.762146949768066e-05
0.9081635475158691,0,0.02293437300012044,0.00015382468700408936,0,0.002350339546790451,-4.3272972106933594e-05
0.9143772125244141,0,0.005961609513537007,0.0001529976725578308,0,-0.024286482349473507,-5.200505256652832e-05
0.9205067157745361,0,-0.0016718933667838347,0.00016017630696296692,0,0.026669888965068674,-5.1409006118774414e-05
0.9271664619445801,0,0.036890633420100336,0.00015437230467796326,0,0.031866173982625624,-4.565715789794922e-05
0.9330799579620361,0,-0.03737879747980715,0.00016083195805549622,0,0.0005948287998642439,-5.117058753967285e-05
0.9385240077972412,0,0.04088732561265821,0.00014334917068481445,0,-0.006005859128139639,-3.9249658584594727e-05
0.9446656703948975,0,-0.0029007306556464957,0.00017806515097618103,0,0.028659448775363538,-4.023313522338867e-05
0.9508700370788574,0,0.06362108426781451,0.00014687702059745789,0,0.06344179487969184,-6.097555160522461e-05
0.9567646980285645,0,0.0023072641068111895,0.00017112493515014648,0,-0.037838964213312946,-3.477931022644043e-05
0.9623456001281738,0,-0.030953637868976515,0.0001484416425228119,0,0.021520396845195165,-6.902217864990234e-05
0.9682629108428955,0,0.04183532286054876,0.00013262778520584106,0,0.047899741502212906,-7.405877113342285e-05
0.9741575717926025,0,0.0419026200180312,0.0001558735966682434,0,0.005252751461039545,-3.6597251892089844e-05
0.98020339012146,0,-0.01477375952352749,0.00017304345965385437,0,-0.026837831960568544,-4.8607587814331055e-05
0.9858493804931641,0,-0.0030733414570077878,0.00014020875096321106,0,-0.05239793956736051,-3.3468008041381836e-05
0.9914987087249756,0,-0.026090889395984,0.00016956403851509094,0,-0.007457092514978172,-4.51207160949707e-05
0.9970552921295166,0,0.013940405313836795,0.00016018003225326538,0,0.04593356497449705,-5.3316354751586914e-05
1.0028977394104004,0,0.0006746556678308551,0.00015665218234062195,0,-0.017007031245401708,-4.9442052841186523e-05
1.0087528228759766,0,0.025871952002077033,0.00014358386397361755,0,-0.02105637824838665,-6.699562072753906e-05
1.0142333507537842,0,-0.04283253267262585,0.0001581348478794098,0,-0.019651978355208256,-4.106760025024414e-05
1.0199732780456543,0,0.012480399904465455,0.00016134604811668396,0,-0.046733514912765756,-5.379319190979004e-05
1.0264630317687988,0,-0.01548473917296941,0.00015532970428466797,0,-0.04057756733855418,-5.5670738220214844e-05
1.0324954986572266,0,0.060358788654393376,0.00015606358647346497,0,-0.038588010454095475,-4.202127456665039e-05
1.0384490489959717,0,-0.023463500228964814,0.00016407668590545654,0,0.028214686569232414,-5.689263343811035e-05
1.0444750785827637,0,0.019438038289460065,0.00015428289771080017,0,-0.007761394104646535,-4.5627355575561523e-05
1.0506136417388916,0,-0.020101705705300406,0.00016983970999717712,0,0.014334521296063683,-4.2945146560668945e-05
1.0568344593048096,0,-0.00439288551845733,0.00015904754400253296,0,-0.02337366242971702,-6.315112113952637e-05
1.0632317066192627,0,0.0015085378080834065,0.0001263245940208435,0,-0.006403807590004689,-4.8488378524780273e-05
1.0691065788269043,0,0.011371537990201573,0.000139530748128891,0,-0.0084401844361313,-7.036328315734863e-05
1.075333595275879,0,0.015298016698085988,0.00014878436923027039,0,0.0066805360997150235,-4.51505184173584e-05
1.081770658493042,0,-0.0072396933794315575,0.00015403330326080322,0,0.00984043841947305,-5.608797073364258e-05
1.0873620510101318,0,0.003018284352229808,0.0001338571310043335,0,-0.006965557160557684,-5.748867988586426e-05
1.0934391021728516,0,-0.03433879226853066,0.00014164671301841736,0,-0.007644350417878607,-4.5180320739746094e-05
1.09977126121521,0,0.05195290818430281,0.00014123320579528809,0,-0.0377687529230166,-5.093216896057129e-05
1.1059753894805908,0,0.03669467261754634,0.00014903023838996887,0,-0.00010738757026620232,-4.6193599700927734e-05
1.1122267246246338,0,0.027908392485140092,0.00016144290566444397,0,0.03406638814466264,-4.06801700592041e-05
1.1185901165008545,0,0.025199065276501155,0.00017112493515014648,0,0.04860194510609729,-6.93202018737793e-05
1.124845027923584,0,-0.00784240831349923,0.0001518353819847107,0,-0.0006691320548930621,-3.299117088317871e-05
1.1313552856445312,0,-0.021646493069037594,0.00015629082918167114,0,-0.011600053840232539,-5.1409006118774414e-05
1.1375017166137695,0,-0.017585435406828116,0.00018240883946418762,0,-0.03205749440903219,-5.042552947998047e-05
1.1435775756835938,0,-0.04349956187421235,0.00016188248991966248,0,-0.008252899469246398,-6.142258644104004e-05
1.1494696140289307,0,-0.03915762979245589,0.00015939027070999146,0,-0.003220461276567369,-5.626678466796875e-05
1.1558804512023926,0,-0.026968593430165756,0.0001710653305053711,0,-0.012349072285571564,-3.74913215637207e-05
1.1623282432556152,0,-0.03556177715361722,0.0001568123698234558,0,0.019975562668079438,-5.728006362915039e-05
1.1680948734283447,0,-0.022029768828297117,0.0001554936170578003,0,0.031023518539786948,-5.6624412536621094e-05
1.1739509105682373,0,-0.016695975362961368,0.0001623593270778656,0,-0.04841879654008153,-3.218650817871094e-05
1.179464340209961,0,-0.0181706011756169,0.0001231655478477478,0,0.0393328873783521,-5.033612251281738e-05
1.1852807998657227,0,0.03349381078594595,0.00017086416482925415,0,-0.010429738394753843,-5.6177377700805664e-05
1.1904571056365967,0,-0.019417005916234444,0.0001548975706100464,0,-0.007667746135261287,-2.6851892471313477e-05
1.1955347061157227,0,0.026141193297057684,0.0001502782106399536,0,-0.0090955461345766,-4.616379737854004e-05
1.2009177207946777,0,-0.032647638488044715,0.0001659989356994629,0,0.007499805334138535,-4.598498344421387e-05
1.206470251083374,0,0.015406297505559106,0.00014236196875572205,0,0.011455530700263658,-2.8818845748901367e-05
1.2128098011016846,0,0.006538079331533108,0.00016037002205848694,0,-0.051368033536211805,-3.0428171157836914e-05
1.2185747623443604,0,-0.03114961915238362,0.00017734244465827942,0,-0.023420437772383507,-3.2901763916015625e-05
1.224266767501831,0,-0.014443102001743053,0.00013372302055358887,0,0.016066644097359507,-5.078315734863281e-05
1.2298438549041748,0,0.06553463963221912,0.0001424551010131836,0,0.03200659948905448,-3.8057565689086914e-05
1.2350668907165527,0,-0.005299857788921467,0.00015752017498016357,0,-0.006333561921133479,-4.336237907409668e-05
1.2407433986663818,0,0.004089151175274203,0.00014471635222434998,0,0.038700915545617165,-5.5342912673950195e-05
1.2460546493530273,0,0.03531952377136289,0.00014810636639595032,0,0.000922519889513449,-2.855062484741211e-05
1.2514307498931885,0,-0.027705915845461043,0.00015694275498390198,0,-0.034608838168454906,-3.7610530853271484e-05
1.2569146156311035,0,-0.0038223108945911553,0.00013991817831993103,0,-0.014081171680178119,-4.0143728256225586e-05
1.2622783184051514,0,0.03261020534023243,0.00014081597328186035,0,0.024188774050959254,-2.682209014892578e-05
1.2675528526306152,0,-0.02707393523521763,0.00014852359890937805,0,0.03678156409978249,-3.2007694244384766e-05
1.2730631828308105,0,-0.026822313325583675,0.00013768300414085388,0,-0.014362056340151651,-4.693865776062012e-05
1.278958797454834,0,-0.013881332681795986,0.0001358725130558014,0,-0.016023932741117224,-2.6166439056396484e-05
1.2844393253326416,0,-0.009656434777839944,0.00015658512711524963,0,-0.0013713429733678538,-4.6133995056152344e-05
1.2899253368377686,0,-0.024984888218024127,0.00014120712876319885,0,0.001788560717875871,-2.676248550415039e-05
1.2957332134246826,0,0.005259481249933693,0.0001324675977230072,0,-0.04958913100349525,-2.8192996978759766e-05
1.300811767578125,0,0.0065819624851568845,0.0001462101936340332,0,0.04015210979939707,-6.449222564697266e-05
1.3062782287597656,0,0.04805275980746809,0.00013953447341918945,0,0.02908074577550321,-3.516674041748047e-05
1.3117363452911377,0,-0.014255852876351094,0.00015636906027793884,0,-0.03182345970054718,-2.8818845748901367e-05
1.31718111038208,0,0.001493928742414325,0.00013325735926628113,0,-0.012887451008349227,-3.3974647521972656e-05
1.322798490524292,0,0.01424180301111781,0.0001343861222267151,0,-0.001301138906229522,-3.5136938095092773e-05
1.3285276889801025,0,0.03634650104051691,0.00013870373368263245,0,-0.004086536209207513,-5.3763389587402344e-05
1.3338887691497803,0,0.019335696929388777,0.0001386702060699463,0,0.02053729834091068,-4.1872262954711914e-05
1.3394365310668945,0,0.013033434140561217,0.00014224275946617126,0,-0.024263110770239137,-4.9680471420288086e-05
1.344827651977539,0,0.006368376445583879,0.00018365681171417236,0,0.022480052087259388,-6.80387020111084e-05
1.350405216217041,0,-0.059272753382379334,0.00016180425882339478,0,-0.0028693982419542717,-2.6166439056396484e-05
1.3560740947723389,0,0.0031499745919425985,0.00015567615628242493,0,-0.0140109794078168,-5.3048133850097656e-05
1.3613672256469727,0,-0.01023279597416866,0.00014859437942504883,0,-0.017241114230183326,-4.9680471420288086e-05
1.3668112754821777,0,-0.01592939604899882,0.0001365281641483307,0,-0.04703783405745107,-5.105137825012207e-05
1.3725473880767822,0,0.08184621132608186,0.00012979656457901,0,0.0010395078939619846,-5.4389238357543945e-05
1.3780298233032227,0,-0.02974225392425855,0.00015688687562942505,0,-0.0351004254564672,-4.544854164123535e-05
1.383408784866333,0,-0.01836367710371858,0.0001406744122505188,0,-0.03563877930963752,-5.105137825012207e-05
1.3889169692993164,0,0.07060222882050679,0.00013580545783042908,0,0.02578037918198723,-4.0471553802490234e-05
1.3941779136657715,0,-0.029285829335199513,0.00018080323934555054,0,0.02002233215907361,-2.9474496841430664e-05
1.3995370864868164,0,0.008059548512545816,0.00014416873455047607,0,-0.019137057523831644,-6.392598152160645e-05
1.4048936367034912,0,0.02178757542568404,0.00014953315258026123,0,-0.03514723298333144,-5.415081977844238e-05
1.4110524654388428,0,-0.024572307283800724,0.0001577921211719513,0,0.0402691256907215,-4.792213439941406e-05
1.4169163703918457,0,0.021696864264342922,0.00015687942504882812,0,0.006352830015155507,-3.001093864440918e-05
1.4222533702850342,0,-0.004190933700639216,0.00014979392290115356,0,-0.022554442934508204,-3.421306610107422e-05
1.4277753829956055,0,-0.009676892955719456,0.00017299875617027283,0,-0.060028549527179606,-4.1097402572631836e-05
1.4331672191619873,0,0.019759946098212407,0.0001451931893825531,0,0.03746032005269239,-4.7326087951660156e-05
1.4387786388397217,0,0.008954837553499406,0.00016814842820167542,0,-0.024005648891632748,-5.3554773330688477e-05
1.443920373916626,0,-0.012523725686301031,0.0001734606921672821,0,-0.006286791698680268,-3.921985626220703e-05
1.4490234851837158,0,0.02995649242529491,0.00015185773372650146,0,-0.010570207057266036,-4.890561103820801e-05
1.4543745517730713,0,0.0292104012790325,0.0001464150846004486,0,0.0313979933838816,-6.747245788574219e-05
1.460541009902954,0,0.011980151409964853,0.00014298036694526672,0,0.0021396182665461704,-2.9206275939941406e-05
1.4663763046264648,0,-0.003930550374628534,0.00015406310558319092,0,-0.019441343021401134,-3.316998481750488e-05
1.471935510635376,0,0.012231778439812081,0.0001441948115825653,0,0.0038014928388641444,-6.765127182006836e-05
1.4771268367767334,0,0.0013096343458129664,0.00016850978136062622,0,-0.07610895090615653,-4.4226646423339844e-05
1.4831647872924805,0,-0.00219260022202871,0.00015198439359664917,0,0.020982003493236707,-4.240870475769043e-05
1.488882064819336,0,0.047248178270560416,0.0001460835337638855,0,0.01566869234392878,-5.1528215408325195e-05
1.494279384613037,0,-0.00601959227160876,0.00017975270748138428,0,-0.017404958129225087,-3.8683414459228516e-05
1.4994466304779053,0,0.03651621416689269,0.00016704946756362915,0,0.019975527558045533,-3.9637088775634766e-05
1.5054020881652832,0,-0.024861979692676412,0.00016072764992713928,0,0.011432085975125322,-4.398822784423828e-05
1.5113158226013184,0,-0.012190166466506367,0.0001557953655719757,0,0.004058973369676041,-2.6553869247436523e-05
1.5167839527130127,0,-0.001569379930973468,0.0001531057059764862,0,-0.005233500556304948,-5.1349401473999023e-05
1.5220143795013428,0,-0.05692620352487323,0.00017539039254188538,0,0.024118485226004703,-6.365776062011719e-05
1.5269713401794434,0,0.0077933003479553516,0.0001373104751110077,0,0.029782902566009066,-4.506111145019531e-05
1.5330164432525635,0,0.01688678815679442,0.00017100200057029724,0,-0.015345194343224273,-3.6597251892089844e-05
1.5384743213653564,0,0.012600427944115089,0.00015356764197349548,0,0.016487904524547202,-3.8564205169677734e-05
1.5434980392456055,0,0.02219717932161613,0.00014103204011917114,0,-0.04242673090078178,-4.3958425521850586e-05
1.5490856170654297,0,0.022884744967199378,0.00016237422823905945,0,0.0303212622708517,-5.1915645599365234e-05
1.5556917190551758,0,0.06745985152787934,0.00015801191329956055,0,-0.0584134996710133,-5.671381950378418e-05
1.5609829425811768,0,-0.0285456161937796,0.0001475401222705841,0,0.04258636452159141,-4.863739013671875e-05
1.5672764778137207,0,0.021050241307044124,0.00015680119395256042,0,-0.019652017853996395,-3.832578659057617e-05
1.5738515853881836,0,0.029494210312246485,0.00018192827701568604,0,0.03727304898352924,-4.652142524719238e-05
1.5817925930023193,0,-0.008582625843673383,0.00015487521886825562,0,-0.005631411348029457,-6.836652755737305e-05
1.589564561843872,0,0.0033109113070313384,0.0001435987651348114,0,0.012813064549854649,-3.8176774978637695e-05
1.596832513809204,0,0.013489892376736076,0.0001307949423789978,0,-0.002822601504110874,-4.8667192459106445e-05
1.6040716171264648,0,-0.028367116781419736,0.00017544254660606384,0,-0.02353752827252997,-5.307793617248535e-05
1.6111719608306885,0,-0.0072513579567365935,0.00015894323587417603,0,0.029104111503065265,-5.3822994232177734e-05
1.6183252334594727,0,0.035032826937860424,0.00018381699919700623,0,-0.0022608641854967933,-4.094839096069336e-05
1.625525712966919,0,-0.024692278269645266,0.00014854222536087036,0,-0.0026587790002460202,-5.218386650085449e-05
1.6325867176055908,0,0.018220969445086072,0.0001447238028049469,0,0.03151497416517212,-3.883242607116699e-05
1.639408826828003,0,0.021208234996686896,0.0001835748553276062,0,-0.011881027738208908,-5.155801773071289e-05
1.6465826034545898,0,-0.0037988807986336125,0.00015249103307724,0,0.00017342616103858068,-3.215670585632324e-05
1.6531739234924316,0,-0.04133444019106079,0.00015913322567939758,0,0.0411819514621503,-3.159046173095703e-05
1.6607210636138916,0,0.0463938341122684,0.00014054030179977417,0,0.024095077073818354,-4.807114601135254e-05
1.6683309078216553,0,0.02196894800915158,0.00014863908290863037,0,0.007218859963064714,-5.492568016052246e-05
1.6758925914764404,0,-0.039818857060940016,0.00015766918659210205,0,0.023697157504585363,-3.209710121154785e-05
1.6829006671905518,0,0.006979888637521225,0.0001521371304988861,0,-0.04638247309046481,-2.905726432800293e-05
1.6914207935333252,0,0.002696465964345061,0.00016448646783828735,0,0.05110641111858798,-5.397200584411621e-05
1.7002768516540527,0,0.007992224291078901,0.00012418627738952637,0,-0.0405307773667069,-5.194544792175293e-05
1.7090222835540771,0,-0.015332540101838614,0.00018021836876869202,0,-0.031285132179902295,-5.1409006118774414e-05
1.7177786827087402,0,-0.018337378225407597,0.0001642666757106781,0,0.013655715603939089,-3.9696693420410156e-05
1.7263052463531494,0,0.0028807846819594875,0.00017335638403892517,0,-0.008791310376221804,-5.85019588470459e-05
1.7348864078521729,0,0.057749001317703934,0.0001409091055393219,0,0.03462810187372269,-5.0693750381469727e-05
1.7437829971313477,0,-0.048534931754722226,0.00015739351511001587,0,0.000664992133877306,-5.233287811279297e-05
1.7522804737091064,0,0.030213945526392817,0.00015072524547576904,0,-0.030348876312515947,-4.5239925384521484e-05
1.760376214981079,0,-0.052856394686713576,0.0001840144395828247,0,0.048672103731342786,-5.2481889724731445e-05
1.768890142440796,0,0.047768956625926416,0.00014160573482513428,0,0.03315346874647676,-6.723403930664062e-05
1.778047800064087,0,0.0015904812442135775,0.0001606568694114685,0,0.018734946694301556,-3.731250762939453e-05
1.7870028018951416,0,0.006453228620017532,0.00016564130783081055,0,-0.016913451301707145,-6.681680679321289e-05
1.795158863067627,0,-0.029335603659928502,0.00016984343528747559,0,-0.020658524510467232,-6.341934204101562e-05
1.803736686706543,0,0.005862203132862244,0.00014103204011917114,0,-0.027914595257796184,-4.303455352783203e-05
1.812396764755249,0,-0.0306698025032371,0.0001603253185749054,0,-0.03109791084995384,-5.137920379638672e-05
1.8209333419799805,0,0.02535996578436743,0.00014246627688407898,0,-0.027469885716715922,-5.08725643157959e-05
1.8302547931671143,0,-0.018390062294196246,0.00018364191055297852,0,-0.04954239369669883,-4.801154136657715e-05
1.8390307426452637,0,-0.022038593150151255,0.00014924630522727966,0,-0.04179479417808074,-5.188584327697754e-05
1.8487646579742432,0,-0.03736997608378917,0.0001577809453010559,0,-0.022671537823408902,-5.289912223815918e-05
1.857170820236206,0,0.050033524554270396,0.0001404397189617157,0,0.04476312810681777,-5.933642387390137e-05
1.865220546722412,0,-0.04318947883229472,0.00014461204409599304,0,0.03446418190294081,-2.6732683181762695e-05
1.8727412223815918,0,0.014502160004603066,0.00012818723917007446,0,-0.015649529580008457,-5.033612251281738e-05
1.881812572479248,0,-0.018530524373577082,0.00015938282012939453,0,0.010097828615093552,-3.510713577270508e-05
1.890439748764038,0,-0.018287688749927207,0.00012626871466636658,0,-0.04088193914829035,-5.4717063903808594e-05
1.8987705707550049,0,-0.025163405185400937,0.00017477571964263916,0,-0.0025885967854464976,-3.37064266204834e-05
1.9068107604980469,0,0.0027578487268977918,0.0001444406807422638,0,0.05501525215464971,-5.3822994232177734e-05
1.9145095348358154,0,0.0818197968772426,0.00013317912817001343,0,-0.03364929849691894,-3.910064697265625e-05
1.923577070236206,0,-0.08823565818076143,0.00015874579548835754,0,0.03586856862985648,-6.753206253051758e-05
1.9330666065216064,0,0.003743863741238053,0.00015168264508247375,0,0.01311726958692978,-4.610419273376465e-05
1.9436850547790527,0,-0.05366397227984759,0.00016324222087860107,0,0.007944386869886865,-3.1381845474243164e-05
1.9545135498046875,0,0.01182500821619953,0.00014734268188476562,0,0.02297149600929992,-6.181001663208008e-05
1.9651265144348145,0,0.014783037349986204,0.00012708082795143127,0,-0.008323239496333722,-5.581974983215332e-05
1.9761343002319336,0,-0.019229819696319893,0.00016980990767478943,0,0.0084359507512099,-5.1140785217285156e-05
1.986860990524292,0,0.005104359268480521,0.00015073269605636597,0,0.008646594131066459,-6.270408630371094e-05
1.997460126876831,0,-0.0008409453830363932,0.00013894587755203247,0,0.04841455992932397,-6.80088996887207e-05
2.00821590423584,0,-0.047698204055940746,0.00013655796647071838,0,-0.0448142892778859,-3.4362077713012695e-05
2.0190248489379883,0,-0.005414011481023802,0.00014356523752212524,0,0.0424458512400778,-4.3839216232299805e-05
2.0298357009887695,0,0.041475450864721354,0.000140458345413208,0,0.0031694303052082922,-3.966689109802246e-05
2.0402700901031494,0,-0.025473540892369417,0.00015939399600028992,0,-0.00034158769135558863,-4.9442052841186523e-05
2.0512194633483887,0,-0.06634747202709386,0.00016778334975242615,0,5.631870590015872e-05,-5.957484245300293e-05
2.0617575645446777,0,0.016521005971926777,0.00013873353600502014,0,-0.016609246264632015,-4.836916923522949e-05
2.071647882461548,0,-0.014261725029521272,0.00015223026275634766,0,-0.014923964637316248,-5.295872688293457e-05
2.0814766883850098,0,-0.004861012720691464,0.00012424960732460022,0,0.021075508828109227,-6.788969039916992e-05
2.0908749103546143,0,0.020590839679693777,0.00015337392687797546,0,-0.007433837969190142,-4.336237907409668e-05
2.1009464263916016,0,-0.04903235608587081,0.00016289949417114258,0,-0.006006032118202513,-5.21242618560791e-05
2.111581563949585,0,0.023259212496703634,0.00014213472604751587,0,0.03785811381097055,-3.3527612686157227e-05
2.1222243309020996,0,0.019707248863161046,0.0001491941511631012,0,0.03837305219736412,-6.181001663208008e-05
2.1326050758361816,0,0.022387308932706167,0.0001623108983039856,0,0.006422925003464553,-5.418062210083008e-05
2.143063545227051,0,-0.01709685148963255,0.00013138353824615479,0,0.016979342594915417,-4.461407661437988e-05
2.1538805961608887,0,0.0043904907215615695,0.00018197298049926758,0,0.017611334908503466,-3.984570503234863e-05
2.164551019668579,0,0.0640453714725082,0.00012857839465141296,0,-0.005795348142369253,-4.7594308853149414e-05
2.1752116680145264,0,-0.02750990822952851,0.0001339055597782135,0,-0.051368173976347416,-4.953145980834961e-05
2.1859376430511475,0,-0.038344273672908775,0.00015694275498390198,0,-0.01038307203948426,-5.143880844116211e-05
2.196584463119507,0,-0.008816741744111784,0.00014213472604751587,0,0.04289055492948575,-5.510449409484863e-05
2.2072622776031494,0,-0.04314851712607524,0.0001268722116947174,0,0.06051580072600496,-5.65648078918457e-05
2.2179651260375977,0,0.007954143802016539,0.0001611076295375824,0,-0.007925357231511759,-5.8144330978393555e-05
2.2287018299102783,0,-0.00352390559624128,0.00015629827976226807,0,0.005884598214278705,-5.692243576049805e-05
2.239500045776367,0,0.008542233212586738,0.0001368597149848938,0,0.010331877952759345,-5.170702934265137e-05
2.2500510215759277,0,-0.026866233052159436,0.00018131360411643982,0,0.03088296137073096,-5.945563316345215e-05
2.2602767944335938,0,0.017966364645488495,0.0001385025680065155,0,0.0020693195668945864,-5.733966827392578e-05
2.2686877250671387,0,-0.015964561673788246,0.0001835264265537262,0,-0.03683259360822348,-3.781914710998535e-05
2.2762537002563477,0,-0.017740551536608973,0.00013712793588638306,0,-0.006778397273168561,-3.1948089599609375e-05
2.2836215496063232,0,0.04729201899955989,0.00015104934573173523,0,-0.03914985291994651,-5.206465721130371e-05
2.2931602001190186,0,-0.045778837980925274,0.0001372210681438446,0,-0.04612504047022001,-4.6133995056152344e-05
2.300813913345337,0,-0.009840782936680717,0.00017862021923065186,0,-0.02019043461264412,-8.14199447631836e-05
2.3090710639953613,0,0.012184908738929481,0.0001589059829711914,0,0.016604883842919638,-3.167986869812012e-05
2.316909074783325,0,0.022328779043272767,0.0001631230115890503,0,0.024844044317024597,-4.360079765319824e-05
2.3247148990631104,0,0.030304611337273482,0.00015524402260780334,0,0.053540642434093046,-4.947185516357422e-05
2.33302640914917,0,-0.02298656991718869,0.0001474618911743164,0,-0.014619646955549013,-3.4749507904052734e-05
2.3409392833709717,0,-0.019048395910719575,0.00013724714517593384,0,0.04708038741854079,-7.218122482299805e-05
2.348959445953369,0,-0.004202708728259238,0.00017672404646873474,0,-0.007035873049496701,-3.7342309951782227e-05
2.3573591709136963,0,-0.046127003706282386,0.00014235451817512512,0,0.021473481062393066,-4.374980926513672e-05
2.3657047748565674,0,-0.06062452479765609,0.00015378370881080627,0,-0.011038408868322212,-2.8759241104125977e-05
2.373936891555786,0,-0.023387408007989816,0.00014362111687660217,0,5.635345591906507e-05,-5.0455331802368164e-05
2.381661891937256,0,-0.018036052211112465,0.00016998499631881714,0,0.025312163473209297,-4.607439041137695e-05
2.3899805545806885,0,0.01731390171921726,0.00014238432049751282,0,-0.005818728864841622,-3.451108932495117e-05
2.397771120071411,0,0.01282567929245217,0.0001598075032234192,0,0.030087131009773463,-6.967782974243164e-05
2.405552387237549,0,-0.005071660855031781,0.0001623295247554779,0,0.00522922554394781,-2.9861927032470703e-05
2.413968086242676,0,0.023967276550413568,0.00015861168503761292,0,-0.009142488249904124,-6.595253944396973e-05
2.421923875808716,0,-0.0185890176900585,0.00013772398233413696,0,-0.03142565423892438,-2.676248550415039e-05
2.4302337169647217,0,0.0006980949070263934,0.00015988945960998535,0,0.03666439899081398,-4.127621650695801e-05
2.438669443130493,0,0.005326763046776309,0.00013517215847969055,0,0.02475039415326223,-3.784894943237305e-05
2.4466376304626465,0,0.042192301204415375,0.00015118718147277832,0,-0.009002053234507755,-3.591179847717285e-05
2.454509735107422,0,-0.03954092603256852,0.00015587732195854187,0,0.00834228815264386,-4.9173831939697266e-05
2.4642014503479004,0,-0.012722717655115269,0.00014677271246910095,0,-0.030114908898262592,-3.3915042877197266e-05
2.472156524658203,0,-0.0500563928896855,0.00015224888920783997,0,-0.042707716502102776,-4.6372413635253906e-05
2.4795079231262207,0,-0.014007168506220309,0.00015361234545707703,0,0.021309585961218527,-5.02169132232666e-05
2.48742938041687,0,0.0387280994893661,0.000170879065990448,0,0.025007841402687827,-4.3720006942749023e-05
2.494903564453125,0,-0.0582955650671351,0.00015389546751976013,0,0.043897039642185394,-3.1560659408569336e-05
2.502380609512329,0,0.036562974880378386,0.00014225393533706665,0,-0.032666240954340675,-3.120303153991699e-05
2.5102572441101074,0,-0.018937209747941035,0.00015826523303985596,0,-0.03481967099620273,-5.748867988586426e-05
2.517746925354004,0,0.029479528466402963,0.00014055892825126648,0,-0.030606469853749468,-4.655122756958008e-05
2.525111675262451,0,-0.029695510765789804,0.00015972554683685303,0,-0.07926897684249226,-4.178285598754883e-05
2.532851219177246,0,-0.009144435393867627,0.00015414133667945862,0,-0.03601340922304857,-4.07099723815918e-05
2.541032075881958,0,0.03537508832584962,0.00015997514128684998,0,0.019788142381272206,-5.823373794555664e-05
2.548769474029541,0,0.006380039559970837,0.0001437664031982422,0,0.024867392489569703,-4.6759843826293945e-05
2.5570151805877686,0,-0.05033146245029394,0.00014736130833625793,0,-0.0005522716900469427,-3.668665885925293e-05
2.5649876594543457,0,-0.008790434819751364,0.00017182901501655579,0,-0.03154272572113582,-4.1157007217407227e-05
2.5732786655426025,0,0.05047530825919212,0.00014577805995941162,0,-0.0005990823256120932,-2.6792287826538086e-05
2.5816426277160645,0,-0.029183506993063255,0.00017574802041053772,0,-0.03687946550348321,-3.597140312194824e-05
2.5899665355682373,0,-0.0182555206442822,0.00013730302453041077,0,0.030133882945750687,-5.0693750381469727e-05
2.5977225303649902,0,-0.012008853131221036,0.00015701726078987122,0,-0.020330939116649255,-4.228949546813965e-05
2.6059796810150146,0,-0.03189283420170219,0.0001549050211906433,0,-0.004554830184102684,-4.240870475769043e-05
2.6139204502105713,0,-0.038809516732149635,0.00015546754002571106,0,-0.0010906371551295117,-5.042552947998047e-05
2.6217453479766846,0,0.024426577236416447,0.00012969598174095154,0,0.03760061682233027,-4.2825937271118164e-05
2.6298341751098633,0,0.030910236015400817,0.0001363120973110199,0,0.05024022317552621,-3.0100345611572266e-05
2.63710355758667,0,0.028402797353373064,0.00014535337686538696,0,0.02671650338674644,-7.221102714538574e-05
2.6454014778137207,0,-0.029101589432296605,0.00015232712030410767,0,0.03547059932140881,-6.908178329467773e-05
2.6537082195281982,0,-0.021769442556091523,0.00014904141426086426,0,0.019109326448721053,-2.822279930114746e-05
2.662040948867798,0,0.011272038348499259,0.0001340433955192566,0,0.007920924589731579,-4.380941390991211e-05
2.6700987815856934,0,0.04351181820188045,0.0001545250415802002,0,-8.415504253816927e-05,-5.161762237548828e-05
2.67765212059021,0,-0.051454977683498805,0.00015375763177871704,0,0.03184257711400705,-6.833672523498535e-05
2.6847198009490967,0,-0.012801748878511517,0.00014112144708633423,0,-0.009914956540594759,-2.8520822525024414e-05
2.6922500133514404,0,-0.05144912601118174,0.0001521967351436615,0,-0.03882222363858615,-2.110004425048828e-05
2.7003660202026367,0,0.031659250071985605,0.0001499466598033905,0,-0.06321199385612823,-5.125999450683594e-05
2.7090182304382324,0,-0.02207959142932272,0.00016431882977485657,0,0.004105648502454099,-2.6494264602661133e-05
2.717407703399658,0,0.0030387055914278182,0.00013217702507972717,0,0.027512339599376254,-3.287196159362793e-05
2.7256081104278564,0,0.010174819067769222,0.00014236941933631897,0,-0.013847281800582964,-5.295872688293457e-05
2.733921527862549,0,0.04141690488318908,0.0001534596085548401,0,-0.022741854443806962,-6.183981895446777e-05
2.7423973083496094,0,-0.0697677861997651,0.00016747042536735535,0,-0.027914738623767955,-3.9249658584594727e-05
2.7506611347198486,0,0.006236659690480902,0.00015612691640853882,0,-0.018130748361301508,-4.413723945617676e-05
2.7590396404266357,0,-0.008895761995622439,0.00016274303197860718,0,0.007640022374741096,-7.262825965881348e-05
2.766873598098755,0,0.02377119725149516,0.00015953555703163147,0,0.0245396534893534,-5.173683166503906e-05
2.7751786708831787,0,-0.010478644477602782,0.00016467273235321045,0,0.023579976303517988,-5.716085433959961e-05
2.783450126647949,0,-0.011095991518299288,0.00015388056635856628,0,-0.00993841516345485,-6.198883056640625e-05
2.791609525680542,0,0.01578660646695387,0.00014299899339675903,0,-0.02313979303097497,-3.11434268951416e-05
2.8000717163085938,0,-0.023580521971961553,0.00016259029507637024,0,-0.051251234156763116,-5.564093589782715e-05
2.8083646297454834,0,0.020898048087585643,0.00015503540635108948,0,0.032427685828990735,-4.273653030395508e-05
2.816382884979248,0,0.023095342265136445,0.0001652650535106659,0,-0.027961575408993772,-4.7087669372558594e-05
2.8245835304260254,0,-0.002698819799534602,0.00013624876737594604,0,-0.05626025980850155,-3.11434268951416e-05
2.8323309421539307,0,-0.013106021209818295,0.0001419559121131897,0,0.04654191945776029,-5.263090133666992e-05
2.8406171798706055,0,-0.008805056685953638,0.000152587890625,0,0.028940080350509354,-5.334615707397461e-05
2.8489882946014404,0,-0.007672753703846618,0.0001746341586112976,0,0.014966283931513287,-4.264712333679199e-05
2.8568921089172363,0,-0.01252963880117743,0.00014382228255271912,0,-0.06861900929716747,-5.143880844116211e-05
2.864819049835205,0,-0.006988097802323033,0.0001597963273525238,0,0.03287240122174332,-3.3974647521972656e-05
2.872934579849243,0,0.029464899285610288,0.00015573203563690186,0,-0.024333551738673926,-4.4733285903930664e-05
2.8809545040130615,0,-0.024996609117675216,0.00013573840260505676,0,-0.06609110441121076,-3.93986701965332e-05
2.8889050483703613,0,0.05190607139907699,0.00014875084161758423,0,-0.043480239652221385,-5.120038986206055e-05
2.897249221801758,0,0.013510314713122647,0.0001574382185935974,0,0.050286960482322646,-3.311038017272949e-05
2.9050683975219727,0,-0.02227851025223299,0.000140313059091568,0,-0.009844822053497572,-4.938244819641113e-05
2.9135901927948,0,-0.025701735631881988,0.0001314692199230194,0,0.023205420998928975,-3.731250762939453e-05
2.9219114780426025,0,0.006043583396649703,0.00012863054871559143,0,-0.017756274980124935,-4.291534423828125e-05
2.9303107261657715,0,0.0016928825839261203,0.0001407414674758911,0,-0.03716043354978726,-3.999471664428711e-05
2.938453197479248,0,-0.0004283527911845492,0.00016452372074127197,0,-0.01239615337811662,-4.690885543823242e-05
2.9467127323150635,0,-0.02715586449932891,0.00014022737741470337,0,-0.013917594032226782,-3.108382225036621e-05
2.9546008110046387,0,-0.0444241465811623,0.00014280900359153748,0,0.004058744788726155,-6.16610050201416e-05
2.962712049484253,0,0.005672024514016552,0.00015901029109954834,0,0.009067763857333237,-3.293156623840332e-05
2.970803737640381,0,0.018495955619364,0.00014436617493629456,0,-0.030606569332178857,-5.8531761169433594e-05
2.978403091430664,0,-0.029604786438185975,0.00016066431999206543,0,-0.0372306594692644,-3.647804260253906e-05
2.9865639209747314,0,-0.03776495226184667,0.00017415359616279602,0,0.0030288533867582333,-5.3882598876953125e-05
2.9945669174194336,0,0.03021684210418977,0.00014621391892433167,0,0.02423531386381498,-4.121661186218262e-05
3.002181053161621,0.1,0.010189486284431956,0.0001630820333957672,0.1,0.021122218339462148,-5.778670310974121e-05
3.0118093490600586,0.1,0.2775904376359494,0.00014563649892807007,0.1,3.4546734136086963,-3.0487775802612305e-05
3.020603895187378,0,4.045249275818159,0.0017388314008712769,0,18.306012898984424,0.0077946484088897705
3.0280752182006836,0,7.338886914303296,0.008713942021131516,0,21.064679606285814,0.03217595815658569
3.0356054306030273,0,5.693976021116363,0.01704198494553566,0,10.295561479575325,0.05581855773925781
3.0425686836242676,0,3.652683893128535,0.02244868502020836,0,0.7334581581506047,0.06485292315483093
3.048651933670044,0,1.6796864923130796,0.02524499222636223,0,-4.509291571899555,0.06392824649810791
3.055081605911255,0,-0.5093663069798054,0.025985609740018845,0,-6.590006182220582,0.058055102825164795
3.0612189769744873,0,-1.3983937952288779,0.02489781752228737,0,-8.477245218627363,0.05117321014404297
3.0688459873199463,0,-0.7337430175589996,0.023545172065496445,0,-9.62272664662955,0.040626317262649536
3.0763394832611084,0,-0.8925517398254394,0.022511761635541916,0,-10.33188117117912,0.02924889326095581
3.0830023288726807,0,-1.1112174054766888,0.021507520228624344,0,-10.840183082371139,0.018202871084213257
3.0905070304870605,0,0.009506913578253248,0.020605679601430893,0,-8.840030176934203,0.00545915961265564
3.0979747772216797,0,0.23392441616516954,0.02092096582055092,0,-5.3532469052267455,-0.004871398210525513
3.1053411960601807,0,-0.5348800196026317,0.02080988511443138,0,-0.9257525368976167,-0.010059595108032227
3.1128294467926025,0,-0.1805846674933938,0.02025270089507103,0,1.4748142013941106,-0.010481953620910645
3.1200921535491943,0,0.27428340013599195,0.020315494388341904,0,2.462951089170346,-0.008579462766647339
3.127720594406128,0,-0.07712123755195856,0.020541395992040634,0,1.5875409105368778,-0.005831390619277954
3.1349785327911377,0,-0.04837782020468125,0.020442549139261246,0,0.8642039920793891,-0.0041790008544921875
3.1415176391601562,0,-0.0034486764969330454,0.02046312764286995,0,-0.25140565523180186,-0.0034465491771698
3.1481523513793945,0,-0.10114235241352532,0.02036971226334572,0,-0.43898688643444345,-0.0037596821784973145
3.154780387878418,0,-0.006181405274626981,0.02026538923382759,0,0.33212310822628277,-0.003961771726608276
3.1612772941589355,0,0.11078182392477712,0.02033260092139244,0,0.42675637634460606,-0.0034325122833251953
3.1677863597869873,0,0.0010102989972941964,0.020441245287656784,0,-0.05977507848909346,-0.0030358731746673584
3.1741445064544678,0,-0.12681947883747788,0.020387854427099228,0,-0.5043617695607342,-0.0031853318214416504
3.1807873249053955,0,-0.00508128429588672,0.020329568535089493,0,-0.30718381916478943,-0.003685504198074341
3.1875760555267334,0,0.01946647741692102,0.020306210964918137,0,0.0392117840939142,-0.004043072462081909
3.194126844406128,0,-0.005373862425797355,0.020334329456090927,0,0.2678015261170643,-0.003944277763366699
3.2008988857269287,0,0.010923059240690076,0.02038392797112465,0,0.19301715390492707,-0.003644287586212158
3.2075510025024414,0,-0.06033861793991644,0.02035331353545189,0,0.032564296045068865,-0.00350382924079895
3.2141683101654053,0,0.0011917297317553899,0.020332079380750656,0,0.034553876336216836,-0.0034341514110565186
3.220898389816284,0,-0.018651288261020586,0.02034708485007286,0,-0.1360340838284766,-0.0034400224685668945
3.227440357208252,0,0.03843761954971066,0.020318392664194107,0,-0.1644263979108936,-0.003544241189956665
3.233884811401367,0,0.04097141121801833,0.020360704511404037,0,-0.04926548671098282,-0.003712296485900879
3.2405338287353516,0,0.05327748102664983,0.020357664674520493,0,0.08574430869176944,-0.0037349462509155273
3.2471165657043457,0,0.002601994554945946,0.02034536376595497,0,0.01245795581529334,-0.003655940294265747
3.253571033477783,0,-0.0011255190652439376,0.02034858986735344,0,0.08792111909037434,-0.003645002841949463
3.2609949111938477,0,-0.030407287705584925,0.020292457193136215,0,0.18866350970102805,-0.003525286912918091
3.268554449081421,0,0.02374993081137685,0.020315226167440414,0,-0.02426714549830175,-0.003327101469039917
3.2760283946990967,0,5.65105996075876e-05,0.02033158764243126,0,-0.13203156337029093,-0.003359287977218628
3.2827680110931396,0,-0.004127433547031506,0.020313147455453873,0,-0.009006000187485616,-0.0035652518272399902
3.2904884815216064,0,0.05657783006514887,0.020289164036512375,0,0.07567939719637748,-0.003645777702331543
3.2968990802764893,0,0.04452924846764917,0.020297113806009293,0,0.013651664783777597,-0.0035533905029296875
3.303297758102417,0,0.004293141203706256,0.020305100828409195,0,0.038486162097416905,-0.0035668611526489258
3.3115692138671875,0,-0.03257239183371953,0.020307358354330063,0,0.1321363317114557,-0.003507554531097412
3.319514036178589,0,-0.0028225042200586024,0.0202665813267231,0,-0.022932990542535534,-0.003327786922454834
3.328375816345215,0,0.025961880502245745,0.020267952233552933,0,-0.19785119699936823,-0.0033971071243286133
3.337006092071533,0,-0.03689678937937789,0.020288486033678055,0,0.040733192563826626,-0.0036030709743499756
3.3455569744110107,0,0.035541068085287106,0.0202593095600605,0,-0.017315389506903874,-0.0035396814346313477
3.354276418685913,0,-0.044843354534284785,0.020277608186006546,0,0.0258465528183848,-0.003565460443496704
3.36171817779541,0,0.058333331760269454,0.020233523100614548,0,0.07235565317195482,-0.003519505262374878
3.369729995727539,0,0.013404191709816448,0.020267542451620102,0,0.012130247536356702,-0.0033785998821258545
3.377700090408325,0,0.012678584342499938,0.020268667489290237,0,-0.1398259791932817,-0.00339469313621521
3.385721206665039,0,-0.06336974909012409,0.020245898514986038,0,-0.05834729385041798,-0.0035123825073242188
3.3940248489379883,0,0.010320363324557434,0.02024098113179207,0,-0.010714671680511748,-0.0035353004932403564
3.4014697074890137,0,0.05782424797202912,0.020245414227247238,0,0.006231783784522704,-0.0035225749015808105
3.4087586402893066,0,-0.08737916060705671,0.02024688944220543,0,0.09534105129176201,-0.0035161077976226807
3.415856122970581,0,-0.018826820875515696,0.020196493715047836,0,0.053302637365940916,-0.0034234821796417236
3.42350172996521,0,-0.020792985699886912,0.020143669098615646,0,-0.0342383746457336,-0.003388047218322754
3.4307022094726562,0,0.038595641034796936,0.020125631242990494,0,-0.09146774746168185,-0.0034503936767578125
3.4386279582977295,0,-0.0012015679472708416,0.020145121961832047,0,0.03226000323290898,-0.003513038158416748
3.4464986324310303,0,-0.028476212434263005,0.02009466663002968,0,-0.04205623226802657,-0.0034870505332946777
3.454476833343506,0,0.01238016075767407,0.020076725631952286,0,0.05643912787621739,-0.0035011768341064453
3.462578058242798,0,0.0007704458064460496,0.020084422081708908,0,0.003118692648924109,-0.0034754276275634766
3.4705564975738525,0,-0.010359432014782342,0.02008860930800438,0,-0.06316905428466559,-0.003428727388381958
3.4786553382873535,0,0.018430801636867677,0.02003714069724083,0,-0.00886553883956382,-0.0034392178058624268
3.4874916076660156,0,0.022603041073101456,0.020017024129629135,0,0.0002864803673429193,-0.003484964370727539
3.4963226318359375,0,-0.03603657306791568,0.020000603049993515,0,0.023108018450293293,-0.0034765005111694336
3.504913330078125,0,-0.011079195024372181,0.01996004953980446,0,0.0015504569027533876,-0.0034788846969604492
3.513495445251465,0,-0.02615894727086767,0.01997436210513115,0,0.03389850366588594,-0.0034228861331939697
3.522146463394165,0,-0.039647057813383194,0.019937891513109207,0,-0.07133797713594878,-0.003387928009033203
3.5307724475860596,0,-3.708964207532391e-05,0.019877959042787552,0,-0.006688707960105811,-0.003448188304901123
3.539411783218384,0,-0.04292400308845011,0.019901853054761887,0,-0.002850007262813585,-0.003464996814727783
3.54713773727417,0,-0.09974374421302275,0.019845206290483475,0,-0.040464556916930794,-0.003455638885498047
3.5555169582366943,0,-0.01959338263446129,0.019780736416578293,0,0.044501733904414316,-0.0034516453742980957
3.5640392303466797,0,-0.06390811464663905,0.01971415802836418,0,0.01578171739473296,-0.0034444034099578857
3.572571039199829,0,-0.04287135266677728,0.01965547725558281,0,-0.027544049811662447,-0.0034065842628479004
3.581477642059326,0,-0.1154320893984284,0.019577834755182266,0,0.016717998131726655,-0.0034362077713012695
3.5901122093200684,0,-0.1560953603297384,0.01941346749663353,0,0.017935145973676934,-0.0034445226192474365
3.5977115631103516,0,-0.32279196132941734,0.01915993168950081,0,-0.007250461187954004,-0.00345456600189209
3.6055076122283936,0,-0.5892595636317719,0.01867743954062462,0,0.02699353033174495,-0.0034447014331817627
3.6129069328308105,0,-1.092246096571238,0.01776999607682228,0,0.04834042801857518,-0.0034176111221313477
3.6207871437072754,0,-1.1196733060417454,0.016280844807624817,0,-0.036859923843780354,-0.0034173429012298584
3.628387928009033,0,-0.9890962811559637,0.01505155861377716,0,-0.0426881836199084,-0.0034235119819641113
3.6358964443206787,0,-1.3627753680355592,0.013743221759796143,0,0.01992471163564411,-0.003422349691390991
3.6434953212738037,0,-1.2294445929707434,0.011988744139671326,0,-0.0464332626803408,-0.003433734178543091
3.6512277126312256,0,-0.9241188436134482,0.010690148919820786,0,0.008151131573062178,-0.0034445226192474365
3.659210443496704,0,-1.1667058648166027,0.00939999520778656,0,-0.04395215946957602,-0.00342366099357605
3.6669561862945557,0,-0.6714524806909677,0.008126132190227509,0,0.06154179784004587,-0.0034169554710388184
3.6747140884399414,0,-0.13990405220533603,0.007543746381998062,0,-0.007086620214748398,-0.0033927559852600098
3.682655096054077,0,0.0856164847616754,0.0074502527713775635,0,-0.054461760025195136,-0.00342404842376709
3.690727710723877,0,0.02668722454430799,0.007515817880630493,0,0.014307101822503979,-0.003439605236053467
3.699725389480591,0,-0.035033297997481956,0.007544901221990585,0,0.004569920549819845,-0.0034209489822387695
3.709022283554077,0,-0.0019098988006654874,0.007532529532909393,0,-0.020170945617992122,-0.003396749496459961
3.7187135219573975,0,0.0226671139591372,0.0075111351907253265,0,-0.05064645211944943,-0.0033856630325317383
3.728492021560669,0,0.047089068374423164,0.007509745657444,0,0.015641313832075295,-0.003417104482650757
3.738212823867798,0,-0.00047040405135975386,0.007512107491493225,0,0.022359046818332805,-0.003406912088394165
3.7471354007720947,0,-0.005561361710180868,0.007515288889408112,0,0.045461449126119796,-0.003423839807510376
3.7566072940826416,0,0.025829931143168165,0.007482640445232391,0,-0.001515771846553003,-0.003374338150024414
3.7664825916290283,0,-0.0008741806874202243,0.007524307817220688,0,-0.028035549324589997,-0.003390103578567505
3.7754323482513428,0,-0.0628112128191322,0.007490292191505432,0,0.007612829653483677,-0.0033954083919525146
3.784823417663574,0,0.048156978091435085,0.007496573030948639,0,0.011381306625675882,-0.0034130215644836426
3.794476270675659,0,0.008257349666043528,0.007516823709011078,0,0.02090783647245402,-0.003388732671737671
3.804603338241577,0,0.04170842642051697,0.00748787447810173,0,-0.007109966924375423,-0.0033974051475524902
3.8144731521606445,0,-0.012504394686801597,0.007512461394071579,0,0.019831119988604914,-0.0033870935440063477
3.8239173889160156,0,-0.0066849138820672315,0.0074639469385147095,0,0.019690681315913346,-0.0033843815326690674
3.833836555480957,0,0.0322550410147841,0.007495783269405365,0,-0.016776952267403042,-0.0033863186836242676
3.843482732772827,0,0.013286839347333795,0.007516317069530487,0,0.03429644079013588,-0.0033912062644958496
3.853590488433838,0,0.022760705606176396,0.007472559809684753,0,0.0037272987540969914,-0.003394782543182373
3.862382173538208,0,0.019363802511527656,0.007486309856176376,0,-0.01441287957714347,-0.0033770203590393066
3.8714706897735596,0,-0.011117555662246726,0.007468033581972122,0,-0.02468841031424368,-0.003381878137588501
3.880746364593506,0,0.021397260104627086,0.0074509307742118835,0,-0.01001241102282226,-0.0033875703811645508
3.8904659748077393,0,-0.032022656477892514,0.007475066930055618,0,-0.02871434916504227,-0.003363698720932007
3.900237798690796,0,-0.019084613373607992,0.007505711168050766,0,0.014119886344227846,-0.0033818185329437256
3.9095563888549805,0,0.018155429252216825,0.007448948919773102,0,-0.017853652659153275,-0.0033822357654571533
3.919468402862549,0,-0.011849019090634544,0.007449224591255188,0,0.03148765563295988,-0.003379344940185547
3.9284584522247314,0,-4.91231261753808e-05,0.007448386400938034,0,0.002088845134498565,-0.003387540578842163
3.9376041889190674,0,-0.023859573595581763,0.007448673248291016,0,-0.013406383161099189,-0.003352820873260498
3.9502363204956055,0,0.027775588781904222,0.007432218641042709,0,0.03574767307978585,-0.0033852458000183105
3.9599485397338867,0,0.026549675134822974,0.007441569119691849,0,-0.0032712717130259955,-0.0033566057682037354
3.9695045948028564,0,-0.03256099570188204,0.007478088140487671,0,-0.0019370869503039074,-0.0033856332302093506
3.9780523777008057,0,-0.07985714013042547,0.007445372641086578,0,0.010328009997357763,-0.003369271755218506
3.987698554992676,0,0.02399542602009483,0.0074399784207344055,0,-0.03870899963092319,-0.003360182046890259
3.996764659881592,0,-0.054630580771542564,0.0074328891932964325,0,-0.015161880467465543,-0.003347456455230713
4.005804538726807,0,0.04756888794940584,0.007433712482452393,0,-0.0030138096515548497,-0.003356754779815674
4.015589952468872,0,-0.05185981392941056,0.007393483072519302,0,0.018216065743684368,-0.00336572527885437
4.025397777557373,0,-0.016887291400613687,0.007347781211137772,0,0.07034275981829564,-0.003369957208633423
4.034561395645142,0,-0.016606411129394396,0.0073467642068862915,0,-0.015559781018763496,-0.0033456087112426758
4.044431209564209,0,0.01019133321850703,0.007328055799007416,0,0.024278405578757874,-0.0033483505249023438
4.053797483444214,0,0.0241329432453821,0.007327325642108917,0,-0.025577838173912692,-0.0032888054847717285
4.063437223434448,0,-0.03458274263575693,0.007327280938625336,0,-0.010340076145675559,-0.0032945573329925537
4.073059797286987,0,-0.05805087738919687,0.0073185451328754425,0,0.012060134261571664,-0.00331917405128479
4.081378698348999,0,-0.02047728944129914,0.007306437939405441,0,-0.030399598608160296,-0.0032919347286224365
4.090436220169067,0,-0.04349483372298016,0.007275622338056564,0,0.0067936321020460495,-0.0033174753189086914
4.099782943725586,0,-0.008656909897902411,0.007265772670507431,0,0.017069177468327056,-0.0032852590084075928
4.108778953552246,0,-0.05371185066274584,0.007185623049736023,0,0.056813740234611484,-0.0033015310764312744
4.117808818817139,0,-0.13390025981471287,0.007042817771434784,0,-0.02630342213453993,-0.003279745578765869
4.127373456954956,0,-0.36011713408411083,0.0067084915935993195,0,-0.060992144407631295,-0.003287792205810547
4.13689398765564,0,-0.9543339770293214,0.005950223654508591,0,0.006887261784955306,-0.0032616257667541504
4.146777868270874,0,-1.2036267338275652,0.004206489771604538,0,-0.00034540577039390597,-0.003298461437225342
4.155534029006958,0,-1.2316387360227514,0.0025624893605709076,0,-0.004090465972897945,-0.0032592415809631348
4.164551019668579,0,-1.3078100013874125,0.0006538368761539459,0,-0.005822570487717777,-0.003272145986557007
4.173902988433838,0,-0.2537538142991952,-0.0007551051676273346,0,0.0257062501970746,-0.0032672882080078125
4.183421611785889,0,0.11251992274642676,-0.0008527189493179321,0,-0.0047458631471066675,-0.0032668113708496094
4.193036794662476,0,0.049479851022973996,-0.0007431060075759888,0,0.05372405725119925,-0.003245413303375244
4.201906442642212,0,-0.0603823825971758,-0.000760931521654129,0,-0.056053321268680734,-0.0032546520233154297
4.211404323577881,0,-0.046546103403466994,-0.0007880516350269318,0,0.04038225899746354,-0.0032497644424438477
4.220942497253418,0,0.00181211790484155,-0.0007898472249507904,0,0.023365606139854493,-0.0031901299953460693
4.229446172714233,0,0.03487699982989305,-0.0007563754916191101,0,-0.011931679813785455,-0.003203272819519043
4.238776683807373,0,-0.05732488381150744,-0.0007632449269294739,0,0.05990345832805762,-0.0031788647174835205
4.248015880584717,0,0.050638476290081266,-0.0007698014378547668,0,0.010632368640831216,-0.00314214825630188
4.257622718811035,0,0.02293664637481562,-0.0007831528782844543,0,-0.020592147528456645,-0.0031478703022003174
4.267404317855835,0,-0.035702963377447286,-0.0007337108254432678,0,0.05353685055043158,-0.003142416477203369
4.277151584625244,0,-0.0014443448713327839,-0.0007920227944850922,0,-0.030282503719259595,-0.003122657537460327
4.286888599395752,0,0.02796032022528176,-0.0007645711302757263,0,0.06418691172251346,-0.003153979778289795
4.296389102935791,0,-0.027323359841896523,-0.000750366598367691,0,-0.008654709669111194,-0.003109842538833618
4.305971622467041,0,-0.007278471680417732,-0.0007623173296451569,0,-0.02211353990627019,-0.0031249821186065674
4.315637111663818,0,-0.007644206320447799,-0.0007906630635261536,0,0.014354083436619645,-0.0031055808067321777
4.325515270233154,0,-0.0014648271873606033,-0.0007622130215167999,0,-0.018953632466298886,-0.0030978620052337646
4.33538293838501,0,-0.010921128188825444,-0.0007758960127830505,0,0.019129048047347656,-0.0030953288078308105
4.345022201538086,0,-0.04817581169878756,-0.000779956579208374,0,0.018309810997121884,-0.0030897855758666992
4.3540120124816895,0,0.0642611518892001,-0.0007915720343589783,0,0.03277514057616132,-0.0031103789806365967
4.36337947845459,0,-0.04474673757265766,-0.0007429160177707672,0,0.01208361848549814,-0.0031090974807739258
4.373381853103638,0,-0.015488377450232547,-0.0007887370884418488,0,0.026876643177211505,-0.0030685067176818848
4.382924318313599,0,0.05578206699842302,-0.0007898062467575073,0,-0.00034533813329083485,-0.003031015396118164
4.39290976524353,0,0.04417528080918969,-0.0007817409932613373,0,0.016249998934824456,-0.0030479133129119873
4.40284538269043,0,-0.04172434589505555,-0.0007725618779659271,0,-0.010574054531814508,-0.0030156970024108887
4.412976980209351,0,-0.007743691332969324,-0.0008032992482185364,0,0.0920408778034325,-0.0029609501361846924
4.4230475425720215,0,-0.004238540346504248,-0.000756341964006424,0,-0.01495110615644089,-0.00293084979057312
4.432916879653931,0,0.002722017474382301,-0.0007785223424434662,0,0.005740410814009014,-0.0029364824295043945
4.442910671234131,0,-0.031314250101352026,-0.0007469840347766876,0,0.026010613229302294,-0.0029383599758148193
4.452939748764038,0,0.0344497809373685,-0.0007718019187450409,0,0.06982795309452922,-0.002933681011199951
4.46294093132019,0,-0.01900522958695464,-0.0007563196122646332,0,-0.010105888562251274,-0.002921968698501587
4.473041534423828,0,-0.03027847776870545,-0.0007596947252750397,0,0.03186230602722404,-0.002910435199737549
4.48295521736145,0,0.04133429389925287,-0.0007801279425621033,0,0.009930238914309823,-0.0028499960899353027
4.492779493331909,0,0.003172612883489738,-0.0007901191711425781,0,0.03935244951890805,-0.0028346776962280273
4.502655267715454,0,0.011165998731523576,-0.000780787318944931,0,-0.02033460226351974,-0.002810269594192505
4.512821197509766,0,0.06595814271282233,-0.0007906705141067505,0,0.005904285800059962,-0.00278356671333313
4.522885799407959,0,-0.02677330264409207,-0.0007593855261802673,0,-0.03477654124538977,-0.0027662813663482666
4.532912254333496,0,-0.02118495265545536,-0.0007568597793579102,0,0.06772134520871219,-0.0027355849742889404
4.5429277420043945,0,0.06374622228031501,-0.0007775947451591492,0,0.118888379652505,-0.0026561617851257324
4.552760601043701,0,-0.0038201179803903336,-0.0007839389145374298,0,0.1678083602231988,-0.0024359822273254395
4.562563180923462,0,-0.030767071926327574,-0.0007447265088558197,0,0.3836882553444951,-0.002120792865753174
4.572805404663086,0,-0.03705176799485929,-0.0007727928459644318,0,0.9594459979655126,-0.0013938844203948975
4.582893133163452,0,-0.015186994382132323,-0.0007905997335910797,0,0.9013271885123868,0.00011843442916870117
4.592907428741455,0,0.0028507681630795647,-0.000782448798418045,0,0.31468533538162163,0.001430124044418335
4.602885961532593,0,-0.03980498859754856,-0.0007827766239643097,0,0.0075661611038369755,0.0018496513366699219
4.613108158111572,0,-0.01743403655188668,-0.0007923431694507599,0,-0.03405093972974558,0.0018253624439239502
4.62286901473999,0,0.0029034474773844544,-0.0007599331438541412,0,0.0301067867770865,0.0017993450164794922
4.631611585617065,0,0.006569510126466162,-0.0007733702659606934,0,-0.024196736714064703,0.0018037259578704834
4.641147136688232,0,-0.004490153112900204,-0.0007596202194690704,0,0.021352683527833736,0.0018085837364196777
4.6512651443481445,0,0.04605952514695811,-0.0007714778184890747,0,0.039890777039552947,0.001828908920288086
4.661407232284546,0,-0.004902694182605944,-0.0007632523775100708,0,-0.03601711918329759,0.0018305182456970215
4.671371698379517,0,-0.03619742968823959,-0.000761084258556366,0,0.05468380173126631,0.0018012821674346924
4.6813459396362305,0,0.02710303852748657,-0.0007912404835224152,0,0.038907704867793894,0.001809149980545044
4.691483020782471,0,0.022775720997341993,-0.0007763877511024475,0,0.03249427200828666,0.001820385456085205
4.701653957366943,0,0.022907380698639884,-0.0007648319005966187,0,0.015735078103447844,0.0018589198589324951
4.711629629135132,0,-0.011152286800366607,-0.0007909312844276428,0,-0.02386903867555462,0.0018554925918579102
4.721704006195068,0,-0.031638991582423906,-0.0007583387196063995,0,0.020861159145298843,0.001819998025894165
4.7317795753479,0,-0.044184988733563704,-0.0007652938365936279,0,0.041552678310125865,0.0018211603164672852
4.7418482303619385,0,0.02755651972537012,-0.000758148729801178,0,0.024746675415504737,0.001866370439529419
4.751884937286377,0,0.005996043313557277,-0.0007583275437355042,0,2.9213391140715096e-05,0.0018631815910339355
4.761895418167114,0,0.04734689598254937,-0.0007674619555473328,0,-0.03800665266106703,0.0018204748630523682
4.771877288818359,0,0.0025406432451319195,-0.0007668659090995789,0,-0.0017496981162353788,0.0018276870250701904
4.78187108039856,0,-0.01753353107337572,-0.000775117427110672,0,0.010655849938921534,0.0018401145935058594
4.791888952255249,0,0.03681972578079825,-0.0007553622126579285,0,0.016343685671538804,0.0018447935581207275
4.801862716674805,0,0.040757883695168494,-0.0007736831903457642,0,-0.02159855616941617,0.0018701255321502686
4.811849594116211,0,0.012546978769170984,-0.0007714927196502686,0,0.008900362141522695,0.0018377602100372314
4.82182502746582,0,-0.026474905391791627,-0.0007630176842212677,0,-0.034331781965094815,0.0018394887447357178
4.831340551376343,0,0.0069147419696153,-0.000774867832660675,0,-0.02866736316217237,0.0018427371978759766
4.841052293777466,0,-0.02969917391266029,-0.000775407999753952,0,-0.01780665202710258,0.001845717430114746
4.850304841995239,0,0.03439710125733409,-0.0007422864437103271,0,-0.0013517403282675734,0.001849055290222168
4.859233856201172,0,-0.008320102268512732,-0.0007610097527503967,0,-0.013242334453526329,0.0018196403980255127
4.8688578605651855,0,-0.017872952937373048,-0.0007621645927429199,0,-0.019421709197859287,0.0018422603607177734
4.878982067108154,0,-0.04077638960887122,-0.0007504075765609741,0,0.03389874358445094,0.001829296350479126
4.889013767242432,0,-0.04073249914065705,-0.0007541254162788391,0,-0.004488228278437408,0.001849442720413208
4.898710250854492,0,-0.03248455823224033,-0.0007741972804069519,0,0.0370118303312953,0.0018354058265686035
4.9078474044799805,0,-0.04773693627500742,-0.000771835446357727,0,-0.01996006451394768,0.0018491148948669434
4.91788387298584,0,0.014217642919038714,-0.0007597878575325012,0,-0.008771673626843801,0.0018182694911956787
4.927748680114746,0,-0.06493500121487214,-0.0007402598857879639,0,-0.055748899719729864,0.0018284320831298828
4.937767267227173,0,0.0007851321324761926,-0.0007906332612037659,0,-0.03372320219244736,0.0018294751644134521
4.947855472564697,0,0.02231636179461595,-0.0007531382143497467,0,-0.024875470723203418,0.0018232464790344238
4.957967042922974,0,-0.00887891283664448,-0.0007709413766860962,0,-0.008561003914461815,0.0018031299114227295
4.967853546142578,0,-0.011017684439352275,-0.0007510669529438019,0,0.01933978139666609,0.0018133223056793213
4.977837085723877,0,0.03506716455101699,-0.0007544048130512238,0,0.010047326488620131,0.0018297135829925537
4.987832069396973,0,-0.014291706072637772,-0.0007674284279346466,0,-0.003411530081064294,0.0018337666988372803
4.9978015422821045,0,-0.018393729829820966,-0.0007588118314743042,0,0.012973147286514617,0.0018027126789093018
5.007701635360718,0,-0.03007367216344421,-0.0007785893976688385,0,-0.023915808166548796,0.0018286705017089844
5.017563819885254,0,0.049313037400231324,-0.0007727593183517456,0,0.018614143308069913,0.0018111169338226318
5.027330160140991,0,-0.027355590853018936,-0.000767003744840622,0,0.04555523973001777,0.001818627119064331
5.03734016418457,0,-0.0023426193623566384,-0.0007731467485427856,0,-0.029158929969331563,0.001801818609237671
5.047313690185547,0,0.031199168187728398,-0.0007773526012897491,0,0.022616672543764066,0.0018032491207122803
5.057321071624756,0,0.030034688322467896,-0.0007296912372112274,0,-0.009333466353480134,0.0018041729927062988
5.067423105239868,0,0.0064612227358616875,-0.0007666721940040588,0,-0.008935558487591783,0.0018213987350463867
5.0773115158081055,0,-0.02564984300177422,-0.0007820203900337219,0,0.003587023196771261,0.0018180310726165771
5.087369918823242,0,-0.05959540289059787,-0.0007837861776351929,0,-0.00453509578494289,0.0018166601657867432
5.097453594207764,0,-0.0553939080186149,-0.0007598735392093658,0,-0.01043358001763,0.0018031299114227295
5.106890916824341,0,0.03305412490554989,-0.0007670596241950989,0,-0.08196442095855895,0.001803278923034668
5.116824150085449,0,0.018676563096676084,-0.0007677190005779266,0,0.05398164201492429,0.0018063187599182129
5.126816511154175,0,0.006268086828118758,-0.0007609575986862183,0,-0.025390438367958568,0.0018221139907836914
5.136807203292847,0,0.01816160861818365,-0.0007615275681018829,0,0.008549258145203378,0.001802593469619751
5.1468305587768555,0,0.027597425840702593,-0.0007559768855571747,0,-0.007531136650642201,0.0018052458763122559
5.15680193901062,0,-0.02503838128051061,-0.0007594898343086243,0,0.008502440377912592,0.0018107891082763672
5.166954755783081,0,0.03847861344012788,-0.0007492974400520325,0,-0.018345029286962165,0.0018027424812316895
5.17685341835022,0,0.040292620155074524,-0.000768076628446579,0,-0.001656070627703241,0.0017910003662109375
5.186849117279053,0,0.021930070961195057,-0.0007604286074638367,0,0.011100564600215078,0.001796126365661621
5.196791648864746,0,5.06636246290391e-05,-0.0007735826075077057,0,-0.004418071847569032,0.001803368330001831
5.206891775131226,0,0.03830596277424893,-0.0007574521005153656,0,-0.009263257257560905,0.0018109381198883057
5.216946125030518,0,0.026520688876000377,-0.0007610917091369629,0,0.009977038395124621,0.0018109381198883057
5.226886510848999,0,-0.08935411756908432,-0.0007451176643371582,0,-6.443855841032237e-05,0.001801520586013794
5.236919641494751,0,0.0408426832045513,-0.0007730759680271149,0,0.02198466121224099,0.0017823874950408936
5.246882915496826,0,-0.02677338749334067,-0.0007607527077198029,0,-0.03463613036814171,0.0017962455749511719
5.256832599639893,0,0.03292831687656907,-0.0007611215114593506,0,-0.03966857441249306,0.0018015801906585693
5.266785383224487,0,0.009650379028450819,-0.0007620751857757568,0,-0.000743250387933423,0.0017913579940795898
5.276818513870239,0,0.01552837801927395,-0.0007629245519638062,0,-0.020030365042246864,0.001771390438079834
5.286259412765503,0,0.03682262821026752,-0.0007630437612533569,0,0.04356561262549126,0.001761406660079956
5.29517936706543,0,0.0204525822178584,-0.0007288455963134766,0,0.0085023869814027,0.0017798542976379395
5.304581880569458,0,0.022910278739354906,-0.0007518306374549866,0,0.0374564667264716,0.0017720162868499756
5.314228773117065,0,-0.0075301213854951895,-0.0007443651556968689,0,-0.019445205125130396,0.0017594099044799805
5.324349403381348,0,0.041345973837197736,-0.0007875896990299225,0,-0.01747903298616878,0.0017758607864379883
5.334227561950684,0,-0.06770872315152426,-0.000730559229850769,0,0.023318835185942247,0.0017563104629516602
5.344239950180054,0,0.059319385359074064,-0.0007900074124336243,0,0.0031188608845032248,0.0017881691455841064
5.354249954223633,0,0.036415939910067405,-0.0007616616785526276,0,-0.03381689039207979,0.0017776787281036377
5.364215135574341,0,-0.03574396897120915,-0.0007609054446220398,0,-0.014295713005256887,0.0017559826374053955
5.3742311000823975,0,0.006584110048897248,-0.000748712569475174,0,-0.02021760246429419,0.001752704381942749
5.383602142333984,0,-0.050478474013915656,-0.0007549673318862915,0,-0.024266956781869527,0.0017624497413635254
5.393327713012695,0,0.04347305672445218,-0.0007748566567897797,0,-0.024711694118393298,0.0017543137073516846
5.402848482131958,0,0.03392020166683763,-0.000758834183216095,0,0.012996469126534294,0.0017841458320617676
5.412210464477539,0,-0.015459133717827997,-0.0007621310651302338,0,0.01852044779384709,0.001748412847518921
5.421598672866821,0,0.02278738338026991,-0.0007463917136192322,0,-0.026373586611457743,0.0017516613006591797
5.431312799453735,0,0.022670363100191254,-0.0007406994700431824,0,-0.0046053586431015325,0.001742243766784668
5.440550804138184,0,0.02872683955960306,-0.0007352717220783234,0,-0.013476489121293832,0.0017567574977874756
5.44945216178894,0,0.017857367008156537,-0.0007521770894527435,0,-0.015887372264253793,0.001748591661453247
5.458928823471069,0,0.020139513360140988,-0.0007363632321357727,0,0.004570067207357291,0.0017476677894592285
5.46819543838501,0,0.02555522438624338,-0.0007435791194438934,0,0.0231081662050193,0.0017562508583068848
5.477188587188721,0,-0.010991399458763042,-0.0007511377334594727,0,0.0011995054156438347,0.0017435252666473389
5.486444711685181,0,-0.015368447426094224,-0.0007393546402454376,0,0.01669473627134823,0.0017520785331726074
5.495459318161011,0,0.03434150744448578,-0.0007449313998222351,0,-0.012235936052993359,0.0017457306385040283
5.505518674850464,0,-0.007021042717468129,-0.0007477104663848877,0,0.003680613746621898,0.001742541790008545
5.515511512756348,0,-0.008767765441195039,-0.0007607899606227875,0,-0.0338169108729329,0.001746147871017456
5.525552988052368,0,0.050378030058593176,-0.0007436461746692657,0,0.008970515646554912,0.0017610788345336914
5.535479307174683,0,0.013729006336792294,-0.0007324554026126862,0,-0.007180097022718371,0.0017426609992980957
5.545239686965942,0,0.025148539011879426,-0.0007661469280719757,0,0.01706922574462367,0.0017507672309875488
5.555268049240112,0,-0.03563864472117423,-0.000757172703742981,0,0.004406209776323295,0.001754075288772583
5.565339088439941,0,-0.003919638834404799,-0.0007456764578819275,0,0.05372409236123315,0.0017417073249816895
5.575355529785156,0,-0.040799813853156446,-0.0007416978478431702,0,-0.04390522028008466,0.0017297565937042236
5.5852460861206055,0,0.023156044587917556,-0.000756923109292984,0,0.013581608562797652,0.001740783452987671
5.59539008140564,0,0.06363792538074303,-0.000756680965423584,0,0.012621941617388792,0.0017524361610412598
5.604679346084595,0,0.03894386235104106,-0.0007443055510520935,0,-0.0367661742015886,0.0017420649528503418
5.614290714263916,0,0.02902820068393209,-0.0007542073726654053,0,0.01458811083051425,0.0017091631889343262
5.623382806777954,0,-0.012193905685116975,-0.0007435083389282227,0,-0.0026392153967719806,0.0017299354076385498
5.6329028606414795,0,-0.00785488700471538,-0.0007512904703617096,0,-0.02845679951135113,0.0017320811748504639
5.6426873207092285,0,0.025604975304283097,-0.0007447414100170135,0,0.002112326798318402,0.0017147362232208252
5.6516101360321045,0,-0.03318093357049692,-0.0007593818008899689,0,-0.016987537861995472,0.0017072856426239014
5.661310434341431,0,-0.06655010958776163,-0.0007489137351512909,0,-0.046269307599525016,0.0017192065715789795
5.6713597774505615,0,-0.04505105379150682,-0.0007499493658542633,0,-0.010223011978054522,0.0016821026802062988
5.681252717971802,0,0.05495988363118561,-0.0007533282041549683,0,0.028163967199424222,0.001690208911895752
5.69082236289978,0,0.029004796920499974,-0.0007511414587497711,0,-0.018391931903501548,0.001702725887298584
