time,ref_0,Velocity_0,Position_0,ref_1,Velocity_1,Position_1,current_0,current_1
0.0007226467132568359,0.00725320133822298,0.054206521782069236,5.364418029785156e-07,-0.010537193380422714,-0.876677791297481,2.5033950805664062e-06,6.821862697601318,-13.762575149536133
0.05547761917114258,0.00725320133822298,0.40193648480507016,0.004870593547821045,-0.010537193380422714,-0.2631659015275503,-0.012900084257125854,6.794226169586182,-0.7186869382858276
0.11737298965454102,0.007147900756182472,0.01834764791032405,0.007940888404846191,-0.010537514233971564,0.15672665044264836,-0.014682084321975708,-0.5602336525917053,0.6023010611534119
0.18066716194152832,0.006896277550556277,-0.10364802679634948,0.008298277854919434,-0.01050996188659357,-0.03668278494523421,-0.01372760534286499,-1.456194519996643,-0.6902448534965515
0.24370336532592773,0.006385135774107851,-0.06572918433007238,0.006862282752990723,-0.010567458161780454,0.03842927213915036,-0.013584822416305542,0.3797934949398041,-1.0115587711334229
0.3065652847290039,0.0060880938389063595,-0.2955360654176643,0.006154119968414307,-0.010487366393943298,0.020382732268327628,-0.013503015041351318,2.4394195079803467,-1.5147274732589722
0.3697390556335449,0.004682055171275021,-0.22995054549464825,0.005067288875579834,-0.010179099769018428,0.10296156711683416,-0.013548791408538818,0.7361332774162292,-0.44487813115119934
0.4327735900878906,0.003991160316457742,-0.010114925738685946,0.005145668983459473,-0.009897184681550923,0.07606729870260365,-0.01355704665184021,-0.4973895251750946,0.15118426084518433
0.49570751190185547,0.0027798434063882587,-0.5010936339783407,0.004671335220336914,-0.008522143591760381,0.6834007061082297,-0.013381749391555786,-2.1336441040039062,0.9253638982772827
0.5588452816009521,0.0021097068337440654,-0.12719520301361223,0.0033641457557678223,-0.00599390825832594,0.6499057337653288,-0.011806517839431763,-0.5463415384292603,2.6237761974334717
0.6220149993896484,0.001241772869147833,-0.28799918169334765,0.00272977352142334,-0.004001081438500678,0.5820029750114429,-0.008845537900924683,-1.9699985980987549,0.22846587002277374
0.6851162910461426,-0.00030012657090530963,-0.4191703151661368,0.0017709732055664062,-0.0020912575031607366,0.32031623580551194,-0.007206827402114868,-2.1752376556396484,1.143944501876831
0.748157262802124,-0.002316787097437584,-0.44683706869461587,0.0002841949462890625,-0.001777953549810698,0.20677038616511206,-0.005596190690994263,-3.2138450145721436,0.0175609290599823
0.8110098838806152,-0.004461214832723737,-0.6491645375429597,-0.0013166069984436035,-0.0015163478843980838,-0.01840198653946035,-0.005344510078430176,-3.952693462371826,0.8573682308197021
0.8739969730377197,-0.008278450673668666,-0.8921728323395646,-0.003233194351196289,-0.0018905062441724385,0.07475664698869894,-0.00501328706741333,-5.899168968200684,-0.6746969223022461
0.937049150466919,-0.010660774285293946,-0.5588147637807984,-0.006924152374267578,-0.002296669386946039,-0.07516323288463349,-0.0052630603313446045,-4.427628040313721,-0.36602869629859924
1.0002501010894775,-0.012304631776787884,-0.4514249202313333,-0.010315358638763428,-0.0030661406007067103,-0.23210510783510366,-0.005506277084350586,-1.4034284353256226,-1.3013339042663574
1.0634198188781738,-0.01967717863988381,-1.9842354204669395,-0.011780858039855957,-0.00950885940847433,-3.881255269678118,-0.005862832069396973,-10.235169410705566,-0.38559168577194214
1.1261887550354004,-0.026174702815774196,-1.4345997303228304,-0.01643925905227661,-0.01583156792403565,-1.6443008212378447,-0.01195383071899414,-14.735212326049805,-1.6106559038162231
1.1891891956329346,-0.036990757715190156,-2.4219406970371877,-0.023749351501464844,-0.01965435894689119,-1.871369113829376,-0.018641501665115356,-17.464046478271484,-0.2617633640766144
1.2524805068969727,-0.04357015980056487,-1.4636708383940271,-0.033294081687927246,-0.019897278744773705,0.06740695826180534,-0.022682547569274902,-14.598548889160156,-2.6649694442749023
1.315519094467163,-0.05163473651713166,-1.5508841626076184,-0.04103213548660278,-0.01657055710871667,1.1311005453692742,-0.022944629192352295,-15.194116592407227,1.1570067405700684
1.3784732818603516,-0.056383369832812315,-0.9254574253593222,-0.04699540138244629,-0.013814150286169231,0.8497287336753457,-0.019763082265853882,-16.414440155029297,1.8003873825073242
1.4415910243988037,-0.06012118333164868,-0.7817871666306531,-0.05123811960220337,-0.010863844067249075,0.9932117388898688,-0.016443580389022827,-15.747044563293457,-0.21238009631633759
1.5046191215515137,-0.06495427461081783,-0.8418955446715821,-0.05518615245819092,-0.005862828225041452,1.849077331984328,-0.012450098991394043,-17.242918014526367,-0.4617692530155182
1.567871332168579,-0.06644101396435727,-0.410416634700209,-0.06010937690734863,-0.0036649775697976685,0.5710018778687324,-0.008252054452896118,-11.603679656982422,-0.6189484000205994
1.6309924125671387,-0.06665069610873334,-0.10725319529751692,-0.06276285648345947,0.0011485224355691848,1.6107974224868071,-0.006229519844055176,-8.432260513305664,1.271790623664856
1.6940269470214844,-0.06684757786625017,0.10139406794991636,-0.06250989437103271,0.0033684804422554064,1.0974887268335463,-0.0017639100551605225,-10.297167778015137,-0.4252606928348541
1.757145881652832,-0.06755397762022625,0.01998561584112016,-0.06130802631378174,0.005235781665250276,0.5745598818910242,0.0011040568351745605,-15.014079093933105,-0.45315733551979065
1.8205640316009521,-0.06802297364679961,-0.08038229261084848,-0.06184577941894531,0.004877220295313263,-0.1314794931972094,0.0019240379333496094,-13.971369743347168,-0.5958280563354492
1.8836238384246826,-0.06835857889586433,-0.15547095178347325,-0.0628705620765686,0.0033769047620118954,-0.5689505624346393,0.001563429832458496,-12.982447624206543,-1.2276651859283447
1.9467334747314453,-0.07073094125601281,-0.05435407169954412,-0.06345075368881226,0.0023478427825081695,-0.2966137327982649,0.0007817745208740234,-16.421730041503906,-4.62945032119751
2.0096657276153564,-0.07394997147223727,-0.57725951580447,-0.06442433595657349,-0.0026229826863820764,-1.0759161857363335,-0.00031685829162597656,-19.717514038085938,-1.8017412424087524
2.0728466510772705,-0.0768181629865811,-0.33106800489413674,-0.06737244129180908,-0.01000453179712896,-1.8801696544872188,-0.005480587482452393,-19.923450469970703,-1.4362274408340454
2.1361148357391357,-0.08191887291225326,-0.733943987393057,-0.07099175453186035,-0.017672953570656805,-2.789964634162811,-0.01301833987236023,-22.027002334594727,-0.535009503364563
2.1993408203125,-0.08521578832128242,-0.4175323618645215,-0.07509130239486694,-0.021380866796659955,-1.4884590840896728,-0.021217674016952515,-21.84657096862793,-2.6409592628479004
2.262420892715454,-0.08778125260489748,-0.2926342679290085,-0.07774865627288818,-0.02266122300576898,-0.28114202822538176,-0.02502170205116272,-22.852737426757812,-0.02078467607498169
2.3253896236419678,-0.0884557892882267,-0.06001861338758522,-0.07879507541656494,-0.022329307678116948,0.028411419792532266,-0.026412397623062134,-23.84745979309082,0.6310162544250488
2.388596534729004,-0.08830023208596335,-0.02537671327053888,-0.07902473211288452,-0.020318814517658598,0.3942813738932595,-0.025595158338546753,-23.69793128967285,0.5115818381309509
2.451904296875,-0.08876356642548927,-0.044242522375785125,-0.07933700084686279,-0.014712689319704889,2.395951407301809,-0.02329730987548828,-23.649860382080078,3.196556329727173
2.5145750045776367,-0.08906729246760468,-0.07710553166345954,-0.07995593547821045,-0.011695193018129109,1.4275464522054857,-0.018321692943572998,-22.942113876342773,3.26875901222229
2.5764660835266113,-0.09003740325701115,-0.21089817922426152,-0.08092993497848511,-0.009638077230924816,1.0222363144628006,-0.014608830213546753,-21.571420669555664,-0.30991241335868835
2.638711452484131,-0.09209876553872949,-0.27873078813041047,-0.08276015520095825,-0.008895424333683441,0.16983491138004603,-0.011554807424545288,-21.820911407470703,-4.136145114898682
2.7016899585723877,-0.09339521993218039,-0.3208160154347681,-0.0855635404586792,-0.008600647100146512,-0.0011041323915459912,-0.01063239574432373,-19.008939743041992,-3.7588627338409424
2.764333486557007,-0.09506785802186103,-0.14966630350514457,-0.08777594566345215,-0.0069403765521865715,0.2785590298445599,-0.010837167501449585,-17.939529418945312,-0.7834405303001404
2.827486276626587,-0.09664977433961948,-0.11244963245855413,-0.08835798501968384,-0.004576924224802899,0.5876678619481507,-0.009991079568862915,-21.761676788330078,0.381288081407547
2.890723705291748,-0.0982232446725499,-0.07654375941767633,-0.08832019567489624,-0.006059509453331361,-0.46078801725904994,-0.007891535758972168,-25.494983673095703,-1.506956934928894
2.954115867614746,-0.09905840124126364,-0.14067813482612715,-0.08913397789001465,-0.005517972373597356,-0.07352438427715366,-0.008563041687011719,-26.043855667114258,-0.9976975917816162
3.009150981903076,-0.10001218252410378,-0.2752197847401693,-0.0906328558921814,-0.004971072774123232,0.11073305608768667,-0.008704274892807007,-24.624757766723633,-0.41400420665740967
3.065315008163452,-0.10163786420850979,-0.14507863922194128,-0.09161674976348877,-0.003665614764461748,0.1608935794862544,-0.008402884006500244,-25.442487716674805,0.37902218103408813
3.1285386085510254,-0.10098540064462963,-0.012362725700005364,-0.09233599901199341,-0.002405274792645879,0.47571357355123645,-0.007573604583740234,-23.815279006958008,1.207053780555725
3.191474437713623,-0.0997322638076378,0.03936607513789835,-0.09245514869689941,-0.0027383260771639585,0.10708163596852512,-0.006336331367492676,-20.387693405151367,-0.04857942461967468
3.2545320987701416,-0.09932047314633222,0.031173742671510733,-0.09216642379760742,-0.0017143768999065537,-0.02177217967581783,-0.0059671103954315186,-20.850610733032227,-0.13846455514431
3.317131519317627,-0.09775510468646784,0.10303231383514752,-0.09167236089706421,-0.0014956361315476602,0.008164964194960688,-0.005047887563705444,-19.374683380126953,-0.5889571309089661
3.3801767826080322,-0.09723506857966736,0.10279827034915405,-0.09078317880630493,-0.0007973027881919095,0.17336939167962329,-0.0047607421875,-19.830480575561523,-0.5995317697525024
3.4430668354034424,-0.09608227713975279,0.1290137857363108,-0.08988404273986816,2.9145066340742334e-05,0.15845935402242167,-0.004298895597457886,-19.213884353637695,0.46308648586273193
3.506251335144043,-0.09585533663683547,0.012167615584314463,-0.0892135500907898,0.0006351515235723662,0.15515904594562885,-0.003787696361541748,-20.239643096923828,0.6855435371398926
3.569303035736084,-0.09551014116028586,0.05186536131476715,-0.08882284164428711,0.0006759043157724032,0.017106402881772086,-0.0033224821090698242,-21.08740234375,0.6576576232910156
3.632600784301758,-0.09524611316358814,0.05518914044922372,-0.08843672275543213,0.0011165873162603452,0.12227267093039237,-0.0031972527503967285,-21.49588394165039,1.0781972408294678
3.695664405822754,-0.09501365096492952,0.06633074209593937,-0.08807229995727539,0.0012788108858481572,0.05731910821093049,-0.0029875636100769043,-21.053651809692383,1.4955880641937256
3.7587316036224365,-0.09511890039032166,0.001728340426601878,-0.08772724866867065,0.0017631379066443385,0.294569322337506,-0.0029365718364715576,-22.156007766723633,1.4095083475112915
3.8209304809570312,-0.09486669516243063,0.023262504062381985,-0.08753764629364014,0.0021287948912041828,0.21547814270669557,-0.0026043057441711426,-22.4545841217041,1.8061083555221558
3.8828697204589844,-0.09384378205397771,0.007580067603098489,-0.08751887083053589,0.002666984370692991,0.42190178217698737,-0.0022250711917877197,-20.004444122314453,1.2688381671905518
3.9450111389160156,-0.09267921339953032,0.17138010397209116,-0.08725309371948242,0.0033560890468940932,0.16145557409558567,-0.001064985990524292,-18.948678970336914,0.5770314931869507
4.006829261779785,-0.09227419734147708,0.09750870967486301,-0.08646100759506226,0.0037643865654902304,0.1282415522439719,5.385279655456543e-05,-19.525604248046875,-0.2431119978427887
4.0690038204193115,-0.0913112117242092,0.06647149822185414,-0.08584314584732056,0.004209214782609015,0.03164217781800056,0.0004852414131164551,-18.869049072265625,-0.19637472927570343
4.131864070892334,-0.09108369280853659,0.015491739235978703,-0.08550369739532471,0.005345965914141446,0.31385662154807836,0.0005276799201965332,-19.431222915649414,1.9517090320587158
4.194781541824341,-0.09012465329413023,0.07339993676198657,-0.08490657806396484,0.007365639132338102,1.4079556150484822,0.0011950135231018066,-18.553022384643555,0.54459547996521
4.25770115852356,-0.08992516559034905,0.06530125738519747,-0.08395326137542725,0.010841201815182156,0.9282825191272459,0.0033512115478515625,-20.477144241333008,0.8146413564682007
4.320733308792114,-0.09032263677047508,0.027944195942212077,-0.08295631408691406,0.014471506755319502,0.6948944204332803,0.0060797035694122314,-23.532011032104492,5.513335227966309
4.383948564529419,-0.09061035826909014,-0.011191781199752584,-0.0825812816619873,0.017053837620027382,0.6147733698813551,0.00893440842628479,-24.684680938720703,7.553096294403076
4.446726083755493,-0.09104076481689746,-0.05720936594829618,-0.0829651951789856,0.016593030272294515,0.1168663225799973,0.011881887912750244,-24.6536922454834,2.071014165878296
4.50969934463501,-0.09256686704205674,-0.26669923489935343,-0.08429199457168579,0.018123161866457068,0.2926271991088495,0.012590169906616211,-23.461511611938477,3.695188045501709
4.572761535644531,-0.09469027911249286,-0.2787303199966251,-0.08645004034042358,0.017302803192501152,-0.020179813827388638,0.013759076595306396,-23.694963455200195,0.4629707932472229
4.635935544967651,-0.10042507762827388,-0.685117259072408,-0.08851629495620728,0.016862839464181455,-0.051498010881718535,0.013350099325180054,-29.901626586914062,0.6497668027877808
4.699061870574951,-0.1055219723894541,-0.7951286986332984,-0.09244281053543091,0.015671317613620724,-0.16537153661685727,0.012659966945648193,-32.18922424316406,0.6473785042762756
4.762887954711914,-0.11931467479379193,-1.302960228997783,-0.09798187017440796,0.00717181214954797,-2.888061132618579,0.01104724407196045,-36.67012023925781,-8.770142555236816
4.825082540512085,-0.12657363876688862,-1.5410997919864513,-0.10658752918243408,-0.003309767474377322,-5.268803809501434,0.003795534372329712,-37.71369552612305,-4.091224670410156
4.888081312179565,-0.13339571261498795,-1.2103632726257318,-0.11747020483016968,-0.01367766754914011,-2.0424707016058643,-0.005786031484603882,-28.294050216674805,-4.423791408538818
4.951239109039307,-0.14564182236864387,-1.5876791036303177,-0.12668728828430176,-0.02899786428491615,-2.0713551179234573,-0.01541680097579956,-34.39778518676758,-15.303967475891113
5.014113426208496,-0.15244576371762622,-1.1463693841662692,-0.1353568434715271,-0.03504707916341794,-0.5536655730220492,-0.028648734092712402,-32.23368453979492,-11.246184349060059
5.0770580768585205,-0.15462668629677168,-0.38803946525271016,-0.1421220302581787,-0.038153953591862785,-1.3699504545638561,-0.03801161050796509,-26.041189193725586,-1.1621415615081787
5.14000678062439,-0.156820227275419,-0.053604712394292625,-0.14455747604370117,-0.039018203032982215,-0.21616452046279844,-0.04171949625015259,-29.05453109741211,0.15399891138076782
5.2032952308654785,-0.15573290394180994,0.19712776645415364,-0.1440066695213318,-0.03858112975357247,0.2166720008928239,-0.042885929346084595,-29.767314910888672,0.8894574642181396
5.266458034515381,-0.15167993608430463,0.5960245649640886,-0.14164948463439941,-0.03507344610500141,1.2005020344370079,-0.04180949926376343,-28.533479690551758,2.6309096813201904
5.329302072525024,-0.15067698028128435,0.29052045663456916,-0.13784676790237427,-0.03238984275487284,0.9213538582235654,-0.03793442249298096,-34.52037811279297,-0.22179535031318665
5.39197564125061,-0.146167602360435,0.5556246192870468,-0.13490396738052368,-0.030853217249066554,0.5819334571443161,-0.032980769872665405,-29.66480255126953,-7.6541876792907715
5.4537811279296875,-0.1354393425893566,1.3691944185004907,-0.13327693939208984,-0.024203739016751057,1.3595271749524223,-0.029871374368667603,-14.303403854370117,-4.081206798553467
5.516902208328247,-0.1260302744908648,2.5617653303458363,-0.1282833218574524,-0.018936858362204153,1.1164955202799276,-0.025339961051940918,-6.343306064605713,-0.2998991012573242
5.580048084259033,-0.11784416506177658,2.1493394654388385,-0.11761295795440674,-0.014235175908308667,1.0159637898726883,-0.019592761993408203,-13.149394989013672,-1.9396445751190186
5.643015384674072,-0.11343356487518275,1.338344495671662,-0.10467618703842163,-0.008951922890920248,0.9445031675366461,-0.014134466648101807,-29.670827865600586,-4.81987190246582
5.705970048904419,-0.11177064831461024,0.26158997595249595,-0.09721362590789795,-0.002539106310739375,2.67819001551272,-0.01129990816116333,-36.310543060302734,4.775242328643799
5.769042015075684,-0.11125116428142384,-0.17850259566960222,-0.097195565700531,0.0020747374207561666,0.7915874538005225,-0.007968515157699585,-31.42795753479004,6.136591911315918
5.83228325843811,-0.1109112609789195,-0.07073820413013851,-0.09854662418365479,0.009942171018401056,1.3972357258706407,-0.006145983934402466,-29.107656478881836,17.469764709472656
5.89544677734375,-0.11124000457828224,0.0644588623417769,-0.09759634733200073,0.013164009589236188,1.3992018877691759,0.003233879804611206,-32.64918899536133,4.923793315887451
5.958475589752197,-0.10976318185360658,-0.15341060136732265,-0.09756094217300415,0.02038245874832051,1.6402675677966496,0.010361313819885254,-28.235483169555664,6.976827621459961
6.021419525146484,-0.10773053864719642,-0.05060844550775007,-0.10028904676437378,0.023829652268332592,0.6874982811315339,0.016261667013168335,-16.824325561523438,5.092558860778809
6.084498882293701,-0.10433869959913356,0.5123691979594109,-0.10085803270339966,0.02605286652919849,0.5113395376984996,0.020523250102996826,-9.857549667358398,0.45143768191337585
6.147419691085815,-0.10302269666279924,0.4340972290463009,-0.09831923246383667,0.025256054984146733,-0.5390590967179679,0.022756844758987427,-15.760101318359375,-1.555267572402954
6.210472345352173,-0.10249435417090316,0.24679690152156786,-0.0948989987373352,0.02287483307956597,-0.4501839443797079,0.02295258641242981,-20.108238220214844,-4.50430965423584
6.273489713668823,-0.10212969722855661,-0.05837953656488502,-0.09464281797409058,0.02196974736777688,-0.43089683242264964,0.019723623991012573,-18.0603084564209,-1.247949242591858
6.336334943771362,-0.10213319980124742,-0.06132882037439384,-0.0951043963432312,0.016310524638758914,-3.504453262316349,0.018727600574493408,-17.6785831451416,-0.5929255485534668
6.399284839630127,-0.101668732197906,0.12863987557859474,-0.0947725772857666,0.00914915155498893,-3.9427912685108972,0.012988805770874023,-18.438730239868164,-2.311352252960205
6.462328672409058,-0.10417519035789488,-0.10790811446324325,-0.09350407123565674,-0.001838994499995973,-5.319152908892091,0.00547519326210022,-26.40479850769043,-7.19639253616333
6.525036334991455,-0.10614391103237505,-0.1703103480524632,-0.09360265731811523,-0.00795184739120657,-2.673260004992279,-0.005059421062469482,-30.19733238220215,-3.2809178829193115
6.587940454483032,-0.10788659709532726,-0.2704909781206783,-0.095095694065094,-0.016653921199261793,-3.5211442915532847,-0.012490630149841309,-30.723522186279297,-6.085999011993408
6.6505045890808105,-0.10939223060462597,-0.12321613605807334,-0.0964958667755127,-0.02274704174975713,-0.9932675404370843,-0.021741032600402832,-31.018543243408203,-3.4114792346954346
6.712723016738892,-0.11017106034528484,-0.07050431863929758,-0.09741032123565674,-0.02681249907985286,-0.6424949418761005,-0.027719229459762573,-31.882417678833008,-0.654972493648529
6.775557994842529,-0.10880973647300285,0.0018691064272136821,-0.09825372695922852,-0.027858148655157722,-0.04925243163004343,-0.03072306513786316,-27.236827850341797,-0.387570321559906
6.838572978973389,-0.10787356245234897,0.008001635243082828,-0.09856623411178589,-0.026779866299782604,0.5062819607215464,-0.030875295400619507,-24.645492553710938,-0.16701184213161469
6.90191650390625,-0.10709774021456911,0.07129333472784186,-0.09826993942260742,-0.02579959540964179,0.43236363601233535,-0.02945709228515625,-24.50062370300293,-3.183932065963745
6.965099334716797,-0.10505444395160486,0.10228377961569274,-0.09808516502380371,-0.02311486758796051,0.3257462132087233,-0.02635514736175537,-20.153522491455078,-5.945200443267822
7.028085708618164,-0.1044469491991758,-0.010161968063901902,-0.09833025932312012,-0.02206831045546295,0.4128660042919983,-0.023357510566711426,-17.721689224243164,-7.614699363708496
7.091134786605835,-0.1039946266550442,0.0734935401123704,-0.09832501411437988,-0.011667071735169541,3.303990510775252,-0.02222520112991333,-16.788299560546875,6.913396835327148
7.153915166854858,-0.10396325386885065,0.251618468850629,-0.09696024656295776,-0.005282889029227837,3.9320863596141873,-0.015589892864227295,-21.831926345825195,0.5049457550048828
7.217031002044678,-0.10388567894240827,0.22053440890904968,-0.09397155046463013,-0.0005215689372617739,0.9928366701010339,-0.00904172658920288,-28.192712783813477,4.835750579833984
7.280143737792969,-0.10389702632307724,-0.03235146779706092,-0.09268707036972046,0.006882717103591746,1.8170798259940544,-0.004154860973358154,-30.314428329467773,8.811897277832031
7.343127489089966,-0.10350859341926727,-0.13070639365736755,-0.09339988231658936,0.01009223180573651,0.8106155941475166,0.0018735229969024658,-26.919719696044922,6.755114555358887
7.406029224395752,-0.10281526752435885,-0.13243848866321986,-0.09474688768386841,0.011521890271464571,0.5618493006042946,0.006012260913848877,-22.5884952545166,1.7297857999801636
7.469125747680664,-0.10214029326839522,-0.1513042919167938,-0.0961657166481018,0.011651882380493335,0.009825947484438869,0.008449852466583252,-18.025096893310547,-1.0954763889312744
7.532618045806885,-0.10192263269971276,0.042971237787393486,-0.0965566635131836,0.011001696976782759,-0.4811761798792878,0.008413255214691162,-17.225971221923828,-0.972804605960846
7.595530271530151,-0.10136513394717825,0.10879087434230696,-0.09599548578262329,0.009283128902490034,-0.5261170700877534,0.008268147706985474,-18.079877853393555,-2.6827003955841064
7.658663988113403,-0.1008778168986039,0.09694711297924931,-0.09520572423934937,0.008969335404499186,-0.13756605164108515,0.006609588861465454,-19.107282638549805,-1.8015797138214111
7.7217137813568115,-0.10042851854275452,0.038289990634659495,-0.09429192543029785,0.005455413267400069,-1.6354070283299567,0.005565285682678223,-20.358469009399414,-1.3222635984420776
7.784741163253784,-0.09962273367165536,0.06675256574658757,-0.09347027540206909,0.0033915786974711495,-1.3209383452642023,0.0023589134216308594,-19.961181640625,-0.26212960481643677
7.847855091094971,-0.09931208605494238,0.09493421962559014,-0.09289193153381348,0.0021072640248841036,-0.43057133900168504,0.00012451410293579102,-20.923397064208984,-0.6083458065986633
7.9109015464782715,-0.0996435296765121,0.07419591048891583,-0.09183627367019653,0.0023553072670227343,0.1962831828852865,-0.001728355884552002,-24.22104835510254,1.0899215936660767
7.973815441131592,-0.10022862456140279,0.04245646032198864,-0.09082967042922974,0.003234965405994442,0.25360618830998016,-0.002019137144088745,-27.814573287963867,2.279555320739746
8.036772966384888,-0.10101619750917101,-0.015826198881851158,-0.09038418531417847,0.005215960100144398,0.2300356990302062,-0.0019953250885009766,-29.871843338012695,5.177488327026367
8.099909543991089,-0.10269066201026722,-0.20481183144058918,-0.09061247110366821,0.009430267866342665,1.1497079270699817,-0.0006828904151916504,-33.95355224609375,8.689579010009766
8.162657499313354,-0.10418414460975395,-0.17157437949301785,-0.0916210412979126,0.0145229125602339,0.9396562975764859,0.003642946481704712,-34.22392272949219,8.979546546936035
8.225558280944824,-0.10591571088923211,-0.39627861987514285,-0.09416896104812622,0.01969642112599246,0.9314405496433215,0.009310662746429443,-31.819774627685547,6.871653079986572
8.288406133651733,-0.10764341651420549,-0.41706375994537065,-0.09791731834411621,0.02244949720270321,0.6626615367757248,0.01536300778388977,-25.899003982543945,3.966547966003418
8.351409912109375,-0.10913825682863151,-0.4335888825687725,-0.10192358493804932,0.023244857697677482,0.5100031093680382,0.019191473722457886,-20.945659637451172,-0.48607954382896423
8.414978265762329,-0.11327504130487856,-0.3542870193278583,-0.10500454902648926,0.023260688589339048,0.046012305077195524,0.02016693353652954,-22.25819969177246,-1.373465657234192
8.47856068611145,-0.1124726841149727,-0.0878720820763573,-0.10760259628295898,0.02359527389785021,-0.020626558287517166,0.0206148624420166,-17.035263061523438,-1.1098707914352417
8.541478395462036,-0.1050282208533747,1.5983926261886783,-0.10842877626419067,0.025211332237425804,0.35521467323693856,0.02024972438812256,-4.0970234870910645,0.7829568386077881
8.604224681854248,-0.09688647221735691,2.000191854167879,-0.10268735885620117,0.027093384899594602,0.2503995186936051,0.02183946967124939,-3.968221664428711,0.18529698252677917
8.667211771011353,-0.09975376083446737,0.18949718575269617,-0.09253573417663574,0.028528937319812913,0.2497441313940934,0.024336576461791992,-25.64280891418457,-0.5107244253158569
8.730329275131226,-0.0920346338879051,0.6198993880177287,-0.08772265911102295,0.031849710897613334,1.4747800276277787,0.02465859055519104,-21.162139892578125,0.31487759947776794
8.792921543121338,-0.08754449820725652,0.777988167335655,-0.0859108567237854,0.032947126068788926,-0.010772361123508607,0.024403035640716553,-14.861226081848145,12.362852096557617
8.85486388206482,-0.08417998915701541,1.0662649523637244,-0.08039730787277222,0.0275519324871588,-0.3927227224548851,0.02631959319114685,-22.294456481933594,-0.6685709357261658
8.916882753372192,-0.08203772011835803,0.21618081151852916,-0.07598304748535156,0.021562278392474876,-1.5572757804327277,0.02388903498649597,-23.24761199951172,-5.996997833251953
8.979694366455078,-0.07769388854007692,0.29417190016042,-0.07620078325271606,0.015192958536003649,-1.3340696851972185,0.016763746738433838,-12.199281692504883,-0.509246826171875
9.042673826217651,-0.07359210007696187,0.8717553645443629,-0.07479965686798096,0.0012800461389175415,-5.653331522349846,0.009894192218780518,-10.31136417388916,-10.297412872314453
9.10583209991455,-0.06710406032734498,1.8297443429163036,-0.07023429870605469,-0.0019356113945545278,-1.3572196498975986,-0.001943141222000122,-8.590603828430176,-2.9303853511810303
9.168721914291382,-0.0629355013994993,0.9987600605140207,-0.06381595134735107,-0.004130562005155345,-1.3492145621678486,-0.004882097244262695,-11.639220237731934,-0.6557350158691406
9.231808423995972,-0.057916648314746834,0.897081402332636,-0.05820143222808838,-0.005525240416067647,-0.8268709780837907,-0.007375180721282959,-13.500985145568848,-0.9082146883010864
9.29481840133667,-0.053733174231694325,0.7033676419483957,-0.05421733856201172,-0.005206451152215963,0.1815827989438608,-0.008401751518249512,-10.779303550720215,-1.0128766298294067
9.357134103775024,-0.04718819530935766,1.3583336210532542,-0.051206111907958984,-0.0010989712364703947,1.1279854895346952,-0.008563697338104248,-4.364897727966309,5.528783321380615
9.419229507446289,-0.042657034710678055,1.1449582416836634,-0.045458078384399414,0.0019417730140371804,0.47840309577491824,-0.004300028085708618,-6.449585914611816,2.128767490386963
9.4811372756958,-0.03918538097725176,0.8405776544390212,-0.04018682241439819,0.004981511164284706,0.41366024007224933,-0.0006431043148040771,-10.208786010742188,0.45302262902259827
9.543297529220581,-0.035536693915601096,0.6371268049459359,-0.037441372871398926,0.005485526320879899,0.014014407024876524,0.0020212531089782715,-5.702076435089111,-0.33169570565223694
9.605132579803467,-0.03312936702658076,0.6296366643800879,-0.035508692264556885,0.007153996537942145,0.6134129262877045,0.0018165409564971924,-4.981955528259277,2.1900136470794678
9.667370080947876,-0.029276951983764826,1.1294631070148227,-0.03229612112045288,0.008523133771697208,0.23445865044102865,0.0035282671451568604,-4.993093013763428,2.2466366291046143
9.729267597198486,-0.02656533824076148,0.7463892304502415,-0.028523504734039307,0.007783068568055203,-0.06753443109156038,0.005026459693908691,-6.85169792175293,-0.37951838970184326
9.791744947433472,-0.025247825541300103,0.3524546500651807,-0.02606135606765747,0.006760019860043042,-0.10119326196268381,0.004010051488876343,-6.79573392868042,0.23852001130580902
9.851232767105103,-0.023240803956482942,0.3776403881579797,-0.02520287036895752,0.0057352204547862174,-0.07127953648451821,0.0033772289752960205,-4.697052001953125,-0.8321974873542786
9.914304971694946,-0.02157406143494965,0.45015431151109425,-0.024383902549743652,0.004531562380974698,-0.34015223462591115,0.00249519944190979,-2.7548961639404297,-1.0463294982910156
9.976642608642578,-0.018927268887610003,0.5936841769175324,-0.023330986499786377,0.003557323512908761,-0.2893831256030237,0.001499950885772705,-0.5830945372581482,-0.8026087880134583
10.038821458816528,-0.017203667483065236,0.2731998342696957,-0.021514177322387695,0.0036132924703278224,-0.09653541272170964,0.0007795095443725586,-0.7919135093688965,-1.6444429159164429
10.101191759109497,-0.015589251275499115,0.40914588553983433,-0.01921898126602173,0.004773595032929632,0.43753506312588947,0.000697016716003418,-1.1356382369995117,-0.6710981130599976
10.164178848266602,-0.014126662465264755,0.24422235295557182,-0.01716136932373047,0.005317418073188236,-0.017795266135691646,0.0012411773204803467,-1.9583613872528076,0.8766188025474548
10.2273268699646,-0.013667267885325277,-0.011425506501063817,-0.015726149082183838,0.0061942179349537985,0.1571697624771861,0.001806497573852539,-3.024198055267334,0.9241569638252258
10.290346145629883,-0.013048096093916548,-0.07181474213798195,-0.015568017959594727,0.006508662037754012,0.10881154244893085,0.0030334293842315674,-1.8644989728927612,-0.24606114625930786
10.35297179222107,-0.013034866140257489,0.03557514529902556,-0.01577991247177124,0.005775293122687471,-0.08207005534722668,0.0029887855052948,-0.6491531133651733,-0.0348433256149292
10.415928840637207,-0.013012306327188678,0.07588149055151977,-0.015504837036132812,0.0055771786708964655,-0.05775052860417869,0.0024324655532836914,-1.4705644845962524,-0.34927234053611755
10.479111194610596,-0.012863988370259797,0.07901798691346856,-0.014826297760009766,0.00550972001530218,0.008279753524968465,0.002269536256790161,-2.8216071128845215,-0.695881187915802
10.54241418838501,-0.01275555935304524,-0.025375853074708275,-0.014571905136108398,0.005555511623038474,-0.004196027581391224,0.0021863579750061035,-3.035003900527954,-0.32838696241378784
10.605274677276611,-0.012720758832083253,-0.026031252077564595,-0.014652013778686523,0.005544199544175402,-0.017467647094757843,0.0022250115871429443,-2.3295698165893555,-0.04525786638259888
10.66830062866211,-0.012729332488449195,-0.08309676636529027,-0.014719367027282715,0.005593657225444515,-0.008175192186711885,0.002185046672821045,-2.448115110397339,-0.0415097177028656
10.731274127960205,-0.012539983628028656,0.002852607233969963,-0.014754295349121094,0.005216827062117945,0.03561870807358997,0.0022450685501098633,-2.2208244800567627,-0.3503686189651489
10.7938973903656,0.00725320133822298,4.46678914376568,-0.014583408832550049,-0.010537193380422714,-7.686344048956186,0.0018171370029449463,17.15224838256836,-2.6334002017974854
10.857094526290894,0.00725320133822298,1.1692555086652172,0.00022524595260620117,-0.010537193380422714,-0.4670159286994168,-0.012766867876052856,2.0225582122802734,-1.061927080154419
10.920052289962769,0.007147900756182472,0.5942935934793212,0.008857786655426025,-0.010537514233971564,-0.011802660679620646,-0.015042155981063843,-12.2391939163208,2.2123446464538574
10.982419967651367,0.006896277550556277,-0.5604520616951143,0.008189916610717773,-0.01050996188659357,0.3044919328654915,-0.014268755912780762,-5.195774555206299,-0.09598267078399658
11.04457426071167,0.006385135774107851,-0.40905764232129294,0.004223823547363281,-0.010567458161780454,0.2719332749067001,-0.01340743899345398,1.9548078775405884,-2.103436231613159
11.106547355651855,0.0060880938389063595,0.03318835056515881,0.0012151002883911133,-0.010487366393943298,0.23015233456283002,-0.01286664605140686,8.205245971679688,-4.183709621429443
11.168562889099121,0.004682055171275021,-0.10921791768466199,0.002040863037109375,-0.010179099769018428,0.030118744669466433,-0.013324856758117676,0.9718706011772156,-0.7165682315826416
11.231089353561401,0.003991160316457742,-0.014935714795328922,0.0031055212020874023,-0.009897184681550923,0.014155372348076628,-0.013385593891143799,-2.872626304626465,-0.7039704918861389
11.29341459274292,0.0027798434063882587,-0.31819278095509407,0.00378572940826416,-0.008522143591760381,0.396550418350926,-0.013765484094619751,-6.05731201171875,1.2792422771453857
11.355849742889404,0.0021097068337440654,-0.24806636331403276,0.0019241571426391602,-0.00599390825832594,0.785897287639405,-0.011715710163116455,-2.906132459640503,0.27762898802757263
11.41799807548523,0.001241772869147833,-0.04054267089069134,-0.0004146695137023926,-0.004001081438500678,0.828357021972055,-0.009492754936218262,-0.04054749011993408,1.936354160308838
11.480086088180542,-0.00030012657090530963,-0.0752781889873023,-0.0008286237716674805,-0.0020912575031607366,0.24045120762080302,-0.007290303707122803,-0.3169962763786316,0.20685255527496338
11.542125225067139,-0.002316787097437584,-1.222206027501151,-0.0019175410270690918,-0.001777953549810698,0.07831307105946521,-0.005437642335891724,-3.789722442626953,-0.291269451379776
11.604669570922852,-0.004461214832723737,-0.6368984960988131,-0.0032261013984680176,-0.0015163478843980838,0.007297161921798449,-0.005701214075088501,-4.653763771057129,1.4482008218765259
11.667557001113892,-0.008278450673668666,-1.0389318377840753,-0.0050389766693115234,-0.0018905062441724385,-0.034741226402956266,-0.0049943625926971436,-7.638352870941162,-0.33722108602523804
11.730596542358398,-0.010660774285293946,-0.4816185663064582,-0.008534610271453857,-0.002296669386946039,-0.10142690753495973,-0.005312591791152954,-5.970895290374756,-0.34204113483428955
11.793770551681519,-0.012304631776787884,-0.5600777887337145,-0.012022018432617188,-0.0030661406007067103,-0.16677841908201618,-0.0056046247482299805,-2.9097399711608887,-1.6423431634902954
11.856742143630981,-0.01967717863988381,-2.243955108320143,-0.013873040676116943,-0.00950885940847433,-3.6919666843401804,-0.005933016538619995,-11.09914493560791,-0.12603914737701416
11.919663429260254,-0.026174702815774196,-1.3378353533666985,-0.01914501190185547,-0.01583156792403565,-1.907510352834191,-0.011595606803894043,-13.313822746276855,-3.624721050262451
11.98252558708191,-0.036990757715190156,-2.612516837538394,-0.026514768600463867,-0.01965435894689119,-0.6394529617254169,-0.018362700939178467,-16.049360275268555,-2.2690534591674805
12.045086860656738,-0.04357015980056487,-1.8115867441565756,-0.03614765405654907,-0.019897278744773705,-0.21082966784477328,-0.02267378568649292,-13.715410232543945,-1.3966131210327148
12.107215404510498,-0.05163473651713166,-1.624333230010379,-0.04338186979293823,-0.01657055710871667,1.165436847751234,-0.022960275411605835,-15.868514060974121,1.4282325506210327
12.1696195602417,-0.056383369832812315,-0.9040157744684979,-0.04913872480392456,-0.013814150286169231,1.100553505099577,-0.019844800233840942,-16.186532974243164,2.1783242225646973
12.232666492462158,-0.06012118333164868,-0.787310021776881,-0.05309516191482544,-0.010863844067249075,1.1953740033253573,-0.01674458384513855,-17.680912017822266,0.6543598771095276
12.294734716415405,-0.06495427461081783,-0.982287743381608,-0.05690866708755493,-0.005862828225041452,2.153620455279249,-0.012757956981658936,-18.265811920166016,-0.35089096426963806
12.35713529586792,-0.06644101396435727,-0.5225335527741592,-0.06180602312088013,-0.0036649775697976685,0.8350748354188069,-0.008304864168167114,-12.068970680236816,-1.324285864830017
12.419026136398315,-0.06665069610873334,-0.19381000869051135,-0.06492334604263306,0.0011485224355691848,1.3299391535554246,-0.005984842777252197,-7.536993503570557,1.071175456047058
12.481465816497803,-0.06684757786625017,0.036652277251609175,-0.065030038356781,0.0033684804422554064,1.1963338648388706,-0.001714557409286499,-9.565079689025879,-0.6164278984069824
12.543577194213867,-0.06755397762022625,-0.0464882859551382,-0.06359142065048218,0.005235781665250276,0.5433808610110836,0.0011826157569885254,-14.159470558166504,-1.987511396408081
12.605546236038208,-0.06802297364679961,-0.07354638656506585,-0.0635266900062561,0.004877220295313263,-0.11359812848088055,0.0019436180591583252,-14.806440353393555,-0.8784317374229431
12.667973279953003,-0.06835857889586433,-0.04578609990627076,-0.06432956457138062,0.0033769047620118954,-0.6563290910610858,0.0014051496982574463,-13.588387489318848,-1.393470048904419
12.730658292770386,-0.07073094125601281,-0.299701917753564,-0.06499320268630981,0.0023478427825081695,-0.5312203369221583,0.00024005770683288574,-17.72353172302246,-1.0984947681427002
12.79254674911499,-0.07394997147223727,-0.40774724222929787,-0.0663614273071289,-0.0026229826863820764,-1.6229084180212405,-0.0007545948028564453,-20.15370750427246,-0.2588343620300293
12.855615854263306,-0.0768181629865811,-0.4539520468448718,-0.06933540105819702,-0.01000453179712896,-2.4813485596816958,-0.005365222692489624,-20.047245025634766,-4.372466087341309
12.917878866195679,-0.08191887291225326,-0.7766366650973049,-0.07319414615631104,-0.017672953570656805,-1.9681334907855077,-0.01247677206993103,-20.962574005126953,-1.5942119359970093
12.980844974517822,-0.08521578832128242,-0.4047043726244221,-0.07781612873077393,-0.021380866796659955,-0.8402119483258936,-0.02061772346496582,-20.12899398803711,-0.2104564905166626
13.043845891952515,-0.08778125260489748,-0.18894155776284585,-0.08033144474029541,-0.02266122300576898,-0.7614016255596131,-0.024802029132843018,-21.383642196655273,-1.0227638483047485
13.106692790985107,-0.0884557892882267,0.0015889047671184073,-0.08087211847305298,-0.022329307678116948,0.024595023475735583,-0.026214003562927246,-23.264589309692383,0.3458457887172699
13.169599771499634,-0.08830023208596335,0.006176651522328403,-0.08074921369552612,-0.020318814517658598,0.38821796466507,-0.02563995122909546,-23.580902099609375,0.628200888633728
13.232662916183472,-0.08876356642548927,-0.18196630584417686,-0.08098691701889038,-0.014712689319704889,2.9244733274583634,-0.02355554699897766,-24.68060874938965,3.7290077209472656
13.295832872390747,-0.08906729246760468,-0.13426348481877798,-0.08178055286407471,-0.011695193018129109,1.3641132943941336,-0.018255650997161865,-22.684167861938477,3.388089418411255
13.358798503875732,-0.09003740325701115,-0.12663290411732045,-0.08275675773620605,-0.009638077230924816,0.6339182159810407,-0.015086352825164795,-22.465932846069336,1.0573395490646362
13.42155385017395,-0.09209876553872949,-0.2256900131006584,-0.08386456966400146,-0.008895424333683441,0.21711534699425428,-0.011855065822601318,-23.818178176879883,-3.446342706680298
13.484828233718872,-0.09339521993218039,-0.34969865284397694,-0.08639192581176758,-0.008600647100146512,0.01197913833919496,-0.010433375835418701,-20.483718872070312,-4.09027624130249
13.547908306121826,-0.09506785802186103,-0.24694328695625167,-0.08948051929473877,-0.0069403765521865715,0.35128248988000405,-0.010833740234375,-17.576030731201172,-0.6414118409156799
13.610795259475708,-0.09664977433961948,-0.0967191669358102,-0.09068989753723145,-0.004576924224802899,0.5622470270683411,-0.010192841291427612,-20.545072555541992,0.32681629061698914
13.67374038696289,-0.0982232446725499,-0.017464115610514492,-0.09045529365539551,-0.006059509453331361,0.026350885048703674,-0.007787197828292847,-25.056276321411133,-1.3509842157363892
13.736856937408447,-0.09905840124126364,-0.08080260653003889,-0.09076142311096191,-0.005517972373597356,-0.6025635044914524,-0.008193939924240112,-25.711027145385742,-2.272036552429199
13.799766063690186,-0.10001218252410378,-0.1990063873348254,-0.09252339601516724,-0.004971072774123232,0.16466097975074026,-0.008562862873077393,-23.378042221069336,-0.7243965864181519
13.862681865692139,-0.10163786420850979,-0.18346436906738034,-0.09369480609893799,-0.003665614764461748,0.30109857149551267,-0.008524566888809204,-25.184377670288086,0.2548496127128601
13.924810886383057,-0.10098540064462963,0.006785182287220202,-0.09395557641983032,-0.002405274792645879,0.4563318049427773,-0.007566720247268677,-24.222000122070312,1.2461662292480469
13.987406969070435,-0.0997322638076378,0.08716374884572078,-0.09382528066635132,-0.0027383260771639585,0.07419420765227157,-0.006355494260787964,-21.852069854736328,0.1555468887090683
14.05027985572815,-0.09932047314633222,0.05308361512278535,-0.0934603214263916,-0.0017143768999065537,0.05170040267214898,-0.0061178505420684814,-21.584863662719727,0.3277725577354431
14.113111734390259,-0.09775510468646784,0.07499231723959655,-0.09316593408584595,-0.0014956361315476602,-0.04644381909720079,-0.005460590124130249,-19.3701171875,0.3152175545692444
14.176110029220581,-0.09723506857966736,0.15663484940733818,-0.09230387210845947,-0.0007973027881919095,0.17297050658445798,-0.005082219839096069,-20.372501373291016,0.05681079626083374
14.23928165435791,-0.09608227713975279,0.1065913477517672,-0.09121072292327881,2.9145066340742334e-05,0.16971701188620172,-0.0043160319328308105,-20.755352020263672,0.21806669235229492
14.302334308624268,-0.09585533663683547,0.05612658420609044,-0.090354323387146,0.0006351515235723662,0.052706972234097225,-0.0036524534225463867,-21.331485748291016,0.5390592813491821
14.3651442527771,-0.09551014116028586,-0.0019220006076114647,-0.09022557735443115,0.0006759043157724032,0.029932275279410718,-0.0032722949981689453,-20.28249740600586,0.8759034276008606
14.428363800048828,-0.09524611316358814,0.045219067007074495,-0.09022051095962524,0.0011165873162603452,0.10909373349474917,-0.0032278597354888916,-20.087604522705078,1.0622154474258423
14.491275072097778,-0.09501365096492952,0.059263121529745444,-0.09001338481903076,0.0012788108858481572,0.09486251323301678,-0.0029266178607940674,-20.422706604003906,0.9572508335113525
14.554399013519287,-0.09511890039032166,0.008283388876395443,-0.08975648880004883,0.0017631379066443385,0.23207252572364223,-0.002768278121948242,-21.00641632080078,1.7636648416519165
14.617527723312378,-0.09486669516243063,-0.009880181514932501,-0.08968275785446167,0.0021287948912041828,0.2412011345382693,-0.0025755763053894043,-21.061939239501953,1.8406602144241333
14.68061351776123,-0.09384378205397771,0.04737258774985746,-0.08961492776870728,0.002666984370692991,0.42222849274579394,-0.0022097527980804443,-19.37742042541504,2.1782169342041016
14.742759704589844,-0.09267921339953032,0.11375395851468409,-0.08915740251541138,0.0033560890468940932,0.20283761764094585,-0.0011900067329406738,-18.446611404418945,1.0452001094818115
14.804909467697144,-0.09227419734147708,0.12971734400233662,-0.08812928199768066,0.0037643865654902304,0.11620947236240634,-6.181001663208008e-05,-19.296493530273438,-0.019855797290802002
14.866999387741089,-0.0913112117242092,0.11880985021000992,-0.08706748485565186,0.004209214782609015,0.039037620770741285,0.0004292726516723633,-19.76459312438965,-0.4556858539581299
14.929173707962036,-0.09108369280853659,0.0461087201561277,-0.08647263050079346,0.005345965914141446,0.3522659687429891,0.0005220472812652588,-20.46402931213379,1.7835338115692139
14.991868019104004,-0.09012465329413023,0.09165813747219,-0.08607488870620728,0.007365639132338102,1.5822172931297016,0.0012888014316558838,-19.4210262298584,0.4684734344482422
15.05434799194336,-0.08992516559034905,0.0757884255549891,-0.085365891456604,0.010841201815182156,0.7796488251258605,0.0031590163707733154,-20.245161056518555,2.276560068130493
15.1170654296875,-0.09032263677047508,0.015820492038423936,-0.0843120813369751,0.014471506755319502,0.736369950295578,0.005970984697341919,-23.920434951782227,6.285316467285156
15.179888248443604,-0.09061035826909014,-0.03295905278541447,-0.08378899097442627,0.017053837620027382,0.5187111467898929,0.009148329496383667,-25.456378936767578,7.035272121429443
15.242321729660034,-0.09104076481689746,-0.0967188509455051,-0.08416783809661865,0.016593030272294515,0.07370317042145706,0.011926382780075073,-25.19198226928711,1.7113358974456787
15.304879903793335,-0.09256686704205674,-0.24722388634719974,-0.08564502000808716,0.018123161866457068,0.2042189165947345,0.012482970952987671,-23.950347900390625,3.649277687072754
15.366978883743286,-0.09469027911249286,-0.24188716119403317,-0.087779700756073,0.017302803192501152,-0.08141287743598596,0.013550043106079102,-23.670236587524414,0.744728684425354
15.429280281066895,-0.10042507762827388,-0.8174109305491248,-0.08989202976226807,0.016862839464181455,-0.13824431897935657,0.013260185718536377,-29.79184341430664,0.7238080501556396
15.49197268486023,-0.1055219723894541,-0.6885805128165418,-0.09387439489364624,0.015671317613620724,-0.3024188960237575,0.012664347887039185,-32.14459228515625,0.4122411906719208
15.55435061454773,-0.11931467479379193,-1.2164481691946696,-0.09948861598968506,0.00717181214954797,-3.1022804635764265,0.011142522096633911,-36.924434661865234,-8.950568199157715
15.616671562194824,-0.12657363876688862,-1.3494450712437627,-0.10799992084503174,-0.003309767474377322,-5.331278697454142,0.0039049386978149414,-36.53303909301758,-2.719632625579834
15.679553985595703,-0.13339571261498795,-1.2994015695881915,-0.11819350719451904,-0.01367766754914011,-1.8815753666179145,-0.0057077109813690186,-28.086633682250977,-5.138509750366211
15.742735385894775,-0.14564182236864387,-1.512215188415344,-0.12704801559448242,-0.02899786428491615,-1.6607566600610122,-0.015390515327453613,-34.51286315917969,-18.508750915527344
15.805846691131592,-0.15244576371762622,-1.1123353089561414,-0.1355597972869873,-0.03504707916341794,-0.8817826029733775,-0.028892695903778076,-32.979454040527344,-11.929588317871094
15.869041681289673,-0.15462668629677168,-0.459429118506891,-0.14229506254196167,-0.038153953591862785,-1.4792149398568173,-0.03818809986114502,-26.73647689819336,-1.0310471057891846
15.931936502456665,-0.156820227275419,-0.1418939718934784,-0.14487838745117188,-0.039018203032982215,-0.2560047653860573,-0.04225561022758484,-28.617149353027344,0.43695569038391113
15.994271278381348,-0.15573290394180994,0.11838843617642392,-0.14445841312408447,-0.03858112975357247,0.28857526712961845,-0.04321479797363281,-29.959487915039062,1.763163447380066
16.057621717453003,-0.15167993608430463,0.5089525235269209,-0.14218062162399292,-0.03507344610500141,1.5811160552130077,-0.04182237386703491,-28.705724716186523,3.4012253284454346
16.120767831802368,-0.15067698028128435,0.26674010297881584,-0.1382843255996704,-0.03238984275487284,1.4133603132272838,-0.037671834230422974,-34.3539924621582,-2.2000551223754883
16.183911085128784,-0.146167602360435,0.43344254394746723,-0.13544625043869019,-0.030853217249066554,0.40907290348269587,-0.03257417678833008,-29.907297134399414,-8.443775177001953
16.24693274497986,-0.1354393425893566,1.543247402540194,-0.13403457403182983,-0.024203739016751057,1.0466711191504947,-0.029643893241882324,-13.339526176452637,-3.946608543395996
16.3099045753479,-0.1260302744908648,2.4710885651345973,-0.12898439168930054,-0.018936858362204153,1.1913947725229934,-0.02569243311882019,-5.647183895111084,0.1318797618150711
16.372923612594604,-0.11784416506177658,1.9195333392169756,-0.11821240186691284,-0.014235175908308667,1.0052179660831375,-0.020008981227874756,-13.748152732849121,-1.5100247859954834
16.436119556427002,-0.11343356487518275,1.3243480445032905,-0.10469132661819458,-0.008951922890920248,0.8840415357412803,-0.01409253478050232,-31.070262908935547,-4.221902847290039
16.49914240837097,-0.11177064831461024,0.2569562004914342,-0.0971599817276001,-0.002539106310739375,2.7235735262152487,-0.01122426986694336,-35.56816101074219,5.007653713226318
16.562097549438477,-0.11125116428142384,-0.2139395976144026,-0.09726881980895996,0.0020747374207561666,0.5803166166764208,-0.007896453142166138,-31.666749954223633,6.345128536224365
16.625165224075317,-0.1109112609789195,-0.026545681368466575,-0.09856575727462769,0.009942171018401056,1.4581144648687674,-0.006231904029846191,-28.597614288330078,17.67011833190918
16.68825054168701,-0.11124000457828224,0.11689054850338997,-0.09758925437927246,0.013164009589236188,1.3472837911834872,0.0033113062381744385,-32.97502136230469,4.547080993652344
16.75126552581787,-0.10976318185360658,-0.13665073305724929,-0.09738701581954956,0.02038245874832051,1.6388843260876516,0.010257691144943237,-28.67782974243164,7.227967262268066
16.814295053482056,-0.10773053864719642,-0.00899064466786659,-0.1001201868057251,0.023829652268332592,0.5552716464128812,0.016220122575759888,-17.576990127563477,4.960742473602295
16.8769793510437,-0.10433869959913356,0.43044658134788516,-0.1007888913154602,0.02605286652919849,0.6652596792845032,0.020453453063964844,-11.034676551818848,1.8017618656158447
16.94499659538269,-0.10302269666279924,0.49832598022588137,-0.09827393293380737,0.025256054984146733,-0.33563376051618493,0.022754818201065063,-15.299348831176758,-1.9304413795471191
17.007197856903076,-0.10249435417090316,0.28953831195287233,-0.09505915641784668,0.02287483307956597,-0.5513498088126032,0.02299189567565918,-19.75049591064453,-4.165082931518555
17.06920623779297,-0.10212969722855661,-0.03066519723712357,-0.09491384029388428,0.02196974736777688,-0.4538375413209715,0.019882559776306152,-17.84048080444336,-1.3518811464309692
17.13164186477661,-0.10213319980124742,0.03145610341582625,-0.09531998634338379,0.016310524638758914,-3.5978485740459627,0.018739312887191772,-17.478052139282227,-0.5544403791427612
17.19456195831299,-0.101668732197906,0.1262532242106998,-0.09482407569885254,0.00914915155498893,-4.047234537575137,0.012958019971847534,-17.9988956451416,-0.9542802572250366
17.257407903671265,-0.10417519035789488,-0.08028742529924417,-0.09348231554031372,-0.001838994499995973,-4.8877230593414245,0.0055467188358306885,-27.054553985595703,-5.44045352935791
17.32048773765564,-0.10614391103237505,-0.19329492108647373,-0.09356170892715454,-0.00795184739120657,-2.6558244557830983,-0.005314379930496216,-30.220930099487305,-4.510315418243408
17.38333249092102,-0.10788659709532726,-0.2416999544932655,-0.09499824047088623,-0.016653921199261793,-3.033280726923294,-0.012770742177963257,-30.54593849182129,-5.677002906799316
17.446340799331665,-0.10939223060462597,-0.12003198367677434,-0.09630042314529419,-0.02274704174975713,-1.2063884422809505,-0.022006064653396606,-31.727624893188477,-2.254385232925415
17.509198665618896,-0.11017106034528484,-0.12279399641712002,-0.09724199771881104,-0.02681249907985286,-0.6442065794355323,-0.027882814407348633,-31.811960220336914,-0.1645631194114685
17.57219934463501,-0.10880973647300285,-0.03651693977426001,-0.0982019305229187,-0.027858148655157722,-0.04108640535655721,-0.03063163161277771,-27.449918746948242,-0.7502979040145874
17.63524889945984,-0.10787356245234897,-0.017791605914657317,-0.09878623485565186,-0.026779866299782604,0.5867512559964051,-0.03084734082221985,-24.151981353759766,-0.6398766040802002
17.698261499404907,-0.10709774021456911,0.06829824987910735,-0.09855091571807861,-0.02579959540964179,0.4167952852194636,-0.029046326875686646,-23.576313018798828,-3.7288153171539307
17.761162042617798,-0.10505444395160486,0.10560852427608161,-0.09839034080505371,-0.02311486758796051,0.31286963168170306,-0.026076465845108032,-19.496700286865234,-6.612220287322998
17.82409143447876,-0.1044469491991758,-0.07242273674339769,-0.09855085611343384,-0.02206831045546295,0.22926103124218342,-0.023480743169784546,-17.298892974853516,-9.230274200439453
17.8870906829834,-0.1039946266550442,0.0491984206945569,-0.09835958480834961,-0.011667071735169541,3.3067730979954644,-0.02252444624900818,-17.320695877075195,9.061981201171875
17.9499671459198,-0.10396325386885065,0.2195523344474207,-0.09668630361557007,-0.005282889029227837,3.598982581327632,-0.015612572431564331,-22.515588760375977,0.5744757056236267
18.012805461883545,-0.10388567894240827,0.2195055444755734,-0.09372329711914062,-0.0005215689372617739,1.0349662764882444,-0.009297162294387817,-28.507612228393555,5.160065650939941
18.07582116127014,-0.10389702632307724,-0.05383779035435379,-0.09256219863891602,0.006882717103591746,1.7071127655160163,-0.004319101572036743,-30.47385597229004,8.727435111999512
18.13920783996582,-0.10350859341926727,-0.09386324655812024,-0.09331798553466797,0.01009223180573651,0.7997524560313534,0.0017583668231964111,-27.70318603515625,6.135261058807373
18.20221471786499,-0.10281526752435885,-0.18112339585359238,-0.09475743770599365,0.011521890271464571,0.5383933636617997,0.006112962961196899,-22.110349655151367,1.3650813102722168
18.2651309967041,-0.10214029326839522,-0.030946065804998226,-0.09632217884063721,0.011651882380493335,0.06707626855582317,0.008380204439163208,-17.15814971923828,-1.1425085067749023
18.327986240386963,-0.10192263269971276,0.02991131166333482,-0.09671241044998169,0.011001696976782759,-0.3921864049836812,0.008296161890029907,-17.0884952545166,-1.9589486122131348
18.39106798171997,-0.10136513394717825,0.16038023568056725,-0.09612661600112915,0.009283128902490034,-0.5889196985035966,0.008419454097747803,-17.761592864990234,-2.6984050273895264
18.45398759841919,-0.1008778168986039,0.1658574360793774,-0.09543967247009277,0.008969335404499186,-0.17602569981123342,0.006673246622085571,-18.79499053955078,-2.0990192890167236
18.516968488693237,-0.10042851854275452,0.21683722871236866,-0.09443515539169312,0.005455413267400069,-1.8551514614762021,0.0054919421672821045,-19.338054656982422,-1.1005032062530518
18.580005884170532,-0.09962273367165536,0.05664188832200382,-0.09344220161437988,0.0033915786974711495,-1.1426284334606565,0.002356797456741333,-20.340097427368164,-0.36967188119888306
18.64303493499756,-0.09931208605494238,0.049058147331608286,-0.09277600049972534,0.0021072640248841036,-0.4421364437290039,9.524822235107422e-05,-21.36227798461914,-0.7358143925666809
18.70629906654358,-0.0996435296765121,0.11553315948268882,-0.09179180860519409,0.0023553072670227343,0.268162972212745,-0.001802206039428711,-23.74237060546875,1.3475996255874634
18.769066333770752,-0.10022862456140279,0.020502006905166438,-0.09086686372756958,0.003234965405994442,0.09036573712424222,-0.0020896494388580322,-28.044437408447266,2.4833285808563232
18.831836938858032,-0.10101619750917101,-0.09479928591363085,-0.09035372734069824,0.005215960100144398,0.291546231385062,-0.0021989941596984863,-30.475337982177734,5.992323398590088
18.894741773605347,-0.10269066201026722,-0.13459066352136992,-0.09045577049255371,0.009430267866342665,1.1332976844775087,-0.0007303059101104736,-33.484500885009766,8.088560104370117
18.95672345161438,-0.10418414460975395,-0.20818134139420366,-0.09156221151351929,0.0145229125602339,1.068273995316999,0.003626585006713867,-33.9340934753418,8.670639038085938
19.01900553703308,-0.10591571088923211,-0.38354425739211656,-0.09423315525054932,0.01969642112599246,1.05984758718042,0.009255170822143555,-30.765316009521484,6.998506546020508
19.08116054534912,-0.10764341651420549,-0.4435590086759726,-0.09802508354187012,0.02244949720270321,0.6230085453666121,0.015314221382141113,-26.15864372253418,4.023006439208984
19.14315176010132,-0.10913825682863151,-0.36154196947993855,-0.10194295644760132,0.023244857697677482,0.5112416041106012,0.019124835729599,-20.130571365356445,-0.7752619385719299
19.205297470092773,-0.11327504130487856,-0.4140665801979466,-0.10499024391174316,0.023260688589339048,0.2214434310934724,0.020315557718276978,-22.86529541015625,-1.9442821741104126
19.267184734344482,-0.1124726841149727,-0.09671868709868021,-0.10772162675857544,0.02359527389785021,0.008068091954128736,0.02070319652557373,-17.074234008789062,-1.1278984546661377
19.3290696144104,-0.1050282208533747,1.5530784929131405,-0.10872656106948853,0.025211332237425804,0.3663542443533601,0.02033132314682007,-2.864232063293457,0.25843915343284607
19.391088485717773,-0.09688647221735691,2.12158025548775,-0.10291850566864014,0.027093384899594602,0.392171822616267,0.022087812423706055,-2.106139898300171,0.3967698812484741
19.453076601028442,-0.09975376083446737,0.10462584124053165,-0.09276288747787476,0.028528937319812913,0.32565010534258776,0.02441611886024475,-25.963871002197266,-0.362528532743454
19.515496730804443,-0.0920346338879051,0.5888635224493527,-0.08773386478424072,0.031849710897613334,1.6639042043802956,0.02463337779045105,-21.733179092407227,0.05853971838951111
19.578203439712524,-0.08754449820725652,0.6847842286974989,-0.08593320846557617,0.032947126068788926,0.0005780115507868884,0.024486929178237915,-14.612014770507812,12.349408149719238
19.640064477920532,-0.08417998915701541,0.840204645438842,-0.08046013116836548,0.0275519324871588,-0.3868729694863365,0.026185691356658936,-22.892080307006836,-0.3639921545982361
19.702935218811035,-0.08203772011835803,0.42829372769574636,-0.07588982582092285,0.021562278392474876,-0.5780822141188713,0.02380618453025818,-22.271522521972656,-4.693933963775635
19.760109901428223,-0.07769388854007692,0.2721242968978185,-0.07604116201400757,0.015192958536003649,-1.7328279161066853,0.016938120126724243,-12.645411491394043,-3.090933322906494
19.82414960861206,-0.07359210007696187,1.0436555885586842,-0.07490497827529907,0.0012800461389175415,-1.9771001253103984,0.009806841611862183,-7.357873439788818,-10.734814643859863
19.881880521774292,-0.06710406032734498,1.7929973387932259,-0.07067787647247314,-0.0019356113945545278,-1.089870130356994,-0.0020118653774261475,-7.7991943359375,-2.8744828701019287
19.944697618484497,-0.0629355013994993,1.077127154212317,-0.0638895034790039,-0.004130562005155345,-1.5009853142917253,-0.0048715174198150635,-12.404007911682129,-0.5106465816497803
20.00722908973694,-0.057916648314746834,0.52767853032884,-0.057604968547821045,-0.005525240416067647,-0.6775379858338265,-0.007318288087844849,-14.580711364746094,-0.5095850229263306
20.07133960723877,-0.053733174231694325,0.327410896949483,-0.05368924140930176,-0.005206451152215963,-0.03584357321155413,-0.008745193481445312,-11.583686828613281,0.13124606013298035
20.135781288146973,-0.04718819530935766,1.3756092557613542,-0.0511016845703125,-0.0010989712364703947,0.6455252186821498,-0.008900314569473267,-5.503567695617676,4.183976173400879
20.199199438095093,-0.042657034710678055,1.2038041565322188,-0.04549175500869751,0.0019417730140371804,0.6255827194255799,-0.004509776830673218,-5.963871955871582,3.117347002029419
20.261195421218872,-0.03918538097725176,0.4268893263396499,-0.04015707969665527,0.004981511164284706,0.6302640572792348,-0.00043404102325439453,-10.999773979187012,0.4674294888973236
20.325621843338013,-0.035536693915601096,0.6531383848067918,-0.03780770301818848,0.005485526320879899,-0.09555397024069087,0.002041548490524292,-6.072920322418213,-0.3426591157913208
20.38987898826599,-0.03312936702658076,0.41448382784084287,-0.03578704595565796,0.007153996537942145,0.7089339399099056,0.0018019378185272217,-5.151843547821045,1.8709486722946167
20.454310655593872,-0.029276951983764826,0.6579602564228134,-0.03220009803771973,0.008523133771697208,0.3112075226767629,0.003644287586212158,-6.077732563018799,1.9609431028366089
20.518118619918823,-0.02656533824076148,0.5991158396023711,-0.0283200740814209,0.007783068568055203,-0.10358244125301977,0.004799693822860718,-7.488182067871094,0.5278984904289246
20.581716537475586,-0.025247825541300103,0.07635086489141647,-0.026228368282318115,0.006760019860043042,-0.08083115098760155,0.004196137189865112,-7.101035118103027,-0.4755744934082031
20.64507269859314,-0.023240803956482942,0.34538737474765346,-0.025656044483184814,0.0057352204547862174,0.03875360107732389,0.0030994415283203125,-3.8345046043395996,-0.7088348865509033
20.708343744277954,-0.02157406143494965,0.3351820582266858,-0.024878263473510742,0.004531562380974698,-0.44143466437136253,0.0028117895126342773,-1.5469807386398315,-0.7890514731407166
20.772502899169922,-0.018927268887610003,0.2616382405457671,-0.0234910249710083,0.003557323512908761,-0.1176265484407416,0.0015754997730255127,-0.5542531609535217,-3.172743082046509
20.82778525352478,-0.017203667483065236,0.22268950960335823,-0.021494269371032715,0.0036132924703278224,0.07749156648621656,0.0007859468460083008,-0.9697376489639282,-1.3753849267959595
20.884800910949707,-0.015589251275499115,0.42520418515246966,-0.019219517707824707,0.004773595032929632,0.3036703814788643,0.0006937980651855469,-0.5205475091934204,-0.04117637872695923
20.946922063827515,-0.014126662465264755,0.37693959188128756,-0.016941487789154053,0.005317418073188236,0.0948358881239741,0.0011425614356994629,-2.6777472496032715,0.8705321550369263
21.009006023406982,-0.013667267885325277,0.060340777207001435,-0.01559680700302124,0.0061942179349537985,0.10150680626877698,0.0017719566822052002,-3.610013484954834,0.6305092573165894
21.071003675460815,-0.013048096093916548,-0.04737682436061501,-0.015577137470245361,0.006508662037754012,0.054412570867697865,0.002936452627182007,-1.3960082530975342,-0.35794124007225037
21.13310670852661,-0.013034866140257489,0.014463620890722855,-0.01577979326248169,0.005775293122687471,-0.005602177856051461,0.0029650330543518066,-0.8401588797569275,-0.6647982597351074
21.195080757141113,-0.013012306327188678,0.011748461027701877,-0.015494823455810547,0.0055771786708964655,-0.05096437932810809,0.0023803412914276123,-1.7106306552886963,-0.46532323956489563
21.25700306892395,-0.012863988370259797,0.06614563029386121,-0.014794349670410156,0.00550972001530218,0.0288290009807506,0.0022714734077453613,-2.8822779655456543,-0.2867046594619751
21.319173574447632,-0.01275555935304524,0.08393471998942219,-0.014403343200683594,0.005555511623038474,0.035757381004159865,0.002139836549758911,-3.210085868835449,-0.0018284767866134644
