time,Ref_0,Position_0,Ref_1,Position_1,Current_0,Current_1,Optimized_Reduction_Ratio_0,Optimized_Reduction_Ratio_1
0.0558090209960937,0.0072532013382229,0.0066667795181274,-0.0105371933804227,-0.0149112343788146,5.507068157196045,-0.5274673700332642,33.0,33.0
0.1187062263488769,0.0071479007561824,0.0105215907096862,-0.0105375142339715,-0.0166194140911102,-3.200662612915039,0.7052870392799377,33.0,33.0
0.1819682121276855,0.0068962775505562,0.0112743377685546,-0.0105099618865935,-0.0157746374607086,-1.8391437530517576,-0.3498632609844208,33.0,33.0
0.2452802658081054,0.0063851357741078,0.0096179246902465,-0.0105674581617804,-0.0155955851078033,-0.1028759032487869,-1.3407042026519775,33.0,33.0
0.3085222244262695,0.0060880938389063,0.0075976252555847,-0.0104873663939432,-0.0151420533657073,4.265655040740967,-1.463304042816162,33.0,33.0
0.371624231338501,0.004682055171275,0.0072275400161743,-0.0101790997690184,-0.0153770148754119,0.6507472395896912,-0.9715054631233216,33.0,33.0
0.4347591400146484,0.0039911603164577,0.0077606439590454,-0.0098971846815509,-0.0154524743556976,-2.1312408447265625,0.0792984887957573,33.0,33.0
0.4981694221496582,0.0027798434063882,0.0072620511054992,-0.0085221435917603,-0.0152083933353424,-2.43356990814209,1.6574186086654663,33.0,33.0
0.5615115165710449,0.002109706833744,0.0056210160255432,-0.0059939082583259,-0.0134884715080261,-0.5048387050628662,1.564024806022644,33.0,33.0
0.6239769458770752,0.0012417728691478,0.0049083232879638,-0.0040010814385006,-0.0108068585395812,-0.4645152986049652,0.3480989336967468,33.0,33.0
0.686152458190918,-0.0003001265709053,0.0041369199752807,-0.0020912575031607,-0.0090677440166473,-2.597742795944214,0.760489284992218,33.0,33.0
0.7486770153045654,-0.0023167870974375,0.0026205778121948,-0.0017779535498106,-0.0074011385440826,-2.8449923992156982,0.1478963941335678,33.0,33.0
0.8108458518981934,-0.0044612148327237,0.0011578202247619,-0.001516347884398,-0.0074003636837005,-5.060243606567383,1.1418821811676023,33.0,33.0
0.8730411529541016,-0.0082784506736686,-0.0005990862846374,-0.0018905062441724,-0.0067843794822692,-7.089700698852539,-0.7666274309158325,33.0,33.0
0.9349710941314696,-0.0106607742852939,-0.0043744444847106,-0.002296669386946,-0.0071023106575012,-5.198191165924072,-0.5495157241821289,33.0,33.0
0.9973211288452148,-0.0123046317767878,-0.0077899098396301,-0.0030661406007067,-0.0075258314609527,-1.0251375436782837,-1.0122755765914917,33.0,33.0
1.0596346855163574,-0.0196771786398838,-0.0095658898353576,-0.0095088594084743,-0.0077076852321624,-10.852038383483888,-0.357038140296936,33.0,33.0
1.1219799518585205,-0.0261747028157741,-0.0143455862998962,-0.0158315679240356,-0.0138689875602722,-14.498023986816406,-2.0215373039245605,33.0,33.0
1.18434739112854,-0.0369907577151901,-0.0214931964874267,-0.0196543589468911,-0.0204426944255828,-17.80974578857422,-0.0728025436401367,33.0,33.0
1.2468130588531494,-0.0435701598005648,-0.0310535430908203,-0.0198972787447737,-0.0246672630310058,-14.76186466217041,-2.490208387374878,33.0,33.0
1.3092236518859863,-0.0516347365171316,-0.0386568307876586,-0.0165705571087166,-0.0248752236366271,-14.963142395019531,1.229800581932068,33.0,33.0
1.3714144229888916,-0.0563833698328123,-0.0449532270431518,-0.0138141502861692,-0.0217258632183074,-14.864136695861816,1.0649311542510986,33.0,33.0
1.4342641830444336,-0.0601211833316486,-0.0491265058517456,-0.010863844067249,-0.0182359814643859,-15.315921783447266,-0.3755849003791809,33.0,33.0
1.4977247714996338,-0.0649542746108178,-0.0529929995536804,-0.0058628282250414,-0.0141122639179229,-16.79515838623047,-0.7104525566101074,33.0,33.0
1.5605792999267578,-0.0664410139643572,-0.0578780770301818,-0.0036649775697976,-0.0101011097431182,-11.42674446105957,-0.5043706297874451,33.0,33.0
1.623064041137695,-0.0666506961087333,-0.0605044364929199,0.0011485224355691,-0.0081288814544677,-8.66373348236084,1.86647629737854,33.0,33.0
1.686091423034668,-0.0668475778662501,-0.0601858496665954,0.0033684804422554,-0.0036612451076507,-10.552457809448242,-0.9940901398658752,33.0,33.0
1.7481255531311035,-0.0675539776202262,-0.0588973760604858,0.0052357816652502,-0.0008484423160552,-14.71388053894043,-0.5390926003456116,33.0,33.0
1.8108620643615725,-0.0680229736467996,-0.0592560172080993,0.0048772202953132,-7.605552673339844e-05,-14.797954559326172,-0.7257910370826721,33.0,33.0
1.8735599517822263,-0.0683585788958643,-0.0603709816932678,0.0033769047620118,-0.0004679858684539,-12.689169883728027,-1.7784191370010376,33.0,33.0
1.9368276596069336,-0.0707309412560128,-0.0611606240272522,0.0023478427825081,-0.001400202512741,-15.519657135009766,-1.5243648290634155,33.0,33.0
1.9998137950897217,-0.0739499714722372,-0.0621128678321838,-0.002622982686382,-0.002332180738449,-19.41775321960449,-0.9644758701324464,33.0,33.0
2.0630033016204834,-0.0768181629865811,-0.0650879144668579,-0.0100045317971289,-0.0072159469127655,-18.997394561767575,-3.767735958099365,33.0,33.0
2.1255011558532715,-0.0819188729122532,-0.0688709020614624,-0.0176729535706568,-0.0147179663181304,-21.570619583129883,-1.7208667993545532,33.0,33.0
2.1875014305114746,-0.0852157883212824,-0.0730608105659484,-0.0213808667966599,-0.0229032039642334,-20.194154739379883,-2.7812836170196533,33.0,33.0
2.249579429626465,-0.0877812526048974,-0.0757005810737609,-0.0226612230057689,-0.0265807211399078,-22.1142692565918,-0.8946527242660522,33.0,33.0
2.312427043914795,-0.0884557892882267,-0.0766414999961853,-0.0223293076781169,-0.0281057357788085,-23.50251007080078,0.3574880361557007,33.0,33.0
2.3747599124908447,-0.0883002320859633,-0.0767325758934021,-0.0203188145176585,-0.0273585617542266,-23.328168869018555,0.5148935317993164,33.0,33.0
2.4369444847106934,-0.0887635664254892,-0.0767956972122192,-0.0147126893197048,-0.0253442525863647,-23.976755142211918,5.692395687103272,33.0,33.0
2.498905897140503,-0.0890672924676046,-0.0773122906684875,-0.0116951930181291,-0.0200871527194976,-23.437084197998047,3.24575138092041,33.0,33.0
2.561269044876098,-0.0900374032570111,-0.0783022046089172,-0.0096380772309248,-0.0168473422527313,-22.67000961303711,-0.0928384214639663,33.0,33.0
2.6242876052856445,-0.0920987655387294,-0.0801361203193664,-0.0088954243336834,-0.0136541724205017,-22.51557159423828,-3.8977532386779785,33.0,33.0
2.6870784759521484,-0.0933952199321803,-0.0830315947532653,-0.0086006471001465,-0.0125142037868499,-18.711883544921875,-3.719546318054199,33.0,33.0
2.749270439147949,-0.095067858021861,-0.0855550765991211,-0.0069403765521865,-0.0126383006572723,-17.767494201660156,-0.8831227421760559,33.0,33.0
2.8117053508758545,-0.0966497743396194,-0.0864173769950866,-0.0045769242248028,-0.0117789506912231,-20.776933670043945,0.1255347430706024,33.0,33.0
2.874150037765503,-0.0982232446725499,-0.0864290595054626,-0.0060595094533313,-0.0097097754478454,-24.81619071960449,-1.1430407762527466,33.0,33.0
2.936199903488159,-0.0990584012412636,-0.0870094299316406,-0.0055179723735973,-0.010428637266159,-24.556547164916992,-1.4136762619018557,33.0,33.0
2.9986016750335693,-0.1000121825241037,-0.0886774063110351,-0.0049710727741232,-0.0104406177997589,-22.792924880981445,-0.6649366617202759,33.0,33.0
3.06128454208374,-0.1016378642085097,-0.0895813107490539,-0.0036656147644617,-0.0102863609790802,-24.837202072143555,0.2321372926235199,33.0,33.0
3.1235930919647217,-0.1009854006446296,-0.0899969935417175,-0.0024052747926458,-0.00940403342247,-23.667856216430664,2.2586655616760254,33.0,33.0
3.184027910232544,-0.0997322638076378,-0.0900155305862426,-0.0027383260771639,-0.0083371996879577,-21.05465507507324,0.2853455543518066,33.0,33.0
3.247152328491211,-0.0993204731463322,-0.0896586179733276,-0.0017143768999065,-0.0079063475131988,-21.331159591674805,0.0879588425159454,33.0,33.0
3.309586763381958,-0.0977551046864678,-0.0891891717910766,-0.0014956361315476,-0.0072033405303955,-18.82892227172852,0.281282365322113,33.0,33.0
3.3724443912506104,-0.0972350685796673,-0.0882996320724487,-0.0007973027881919,-0.0068223774433135,-20.4321403503418,-0.149984985589981,33.0,33.0
3.435633659362793,-0.0960822771397527,-0.08738374710083,2.914506634074233e-05,-0.0062586665153503,-20.102319717407227,0.6140892505645752,33.0,33.0
3.498870372772217,-0.0958553366368354,-0.0867912769317627,0.0006351515235723,-0.0056415498256683,-20.46259880065918,1.0429656505584717,33.0,33.0
3.5621471405029297,-0.0955101411602858,-0.0865317583084106,0.0006759043157724,-0.0050722360610961,-20.39104461669922,0.0464083552360534,33.0,33.0
3.625643730163574,-0.0952461131635881,-0.086301565170288,0.0011165873162603,-0.0049576461315155,-20.315073013305664,0.8919461369514465,33.0,33.0
3.6888465881347656,-0.0950136509649295,-0.0860054492950439,0.0012788108858481,-0.004716545343399,-20.285938262939453,1.1366008520126345,33.0,33.0
3.7521464824676514,-0.0951189003903216,-0.0855923891067504,0.0017631379066443,-0.0046625435352325,-21.859642028808597,2.017746686935425,33.0,33.0
3.815127372741699,-0.0948666951624306,-0.0852746963500976,0.0021287948912041,-0.0044391155242919,-21.632583618164062,1.4078779220581057,33.0,33.0
3.8783230781555176,-0.0938437820539777,-0.0851433277130127,0.0026669843706929,-0.0040456056594848,-20.649433135986328,1.4608834981918335,33.0,33.0
3.941600561141968,-0.0926792133995303,-0.084809124469757,0.003356089046894,-0.0029692649841308,-18.93794631958008,1.1599431037902832,33.0,33.0
4.004464626312256,-0.092274197341477,-0.0839918255805969,0.0037643865654902,-0.0019607543945312,-19.801122665405277,-0.2327699661254882,33.0,33.0
4.067111253738403,-0.0913112117242092,-0.0833297967910766,0.004209214782609,-0.0015117228031158,-18.952823638916016,0.1946025043725967,33.0,33.0
4.129303455352783,-0.0910836928085365,-0.0830044746398925,0.0053459659141414,-0.0013898313045501,-19.002195358276367,1.7936956882476809,33.0,33.0
4.191627264022827,-0.0901246532941302,-0.0825627446174621,0.0073656391323381,-0.0006432235240936,-18.347213745117188,0.5736212730407715,33.0,33.0
4.254276275634766,-0.089925165590349,-0.0816563367843627,0.0108412018151821,0.00150927901268,-20.282915115356445,1.717465877532959,33.0,33.0
4.317084074020386,-0.090322636770475,-0.0805519819259643,0.0144715067553195,0.0042654573917388,-23.345203399658203,5.412480354309082,33.0,33.0
4.378981113433838,-0.0906103582690901,-0.0802746415138244,0.0170538376200273,0.0071789324283599,-24.55059814453125,7.671013832092285,33.0,33.0
4.4419846534729,-0.0910407648168974,-0.080768883228302,0.0165930302722945,0.0099973976612091,-23.972862243652344,2.086831331253052,33.0,33.0
4.506219625473023,-0.0925668670420567,-0.0820975303649902,0.018123161866457,0.0107055604457855,-23.08930969238281,3.4441685676574707,33.0,33.0
4.569478988647461,-0.0946902791124928,-0.0841538906097412,0.0173028031925011,0.0118657946586608,-23.511178970336918,0.3562192916870117,33.0,33.0
4.632571220397949,-0.1004250776282738,-0.0861855745315551,0.0168628394641814,0.0114240646362304,-29.812667846679688,0.5450454950332642,33.0,33.0
4.695701122283936,-0.1055219723894541,-0.0900893807411193,0.0156713176136207,0.0107873678207397,-31.8631591796875,0.6191095113754272,33.0,33.0
4.758742332458496,-0.1193146747937919,-0.0956254601478576,0.0071718121495479,0.0090688169002532,-36.87006759643555,-7.604113578796387,33.0,33.0
4.821820497512817,-0.1265736387668886,-0.1042872071266174,-0.0033097674743773,0.0019913613796234,-37.30058670043945,-5.327322959899902,33.0,33.0
4.884752035140991,-0.1333957126149879,-0.1151524186134338,-0.0136776675491401,-0.0077890157699584,-28.21515846252441,-3.360669612884521,33.0,33.0
4.94771933555603,-0.1456418223686438,-0.1243361234664917,-0.0289978642849161,-0.0173102617263793,-34.231239318847656,-15.487960815429688,33.0,33.0
5.010788679122925,-0.1524457637176262,-0.1330565214157104,-0.0350470791634179,-0.0305590629577636,-32.600528717041016,-11.04195785522461,33.0,33.0
5.0729944705963135,-0.1546266862967716,-0.1398077607154846,-0.0381539535918627,-0.0398779511451721,-26.819766998291016,-0.7371419072151184,33.0,33.0
5.134989738464356,-0.156820227275419,-0.1422918438911438,-0.0390182030329822,-0.0435066223144531,-28.103199005126957,-0.009508691728115,33.0,33.0
5.19687294960022,-0.1557329039418099,-0.1418529152870178,-0.0385811297535724,-0.0447746515274047,-28.86570930480957,1.5384432077407837,33.0,33.0
5.258868455886841,-0.1516799360843046,-0.139505386352539,-0.0350734461050014,-0.0435015261173248,-28.547269821166992,3.841007232666016,33.0,33.0
5.320882081985474,-0.1506769802812843,-0.1355568766593933,-0.0323898427548728,-0.0398581027984619,-34.189640045166016,-0.1559594273567199,33.0,33.0
5.382980585098267,-0.146167602360435,-0.132339060306549,-0.0308532172490665,-0.0348489880561828,-29.757164001464844,-8.055285453796387,33.0,33.0
5.445226430892944,-0.1354393425893566,-0.1305017471313476,-0.024203739016751,-0.0316675305366516,-14.418902397155762,-4.872213363647461,33.0,33.0
5.508550643920898,-0.1260302744908648,-0.125659167766571,-0.0189368583622041,-0.0272898972034454,-6.703520774841309,-0.1013568043708801,33.0,33.0
5.571533918380737,-0.1178441650617765,-0.1151344180107116,-0.0142351759083086,-0.0216093659400939,-13.741223335266112,-1.8690156936645508,33.0,33.0
5.6346189975738525,-0.1134335648751827,-0.1022387146949768,-0.0089519228909202,-0.0160638689994812,-30.31536865234375,-3.83089542388916,33.0,33.0
5.697776556015015,-0.1117706483146102,-0.0948177576065063,-0.0025391063107393,-0.013198584318161,-35.62388229370117,5.008322715759277,33.0,33.0
5.760820865631104,-0.1112511642814238,-0.0949128866195678,0.0020747374207561,-0.0097434818744659,-30.812406539916992,6.175861835479736,33.0,33.0
5.82377552986145,-0.1109112609789195,-0.0963493585586547,0.009942171018401,-0.0079096257686614,-28.5485897064209,17.267051696777344,33.0,33.0
5.887011289596558,-0.1112400045782822,-0.0953549742698669,0.0131640095892361,0.0015752911567687,-32.51861953735352,4.400356769561768,33.0,33.0
5.950316905975342,-0.1097631818536065,-0.0951880812644958,0.0203824587483205,0.0085712969303131,-28.22291374206543,6.469661712646484,33.0,33.0
6.013385534286499,-0.1077305386471964,-0.0978611707687377,0.0238296522683325,0.0143399536609649,-17.25743865966797,5.321239471435547,33.0,33.0
6.076323986053467,-0.1043386995991335,-0.0984046459197998,0.0260528665291984,0.0184783041477203,-10.430834770202637,1.221215009689331,33.0,33.0
6.139320373535156,-0.1030226966627992,-0.0957837104797363,0.0252560549841467,0.0208782255649566,-15.497395515441896,-1.1295920610427856,33.0,33.0
6.202434062957764,-0.1024943541709031,-0.0923855900764465,0.0228748330795659,0.021025538444519,-20.36541748046875,-3.8271615505218506,33.0,33.0
6.265595197677612,-0.1021296972285566,-0.0921754240989685,0.0219697473677768,0.0177720785140991,-18.431453704833984,-1.5028178691864014,33.0,33.0
6.328732967376709,-0.1021331998012474,-0.0927212238311767,0.0163105246387589,0.0167541205883026,-17.712305068969727,-1.226535439491272,33.0,33.0
6.391934633255005,-0.101668732197906,-0.0923961400985717,0.0091491515549889,0.0111376643180847,-18.16029357910156,-1.5305532217025757,33.0,33.0
6.454946994781494,-0.1041751903578948,-0.0911323428153991,-0.0018389944999959,0.0036587417125701,-27.075084686279297,-6.037642478942871,33.0,33.0
6.518094301223755,-0.106143911032375,-0.0912386178970336,-0.0079518473912065,-0.0068787038326263,-29.6984920501709,-3.497201681137085,33.0,33.0
6.581063270568848,-0.1078865970953272,-0.0928042531013488,-0.0166539211992617,-0.0144693255424499,-29.87323760986328,-5.676568984985352,33.0,33.0
6.644025087356567,-0.1093922306046259,-0.0941996574401855,-0.0227470417497571,-0.0237005650997161,-31.45583915710449,-3.264770984649658,33.0,33.0
6.707215309143066,-0.1101710603452848,-0.0950134396553039,-0.0268124990798528,-0.0296551883220672,-31.43341827392578,-0.1434516906738281,33.0,33.0
6.770285606384277,-0.1088097364730028,-0.0957584381103515,-0.0278581486551577,-0.0324963629245758,-27.427940368652344,-0.3955985009670257,33.0,33.0
6.833469867706299,-0.1078735624523489,-0.0961605906486511,-0.0267798662997826,-0.0327262580394744,-24.291593551635746,-0.3867745697498321,33.0,33.0
6.896650552749634,-0.1070977402145691,-0.0960135459899902,-0.0257995954096417,-0.0312619507312774,-24.08403587341309,-4.406763553619385,33.0,33.0
6.960057735443115,-0.1050544439516048,-0.0958598852157592,-0.0231148675879605,-0.0282095372676849,-19.954587936401367,-7.112102031707764,33.0,33.0
7.023146629333496,-0.1044469491991758,-0.0960223674774169,-0.0220683104554629,-0.0249722898006439,-17.558210372924805,-4.390326499938965,33.0,33.0
7.086315870285034,-0.1039946266550442,-0.095895230770111,-0.0116670717351695,-0.0241901576519012,-17.535186767578125,3.613574504852295,33.0,33.0
7.1496100425720215,-0.1039632538688506,-0.0943641662597656,-0.0052828890292278,-0.0174420177936553,-22.2856388092041,0.2132984399795532,33.0,33.0
7.212578773498535,-0.1038856789424082,-0.0914437770843505,-0.0005215689372617,-0.0110916495323181,-28.85271453857422,4.951742649078369,33.0,33.0
7.275857448577881,-0.1038970263230772,-0.0902357697486877,0.0068827171035917,-0.0061361193656921,-30.34760093688965,8.935881614685059,33.0,33.0
7.339154481887817,-0.1035085934192672,-0.0909844040870666,0.0100922318057365,-3.057718276977539e-05,-27.80135154724121,6.056637763977051,33.0,33.0
7.402416229248047,-0.1028152675243588,-0.0923954844474792,0.0115218902714645,0.0042973458766937,-22.682472229003903,1.1236218214035034,33.0,33.0
7.465494871139526,-0.1021402932683952,-0.0939825177192688,0.0116518823804933,0.006569504737854,-17.378032684326172,-1.534419059753418,33.0,33.0
7.528645753860474,-0.1019226326997127,-0.0943590402603149,0.0110016969767827,0.0065425634384155,-17.26997184753418,-1.2230905294418335,33.0,33.0
7.591750860214233,-0.1013651339471782,-0.093690276145935,0.00928312890249,0.0064952373504638,-17.577436447143555,-3.018611192703247,33.0,33.0
7.654805660247803,-0.1008778168986039,-0.0929000973701477,0.0089693354044991,0.0047580301761627,-18.776460647583008,-1.7374043464660645,33.0,33.0
7.717827320098877,-0.1004285185427545,-0.0919377207756042,0.0054554132674,0.0036116540431976,-20.45705795288086,-1.833298921585083,33.0,33.0
7.78062891960144,-0.0996227336716553,-0.0910000801086425,0.0033915786974711,0.0004705488681793,-20.58451271057129,-0.3834410607814789,33.0,33.0
7.843562841415405,-0.0993120860549423,-0.0903772711753845,0.0021072640248841,-0.0017829537391662,-20.918611526489254,-0.5044767260551453,33.0,33.0
7.906741380691528,-0.0996435296765121,-0.0894137024879455,0.0023553072670227,-0.0036579370498657,-24.375362396240234,1.1562343835830688,33.0,33.0
7.970004081726074,-0.1002286245614027,-0.0884638428688049,0.0032349654059944,-0.0039816498756408,-28.009349822998047,2.728299379348755,33.0,33.0
8.03300166130066,-0.101016197509171,-0.0879872441291809,0.0052159601001443,-0.0039449632167816,-30.984390258789062,8.744819641113281,33.0,33.0
8.087928771972656,-0.1026906620102672,-0.0881102681159973,0.0094302678663426,-0.0027216672897338,-33.273067474365234,8.131954193115234,33.0,33.0
8.151050567626953,-0.1041841446097539,-0.0890898704528808,0.0145229125602339,0.0016810297966003,-35.182579040527344,8.766454696655273,33.0,33.0
8.21415901184082,-0.1059157108892321,-0.0916179418563842,0.0196964211259924,0.0073924660682678,-31.686939239501957,6.881330490112305,33.0,33.0
8.277113914489746,-0.1076434165142054,-0.0955217480659484,0.0224494972027032,0.0134302675724029,-26.430652618408203,3.919818878173828,33.0,33.0
8.339384317398071,-0.1091382568286315,-0.0995610952377319,0.0232448576976774,0.0172768533229827,-20.50978279113769,-0.5467560887336731,33.0,33.0
8.402112007141113,-0.1132750413048785,-0.102702260017395,0.023260688589339,0.0183630585670471,-22.47323608398437,-1.3609973192214966,33.0,33.0
8.46497917175293,-0.1124726841149727,-0.105347454547882,0.0235952738978502,0.0188654661178588,-16.51772689819336,-1.4826704263687134,33.0,33.0
8.527993440628052,-0.1050282208533747,-0.1062151193618774,0.0252113322374258,0.0184210240840911,-2.9169838428497314,-0.0393828153610229,33.0,33.0
8.58984112739563,-0.0968864722173569,-0.1004472374916076,0.0270933848995946,0.0201039612293243,-2.495961427688598,0.5137060284614563,33.0,33.0
8.652209520339966,-0.0997537608344673,-0.0902486443519592,0.0285289373198129,0.0224981009960174,-26.08190155029297,-0.6265377998352051,33.0,33.0
8.71466851234436,-0.0920346338879051,-0.0853579044342041,0.0318497108976133,0.0227467417716979,-21.576210021972656,0.3729332983493805,33.0,33.0
8.777378797531128,-0.0875444982072565,-0.083522081375122,0.0329471260687889,0.0225790441036224,-15.411664009094238,11.87551975250244,33.0,33.0
8.840291500091553,-0.0841799891570154,-0.0779359340667724,0.0275519324871588,0.0244379043579101,-22.730487823486328,-1.3273159265518188,33.0,33.0
8.903408288955688,-0.082037720118358,-0.0735206604003906,0.0215622783924748,0.0218921303749084,-23.55614852905273,-6.441411018371582,33.0,33.0
8.966526985168457,-0.0776938885400769,-0.0737730264663696,0.0151929585360036,0.0147724747657775,-12.27208137512207,-0.5064889788627625,33.0,33.0
9.02949833869934,-0.0735921000769618,-0.0723612308502197,0.0012800461389175,0.008021205663681,-9.944965362548828,-9.382554054260254,33.0,33.0
9.092443943023682,-0.0671040603273449,-0.0677810907363891,-0.0019356113945545,-0.0036500692367553,-8.689526557922363,-1.7675440311431885,33.0,33.0
9.155520915985107,-0.0629355013994993,-0.0615111589431762,-0.0041305620051553,-0.006785362958908,-11.513849258422852,-0.2998083829879761,33.0,33.0
9.218674421310425,-0.0579166483147468,-0.0557307600975036,-0.0055252404160676,-0.0091994702816009,-13.667988777160645,-0.5788928270339966,33.0,33.0
9.281825065612791,-0.0537331742316943,-0.0517793297767639,-0.0052064511522159,-0.0103088319301605,-11.502376556396484,-0.3547409474849701,33.0,33.0
9.344578742980955,-0.0471881953093576,-0.0487983226776123,-0.0010989712364703,-0.0104652941226959,-4.977446556091309,5.34598970413208,33.0,33.0
9.407528400421144,-0.042657034710678,-0.0430349111557006,0.0019417730140371,-0.0061001181602478,-7.152493476867676,2.3824753761291504,33.0,33.0
9.470632076263428,-0.0391853809772517,-0.0377666354179382,0.0049815111642847,-0.0024251341819763,-10.564196586608888,0.6815219521522522,33.0,33.0
9.533807277679443,-0.035536693915601,-0.0352195501327514,0.0054855263208798,2.086162567138672e-06,-5.907277584075928,-0.6380196213722229,33.0,33.0
9.59667420387268,-0.0331293670265807,-0.0331290364265441,0.0071539965379421,-0.0001052916049957,-5.042595386505127,2.194977045059204,33.0,33.0
9.6591215133667,-0.0292769519837648,-0.0297229290008544,0.0085231337716972,0.0017114877700805,-5.665520668029785,2.150716781616211,33.0,33.0
9.721502304077148,-0.0265653382407614,-0.0260141491889953,0.0077830685680552,0.0030756592750549,-7.080205917358398,0.0650097578763961,33.0,33.0
9.78380846977234,-0.0252478255413001,-0.0236636400222778,0.006760019860043,0.0022365748882293,-7.553783893585205,-0.3808744549751282,33.0,33.0
9.846225500106812,-0.0232408039564829,-0.0228720307350158,0.0057352204547862,0.0014420449733734,-4.281230926513672,-0.5751264691352844,33.0,33.0
9.90922784805298,-0.0215740614349496,-0.022134780883789,0.0045315623809746,0.0007111430168151,-2.422995090484619,-1.0037291049957275,33.0,33.0
9.972156286239624,-0.01892726888761,-0.0209623575210571,0.0035573235129087,-0.0003197491168975,-0.3629480600357055,-1.1564019918441772,33.0,33.0
10.034669876098633,-0.0172036674830652,-0.0190747380256652,0.0036132924703278,-0.0011376738548278,-0.5916938781738281,-1.434670329093933,33.0,33.0
10.097331523895264,-0.0155892512754991,-0.0167875885963439,0.0047735950329296,-0.0012152194976806,-1.157487154006958,-0.540172278881073,33.0,33.0
10.1603045463562,-0.0141266624652647,-0.0147070288658142,0.0053174180731882,-0.0006733834743499,-1.856229782104492,0.6080905199050903,33.0,33.0
10.223175764083862,-0.0136672678853252,-0.013321042060852,0.0061942179349537,-8.7738037109375e-05,-3.199636936187744,0.8165476322174072,33.0,33.0
10.28627347946167,-0.0130480960939165,-0.0132672786712646,0.006508662037754,0.0011193752288818,-1.5372596979141235,-0.3613650202751159,33.0,33.0
10.349470615386965,-0.0130348661402574,-0.0134403109550476,0.0057752931226874,0.0011209845542907,-0.9265090227127076,-0.3929232656955719,33.0,33.0
10.412582635879517,-0.0130123063271886,-0.0130678415298461,0.0055771786708964,0.0005517303943634,-2.1424527168273926,-0.542099118232727,33.0,33.0
10.475499629974363,-0.0128639883702597,-0.0124117732048034,0.0055097200153021,0.0004226267337799,-3.0573031902313232,-0.2640220522880554,33.0,33.0
10.538445234298706,-0.0127555593530452,-0.0122133493423461,0.0055555116230384,0.0002853274345397,-2.993018865585327,-0.0624050498008728,33.0,33.0
10.601633548736572,-0.0127207588320832,-0.0122849345207214,0.0055441995441754,0.0003397762775421,-2.145521879196167,0.1243289038538932,33.0,33.0
10.66458010673523,-0.0127293324884491,-0.0123599171638488,0.0055936572254445,0.0003093183040618,-2.3164799213409424,-0.2798076570034027,33.0,33.0
10.727540493011476,-0.0125399836280286,-0.0123831629753112,0.0052168270621179,0.000332236289978,-1.7515789270401,-0.5658777356147766,33.0,33.0
10.790600299835203,0.0072532013382229,-0.0121988654136657,-0.0105371933804227,-6.583333015441895e-05,17.266733169555664,-2.72304105758667,33.0,33.0
10.853920221328735,0.0072532013382229,0.0026760101318359,-0.0105371933804227,-0.014695405960083,2.547560453414917,-0.4945225417613983,33.0,33.0
10.916860342025757,0.0071479007561824,0.0112587213516235,-0.0105375142339715,-0.0169114768505096,-12.48439598083496,1.9047319889068604,33.0,33.0
10.979203701019289,0.0068962775505562,0.0105268359184265,-0.0105099618865935,-0.0161637067794799,-4.8434367179870605,0.6560665965080261,33.0,33.0
11.041203498840332,0.0063851357741078,0.0066021084785461,-0.0105674581617804,-0.0153204500675201,3.329551696777344,-2.3431522846221924,33.0,33.0
11.103200674057009,0.0060880938389063,0.0036677718162536,-0.0104873663939432,-0.0148000419139862,6.975892543792725,-3.4702725410461426,33.0,33.0
11.165679216384888,0.004682055171275,0.0043781399726867,-0.0101790997690184,-0.0152303278446197,1.1101317405700684,-0.694153904914856,33.0,33.0
11.227709770202637,0.0039911603164577,0.0054523944854736,-0.0098971846815509,-0.0152603983879089,-2.8869729042053223,-0.034184455871582,33.0,33.0
11.289613008499146,0.0027798434063882,0.0061371326446533,-0.0085221435917603,-0.0156820714473724,-6.360594272613525,1.491403341293335,33.0,33.0
11.35165810585022,0.002109706833744,0.0043529868125915,-0.0059939082583259,-0.013605922460556,-2.7034974098205566,0.5801690816879272,33.0,33.0
11.413730382919312,0.0012417728691478,0.0020510554313659,-0.0040010814385006,-0.0113753974437713,0.3903315961360931,1.615760087966919,33.0,33.0
11.47565460205078,-0.0003001265709053,0.0015801787376403,-0.0020912575031607,-0.009220153093338,-0.743765115737915,0.7174396514892578,33.0,33.0
11.537742376327516,-0.0023167870974375,0.0004348158836364,-0.0017779535498106,-0.007297545671463,-3.85040020942688,-0.112901896238327,33.0,33.0
11.599734544754028,-0.0044612148327237,-0.0010475516319274,-0.001516347884398,-0.0075838267803192,-4.610112190246582,1.188257932662964,33.0,33.0
11.662368774414062,-0.0082784506736686,-0.0025545954704284,-0.0018905062441724,-0.0068567395210266,-8.234644889831543,0.091418445110321,33.0,33.0
11.72536301612854,-0.0106607742852939,-0.0060155987739562,-0.002296669386946,-0.0072095692157745,-6.348618030548096,-0.3899507522583008,33.0,33.0
11.788427114486694,-0.0123046317767878,-0.0095238089561462,-0.0030661406007067,-0.0075111985206604,-2.694047689437866,-1.9915622472763064,33.0,33.0
11.85161519050598,-0.0196771786398838,-0.0115013718605041,-0.0095088594084743,-0.0078431665897369,-10.000633239746094,-0.4083168804645538,33.0,33.0
11.91476583480835,-0.0261747028157741,-0.0169304013252258,-0.0158315679240356,-0.0135287642478942,-14.22594165802002,-4.522615909576416,33.0,33.0
11.9775710105896,-0.0369907577151901,-0.0241603255271911,-0.0196543589468911,-0.0201541781425476,-15.919536590576172,-2.27786922454834,33.0,33.0
12.04066801071167,-0.0435701598005648,-0.0338502526283264,-0.0198972787447737,-0.0244443416595459,-13.681846618652344,-1.0989776849746704,33.0,33.0
12.103721380233765,-0.0516347365171316,-0.0410717725753784,-0.0165705571087166,-0.0248405635356903,-15.693050384521484,0.9549763798713684,33.0,33.0
12.166751861572266,-0.0563833698328123,-0.0466715097427368,-0.0138141502861692,-0.0217697620391845,-17.134803771972656,2.539329767227173,33.0,33.0
12.229613065719604,-0.0601211833316486,-0.0506743788719177,-0.010863844067249,-0.0186877846717834,-17.19818878173828,-0.2626703977584839,33.0,33.0
12.29272174835205,-0.0649542746108178,-0.0546056628227233,-0.0058628282250414,-0.0146562159061431,-17.923181533813477,-0.2126143127679824,33.0,33.0
12.35575795173645,-0.0664410139643572,-0.0595482587814331,-0.0036649775697976,-0.0101748406887054,-11.849360466003418,-1.952355146408081,33.0,33.0
12.419013023376465,-0.0666506961087333,-0.0626604557037353,0.0011485224355691,-0.0078734755516052,-7.908041000366211,0.7685823440551758,33.0,33.0
12.482206344604492,-0.0668475778662501,-0.0625908970832824,0.0033684804422554,-0.0036183297634124,-9.991652488708496,-0.4789530336856842,33.0,33.0
12.545225620269775,-0.0675539776202262,-0.0610457062721252,0.0052357816652502,-0.0007507503032684,-14.750133514404297,-1.1454110145568848,33.0,33.0
12.607359409332275,-0.0680229736467996,-0.0611141324043273,0.0048772202953132,-0.000139445066452,-15.187299728393556,-0.4757785201072693,33.0,33.0
12.670345067977903,-0.0683585788958643,-0.0619919896125793,0.0033769047620118,-0.0005156993865966,-14.079267501831056,-2.0379085540771484,33.0,33.0
12.733551025390623,-0.0707309412560128,-0.0626488327980041,0.0023478427825081,-0.0016517341136932,-16.746034622192383,-0.9091366529464722,33.0,33.0
12.796404361724854,-0.0739499714722372,-0.0639429092407226,-0.002622982686382,-0.0026197731494903,-20.49571418762207,-0.5465183258056641,33.0,33.0
12.859207391738892,-0.0768181629865811,-0.0668415427207946,-0.0100045317971289,-0.0072315633296966,-19.551233291625977,-3.011403083801269,33.0,33.0
12.922186613082886,-0.0819188729122532,-0.0708451867103576,-0.0176729535706568,-0.0144928395748138,-20.347562789916992,-1.2515358924865725,33.0,33.0
12.985341787338257,-0.0852157883212824,-0.075402557849884,-0.0213808667966599,-0.0224861502647399,-19.478553771972656,-1.0702612400054932,33.0,33.0
13.048250436782835,-0.0877812526048974,-0.077857494354248,-0.0226612230057689,-0.0267870128154754,-21.472360610961918,-0.918549120426178,33.0,33.0
13.111148357391356,-0.0884557892882267,-0.0783832073211669,-0.0223293076781169,-0.0280816256999969,-24.122432708740234,0.2665598094463348,33.0,33.0
13.17406129837036,-0.0883002320859633,-0.0783327221870422,-0.0203188145176585,-0.0276106595993042,-23.552610397338867,0.401320219039917,33.0,33.0
13.237035512924194,-0.0887635664254892,-0.0786921381950378,-0.0147126893197048,-0.0254366695880889,-23.541872024536133,4.801964282989502,33.0,33.0
13.300105571746826,-0.0890672924676046,-0.0794705748558044,-0.0116951930181291,-0.0201646089553833,-22.36452293395996,3.2269527912139893,33.0,33.0
13.363166093826294,-0.0900374032570111,-0.0803784728050232,-0.0096380772309248,-0.0169266462326049,-22.858661651611328,0.4840963780879974,33.0,33.0
13.4262797832489,-0.0920987655387294,-0.0814810395240783,-0.0088954243336834,-0.0136580467224121,-24.551271438598636,-4.653354167938232,33.0,33.0
13.489263534545898,-0.0933952199321803,-0.0840949416160583,-0.0086006471001465,-0.0123660564422607,-20.4421329498291,-4.426581382751465,33.0,33.0
13.55211067199707,-0.095067858021861,-0.0871655941009521,-0.0069403765521865,-0.0128185153007507,-17.499887466430664,-0.8481634259223938,33.0,33.0
13.615338563919067,-0.0966497743396194,-0.0882042646408081,-0.0045769242248028,-0.0120750665664672,-20.75361442565918,0.4230940341949463,33.0,33.0
13.677970170974731,-0.0982232446725499,-0.0879251956939697,-0.0060595094533313,-0.0096591114997863,-25.143075942993164,-1.4019805192947388,33.0,33.0
13.74105668067932,-0.0990584012412636,-0.0883771181106567,-0.0055179723735973,-0.0099692642688751,-25.4880428314209,-4.820172309875488,33.0,33.0
13.804248809814451,-0.1000121825241037,-0.0902755856513977,-0.0049710727741232,-0.0104501843452453,-22.794233322143555,-0.5650848150253296,33.0,33.0
13.86720585823059,-0.1016378642085097,-0.0913550853729248,-0.0036656147644617,-0.0103558301925659,-24.727357864379883,0.4246979653835296,33.0,33.0
13.929936170578005,-0.1009854006446296,-0.0916515588760376,-0.0024052747926458,-0.0094465315341949,-23.484533309936523,1.63014018535614,33.0,33.0
13.992204189300535,-0.0997322638076378,-0.0914378762245178,-0.0027383260771639,-0.0082743465900421,-21.99495506286621,0.403696745634079,33.0,33.0
14.054117202758787,-0.0993204731463322,-0.0910866260528564,-0.0017143768999065,-0.0079991221427917,-21.8897762298584,-0.2663350701332092,33.0,33.0
14.116447925567629,-0.0977551046864678,-0.0907874107360839,-0.0014956361315476,-0.0073940157890319,-18.989877700805664,0.3785441517829895,33.0,33.0
14.179204940795898,-0.0972350685796673,-0.0899358987808227,-0.0007973027881919,-0.0070215463638305,-20.183969497680664,0.3008399307727813,33.0,33.0
14.24236798286438,-0.0960822771397527,-0.0888009667396545,2.914506634074233e-05,-0.0062257349491119,-20.55767250061035,0.3268221914768219,33.0,33.0
14.305248498916626,-0.0958553366368354,-0.088011085987091,0.0006351515235723,-0.0055271685123443,-21.664201736450195,0.4112789332866668,33.0,33.0
14.368290424346924,-0.0955101411602858,-0.0878379344940185,0.0006759043157724,-0.0051538944244384,-20.731489181518555,0.3629222512245178,33.0,33.0
14.431212902069092,-0.0952461131635881,-0.0878321528434753,0.0011165873162603,-0.0050702691078186,-19.93148803710937,0.9868507385253906,33.0,33.0
14.494260787963867,-0.0950136509649295,-0.0876195430755615,0.0012788108858481,-0.0048040747642517,-20.72052383422852,0.9353030920028688,33.0,33.0
14.557226181030272,-0.0951189003903216,-0.0873422622680664,0.0017631379066443,-0.0046813488006591,-21.23915672302246,1.252974510192871,33.0,33.0
14.62032151222229,-0.0948666951624306,-0.0872702598571777,0.0021287948912041,-0.0044707655906677,-20.908523559570312,1.8293910026550293,33.0,33.0
14.683148622512816,-0.0938437820539777,-0.0872170329093933,0.0026669843706929,-0.0041182041168212,-19.43763542175293,1.6026477813720703,33.0,33.0
14.746196746826172,-0.0926792133995303,-0.0867938995361328,0.003356089046894,-0.0029919147491455,-17.676334381103516,0.6683799028396606,33.0,33.0
14.809456825256348,-0.092274197341477,-0.0857484936714172,0.0037643865654902,-0.0019862949848175,-19.439672470092773,-0.0673998892307281,33.0,33.0
14.87254810333252,-0.0913112117242092,-0.0847258567810058,0.004209214782609,-0.0014435052871704,-19.9175968170166,-0.5481687188148499,33.0,33.0
14.93579363822937,-0.0910836928085365,-0.0841214060783386,0.0053459659141414,-0.0013861060142517,-20.617223739624023,2.137694835662842,33.0,33.0
14.998864650726318,-0.0901246532941302,-0.0836836099624633,0.0073656391323381,-0.000625729560852,-19.461334228515625,0.4432762265205383,33.0,33.0
15.062004327774048,-0.089925165590349,-0.0829042196273803,0.0108412018151821,0.0012719929218292,-20.66706275939941,2.6759796142578125,33.0,33.0
15.12506628036499,-0.090322636770475,-0.0819005370140075,0.0144715067553195,0.0040850043296813,-23.47417259216309,5.324125289916992,33.0,33.0
15.18814992904663,-0.0906103582690901,-0.0814164876937866,0.0170538376200273,0.0072249770164489,-25.518518447875977,7.350507736206055,33.0,33.0
15.251060009002686,-0.0910407648168974,-0.0817903876304626,0.0165930302722945,0.0100812315940856,-25.03084373474121,1.363494038581848,33.0,33.0
15.314121007919312,-0.0925668670420567,-0.0832707285881042,0.018123161866457,0.0106279253959655,-23.722850799560547,3.674650430679321,33.0,33.0
15.377283334732056,-0.0946902791124928,-0.085487425327301,0.0173028031925011,0.0117208659648895,-23.5649356842041,0.8968173861503601,33.0,33.0
15.440406084060667,-0.1004250776282738,-0.0876044631004333,0.0168628394641814,0.0113915801048278,-30.020631790161133,0.7712811827659607,33.0,33.0
15.50329327583313,-0.1055219723894541,-0.0915185213088989,0.0156713176136207,0.0107888281345367,-32.0653076171875,0.525349497795105,33.0,33.0
15.56641697883606,-0.1193146747937919,-0.0971196889877319,0.0071718121495479,0.0092460513114929,-37.383079528808594,-8.65737247467041,33.0,33.0
15.629382610321043,-0.1265736387668886,-0.1057299375534057,-0.0033097674743773,0.0019828975200653,-36.25448989868164,-3.4927749633789062,33.0,33.0
15.692512035369871,-0.1333957126149879,-0.1159000992774963,-0.0136776675491401,-0.0076505541801452,-27.79897117614746,-5.237313747406006,33.0,33.0
15.755695819854736,-0.1456418223686438,-0.1247569322586059,-0.0289978642849161,-0.0172977447509765,-34.38492584228516,-19.383174896240234,33.0,33.0
15.81884789466858,-0.1524457637176262,-0.1331639289855957,-0.0350470791634179,-0.0308247804641723,-33.38254928588867,-11.934557914733888,33.0,33.0
15.882187843322754,-0.1546266862967716,-0.1399223804473877,-0.0381539535918627,-0.0401496887207031,-27.02863502502441,-0.9573827981948853,33.0,33.0
15.945350885391235,-0.156820227275419,-0.1425179243087768,-0.0390182030329822,-0.0441195964813232,-29.189191818237305,0.5221801400184631,33.0,33.0
16.00836944580078,-0.1557329039418099,-0.1420739889144897,-0.0385811297535724,-0.045085072517395,-30.397836685180664,1.6079719066619873,33.0,33.0
16.071470737457275,-0.1516799360843046,-0.1398370862007141,-0.0350734461050014,-0.0435870885848999,-28.829011917114254,3.262513399124145,33.0,33.0
16.13469958305359,-0.1506769802812843,-0.1359977126121521,-0.0323898427548728,-0.039576381444931,-34.0672492980957,-3.2773001194000244,33.0,33.0
16.19763445854187,-0.146167602360435,-0.1331963539123535,-0.0308532172490665,-0.0344493091106414,-29.628305435180664,-8.12644100189209,33.0,33.0
16.260717630386353,-0.1354393425893566,-0.1317876577377319,-0.024203739016751,-0.0315608084201812,-12.839027404785156,-4.813116550445557,33.0,33.0
16.323827266693115,-0.1260302744908648,-0.1267658472061157,-0.0189368583622041,-0.0274661183357238,-5.60353946685791,0.4533437192440033,33.0,33.0
16.386813640594482,-0.1178441650617765,-0.11567884683609,-0.0142351759083086,-0.0218248069286346,-14.143166542053224,-1.488042950630188,33.0,33.0
16.449878931045532,-0.1134335648751827,-0.1023272275924682,-0.0089519228909202,-0.016014814376831,-30.687530517578125,-4.030048370361328,33.0,33.0
16.513050317764282,-0.1117706483146102,-0.0949434638023376,-0.0025391063107393,-0.0131914913654327,-35.378414154052734,4.348845958709717,33.0,33.0
16.576181173324585,-0.1112511642814238,-0.0950663685798645,0.0020747374207561,-0.0098218023777008,-31.48258209228516,6.633665561676025,33.0,33.0
16.639187812805176,-0.1109112609789195,-0.096209704875946,0.009942171018401,-0.0080392062664031,-28.792722702026367,17.2955265045166,33.0,33.0
16.702253103256226,-0.1112400045782822,-0.0951594114303588,0.0131640095892361,0.0014386177062988,-32.942222595214844,4.649450302124023,33.0,33.0
16.76542615890503,-0.1097631818536065,-0.0949882864952087,0.0203824587483205,0.0083622932434082,-28.740938186645508,7.697767734527588,33.0,33.0
16.828497409820557,-0.1077305386471964,-0.0977389812469482,0.0238296522683325,0.0142393708229064,-17.477439880371094,5.60630989074707,33.0,33.0
16.891743659973145,-0.1043386995991335,-0.0984606146812439,0.0260528665291984,0.0183813869953155,-10.67154598236084,1.2188349962234497,33.0,33.0
16.954797744750977,-0.1030226966627992,-0.0959086418151855,0.0252560549841467,0.0208581984043121,-15.33689308166504,-1.1752671003341677,33.0,33.0
17.017853498458862,-0.1024943541709031,-0.0926147103309631,0.0228748330795659,0.0211915373802185,-20.304607391357425,-4.834396839141846,33.0,33.0
17.08083939552307,-0.1021296972285566,-0.092618703842163,0.0219697473677768,0.0179608464241027,-17.477394104003906,-1.502982497215271,33.0,33.0
17.1438992023468,-0.1021331998012474,-0.0931175351142883,0.0163105246387589,0.0168101787567138,-16.979202270507812,-0.4771996140480041,33.0,33.0
17.20693612098694,-0.101668732197906,-0.0925302505493164,0.0091491515549889,0.0110463201999664,-18.39288711547852,-1.597414255142212,33.0,33.0
17.270071744918823,-0.1041751903578948,-0.0910637378692627,-0.0018389944999959,0.0039907097816467,-26.63971710205078,-4.626942157745361,33.0,33.0
17.33311176300049,-0.106143911032375,-0.0912162065505981,-0.0079518473912065,-0.0073005259037017,-29.557035446166992,-4.470147132873535,33.0,33.0
17.396257162094116,-0.1078865970953272,-0.0926722288131713,-0.0166539211992617,-0.014720469713211,-30.97568130493164,-4.985387802124023,33.0,33.0
17.459170818328857,-0.1093922306046259,-0.09381103515625,-0.0227470417497571,-0.024099051952362,-31.816184997558597,-0.6828583478927612,33.0,33.0
17.522252082824707,-0.1101710603452848,-0.0946657657623291,-0.0268124990798528,-0.0298223495483398,-32.94032669067383,-0.1728248447179794,33.0,33.0
17.585254192352295,-0.1088097364730028,-0.0956494212150573,-0.0278581486551577,-0.0325338244438171,-27.3440055847168,-0.2360317111015319,33.0,33.0
17.64788007736206,-0.1078735624523489,-0.0964356064796447,-0.0267798662997826,-0.0327611863613128,-23.890085220336918,0.0887018591165542,33.0,33.0
17.710983514785767,-0.1070977402145691,-0.0963132977485656,-0.0257995954096417,-0.0309333503246307,-23.27254295349121,-4.712549209594727,33.0,33.0
17.77418804168701,-0.1050544439516048,-0.0961570143699646,-0.0231148675879605,-0.0278185606002807,-19.08855628967285,-7.583896636962891,33.0,33.0
17.83730912208557,-0.1044469491991758,-0.0962440371513366,-0.0220683104554629,-0.025139957666397,-17.204654693603516,-9.29301643371582,33.0,33.0
17.900538206100464,-0.1039946266550442,-0.0959943532943725,-0.0116670717351695,-0.0245068669319152,-17.492918014526367,8.491225242614746,33.0,33.0
17.96369957923889,-0.1039632538688506,-0.0942403674125671,-0.0052828890292278,-0.0174935758113861,-22.251752853393555,0.519504964351654,33.0,33.0
18.026790380477905,-0.1038856789424082,-0.0912544131278991,-0.0005215689372617,-0.0113182663917541,-29.42432403564453,5.584957122802734,33.0,33.0
18.08981347084045,-0.1038970263230772,-0.0900589823722839,0.0068827171035917,-0.0062883496284484,-30.61133575439453,8.918465614318848,33.0,33.0
18.152384757995605,-0.1035085934192672,-0.0908771753311157,0.0100922318057365,-9.79006290435791e-05,-27.906312942504883,6.4229841232299805,33.0,33.0
18.215392351150516,-0.1028152675243588,-0.0923948884010315,0.0115218902714645,0.0042546689510345,-22.697168350219727,1.235857605934143,33.0,33.0
18.278285026550293,-0.1021402932683952,-0.0940423011779785,0.0116518823804933,0.0065429806709289,-17.408000946044922,-0.6906778812408447,33.0,33.0
18.341335773468018,-0.1019226326997127,-0.0944408774375915,0.0110016969767827,0.006562203168869,-17.204599380493164,-2.1563422679901123,33.0,33.0
18.404311418533325,-0.1013651339471782,-0.0937629342079162,0.00928312890249,0.0064483284950256,-17.370986938476562,-3.2889645099639893,33.0,33.0
18.4670729637146,-0.1008778168986039,-0.0930750370025634,0.0089693354044991,0.0047871768474578,-18.510059356689453,-1.3889862298965454,33.0,33.0
18.53024911880493,-0.1004285185427545,-0.0920968055725097,0.0054554132674,0.0035973489284515,-19.72273063659668,-1.6027100086212158,33.0,33.0
18.593491792678837,-0.0996227336716553,-0.0910537242889404,0.0033915786974711,0.0004743337631225,-20.263017654418945,-0.3664880990982055,33.0,33.0
18.65666103363037,-0.0993120860549423,-0.0903966426849365,0.0021072640248841,-0.0017165541648864,-21.683942794799805,-0.3443364202976227,33.0,33.0
18.71971583366394,-0.0996435296765121,-0.0894287824630737,0.0023553072670227,-0.0036835074424743,-24.14828109741211,1.2211791276931765,33.0,33.0
18.78279685974121,-0.1002286245614027,-0.0884382128715515,0.0032349654059944,-0.004055380821228,-27.93452262878418,1.6437381505966189,33.0,33.0
18.84601068496704,-0.101016197509171,-0.0879561305046081,0.0052159601001443,-0.0040017366409301,-30.866823196411133,5.742392539978027,33.0,33.0
18.90904211997986,-0.1026906620102672,-0.0881367325782775,0.0094302678663426,-0.002625435590744,-33.352294921875,8.344429969787598,33.0,33.0
18.97200584411621,-0.1041841446097539,-0.089188277721405,0.0145229125602339,0.0017469227313995,-34.531700134277344,8.177285194396973,33.0,33.0
19.03481650352478,-0.1059157108892321,-0.0918156504631042,0.0196964211259924,0.0074071586132049,-30.946273803710938,7.180447101593018,33.0,33.0
19.09793496131897,-0.1076434165142054,-0.0957212448120117,0.0224494972027032,0.0134720206260681,-25.8442440032959,3.923120260238648,33.0,33.0
19.16097092628479,-0.1091382568286315,-0.0996676683425903,0.0232448576976774,0.0172662436962127,-20.381977081298828,-0.6701963543891907,33.0,33.0
19.22407269477844,-0.1132750413048785,-0.1026713848114013,0.023260688589339,0.018419861793518,-22.527681350708008,-2.273754358291626,33.0,33.0
19.28720712661743,-0.1124726841149727,-0.1053423285484314,0.0235952738978502,0.0187957882881164,-17.131221771240234,-0.8878538608551025,33.0,33.0
19.350213050842285,-0.1050282208533747,-0.1062467098236084,0.0252113322374258,0.0183647274971008,-3.718571901321411,0.6127257347106934,33.0,33.0
19.41333246231079,-0.0968864722173569,-0.1003258824348449,0.0270933848995946,0.0198900699615478,-2.8597872257232666,0.8399154543876648,33.0,33.0
19.4766058921814,-0.0997537608344673,-0.0900489091873169,0.0285289373198129,0.0224024355411529,-27.222436904907227,-0.3160012662410736,33.0,33.0
19.53970074653625,-0.0920346338879051,-0.0852028131484985,0.0318497108976133,0.0227113962173461,-22.234548568725582,0.0876340568065643,33.0,33.0
19.60271143913269,-0.0875444982072565,-0.0836032032966613,0.0329471260687889,0.0222778916358947,-14.96700954437256,12.428889274597168,33.0,33.0
19.665684938430783,-0.0841799891570154,-0.0778669118881225,0.0275519324871588,0.0246331393718719,-22.54281234741211,-2.493441581726074,33.0,33.0
19.72890543937683,-0.082037720118358,-0.0735823512077331,0.0215622783924748,0.0219684243202209,-23.397199630737305,-6.129106521606445,33.0,33.0
19.792086601257324,-0.0776938885400769,-0.073986530303955,0.0151929585360036,0.0146920979022979,-12.750327110290527,-0.8614349365234375,33.0,33.0
19.85520076751709,-0.0735921000769618,-0.0725501775741577,0.0012800461389175,0.0080509185791015,-10.12949562072754,-10.036656379699709,33.0,33.0
19.918273210525516,-0.0671040603273449,-0.0677739977836608,-0.0019356113945545,-0.0034062266349792,-8.307159423828125,-0.8695878982543945,33.0,33.0
19.980255842208862,-0.0629355013994993,-0.0615777969360351,-0.0041305620051553,-0.0067771673202514,-11.21553897857666,-0.4948234558105469,33.0,33.0
